Site,Date,Block,Plot,Subplot,X,Y,AveFat,AirCar,BriMin,BroHor,BroDia,TaeCap,VulMyu,Bare,Gopher,TriWhite,MadGra,NavPub,TriPlate,ClaPur,LolMul,AnaArv,SilGal,TriHir,GalPar,
MCL,5/22/2017,1,1,1,1,1,,4,,3,,3,2,,,3,1,,,,,,,2,,
,,,,2,2,1,,4,,3,,2,3,2,2,0,2,,,,,,,4,,
,,,,3,3,1,,3,2,3,,3,2,3,3,5,,,,,,,,2,,
,,,,4,4,1,,3,,3,,3,2,3,3,4,,,,,,,,2,,
,,,,5,5,1,,3,2,2,,3,2,3,3,4,,,,,,,,2,,
,,,,6,6,1,,4,1,3,,3,2,4,4,4,2,1,3,,,,,1,,
,,,,7,7,1,,4,1,2,,3,2,,,3,,,,1,,,,2,,
,,,,8,8,1,,4,,2,,4,1,4,4,2,1,,,,,,,4,,
,,,,9,1,2,,3,,2,,3,2,,,6,1,,,,,,,2,,
,,,,10,2,2,,4,2,2,,3,3,,,5,2,,,,1,,,2,,
,,,,11,3,2,,3,,2,,3,4,,,5,2,,,,,,,3,,
,,,,12,4,2,,3,,3,,3,3,,,3,1,,2,,,,,2,,
,,,,13,5,2,,3,2,3,,2,2,,,6,2,,,,,2,1,1,,
,,,,14,6,2,,4,,2,,3,2,,,4,,,,,,,,1,,
,,,,15,7,2,,4,2,2,,4,2,2,2,4,,,,1,,,2,1,1,
,,,,16,8,2,,4,1,3,,4,2,,,2,,1,,1,,,,,1,
Site,Date,Block,Plot,Subplot,X,Y,AveFat,AirCar,BriMin,BroHor,BroDia,TaeCap,VulMyu,Bare,Gopher,TriWhite,TriHir,MadGra,ClaPur,LolMul,NavPub,TriPlate,GalPar,SilGal,AnaArv,TriRefLarge
MCL,5/22/2017,1,1,1,1,3,,2,,3,,3,2,,,6,1,,,,,,,,,
,,,,2,2,3,,3,,3,,2,2,,,3,,2,1,,,,,,,
,,,,3,3,3,,3,,3,,3,2,,,,1,2,,1,,,,,,
,,,,4,4,3,,3,,3,,3,2,3,3,4,,1,1,1,1,,,,,
,,,,5,5,3,,3,,3,,3,2,,,5,2,2,,2,,,,,,
,,,,6,6,3,,4,1,3,,3,2,3,3,,2,,2,2,2,1,,,,
,,,,7,7,3,,3,,2,,3,2,,,3,1,,,,1,4,,,,
,,,,8,8,3,,3,1,3,,3,2,,,3,2,,,,,3,1,,,
,,,,9,1,4,,2,1,3,,3,4,,,3,1,2,,,,,,,,
,,,,10,2,4,,4,1,3,,3,3,,,2,1,2,,,,,,1,,
,,,,11,3,4,,4,2,3,,3,3,,,,,2,1,,,2,1,2,1,
,,,,12,4,4,,3,,3,,3,3,,,,,1,1,1,2,2,,1,,
,,,,13,5,4,,3,,3,,4,2,,,,2,2,,,,3,,,,
,,,,14,6,4,,3,,2,,3,2,,,3,3,2,,,,1,,,,1
,,,,15,7,4,,3,,2,,3,2,,,6,2,,1,,,3,,,,
,,,,16,8,4,,4,,2,,3,2,,,3,3,,2,,,2,,,,
Site,Date,Block,Plot,Subplot,X,Y,AveFat,AirCar,BriMin,BroHor,BroDia,TaeCap,VulMyu,Bare,Gopher,MadGra,TriWhite,TriHir,ClaPur,TriPlate,GalPar,LolMul,TriRefLarge,SilGal,,
MCL,5/22/2017,1,1,1,1,5,1,2,,3,,2,4,,,2,2,2,2,,,,,,,
,,,,2,2,5,,3,,3,,4,2,,,,,1,1,2,,,,,,
,,,,3,3,5,,2,,3,,4,2,,,1,,,,2,1,,,,,
,,,,4,4,5,,1,1,3,,4,3,,,1,,,,,1,,,,,
,,,,5,5,5,,3,,3,,4,3,,,,4,2,,,,1,,,,
,,,,6,6,5,,2,,3,,4,2,,,,3,4,,2,,,,,,
,,,,7,7,5,,3,,4,,4,3,,,,,4,,2,,,1,,,
,,,,8,8,5,,3,1,3,,2,3,,,,,2,1,,,,,,,
,,,,9,1,6,,2,,3,,3,3,2,2,1,,4,,,,1,,,,
,,,,10,2,6,1,3,,3,,4,2,,,2,,2,,4,,1,,,,
,,,,11,3,6,,2,2,4,,3,2,,,,,,,3,,,,,,
,,,,12,4,6,,1,,3,,4,3,,,,,1,,2,,,,1,,
,,,,13,5,6,,2,2,2,,4,4,,,,2,1,,3,,,,2,,
,,,,14,6,6,,2,2,3,,3,5,,,,,2,,,,,,2,,
,,,,15,7,6,,2,,3,,3,4,,,,,2,1,2,,,,,,
,,,,16,8,6,,3,1,3,,3,3,,,,,1,1,1,1,,,,,
Site,Date,Block,Plot,Subplot,X,Y,AveFat,AirCar,BriMin,BroHor,BroDia,TaeCap,VulMyu,Bare,Gopher,TriHir,TriWhite,TriPlate,ClaPur,MadGra,TriCupcake,LolMul,CynEch,SilGal,,
MCL,5/22/2017,1,1,1,1,7,,2,2,3,,5,2,,,3,,1,,1,,,,,,
,,,,2,2,7,2,1,1,3,,4,2,,,2,,3,,1,2,,,,,
,,,,3,3,7,2,2,1,3,,4,2,,,,,4,,,,,,,,
,,,,4,4,7,,3,,4,,4,2,,,1,,3,,,,1,,,,
,,,,5,5,7,,2,1,3,,4,3,,,2,2,2,,,,1,,,,
,,,,6,6,7,,2,,3,,3,4,,,1,2,2,,,,,,,,
,,,,7,7,7,,2,1,3,,4,5,,,,4,2,,,,,,,,
,,,,8,8,7,,3,1,2,,4,4,,,,,2,,,,,,,,
,,,,9,1,8,,,,2,,5,2,,,2,,1,2,,,,,,,
,,,,10,2,8,,1,2,4,,4,2,,,,,1,,1,,,1,,,
,,,,11,3,8,,1,2,4,1,4,3,,,,2,2,,,,,,,,
,,,,12,4,8,,1,2,4,,4,3,,,3,,2,,,,,,,,
,,,,13,5,8,,2,2,4,,4,3,,,3,,2,,,,,,2,,
,,,,14,6,8,,,,3,,3,4,,,,,2,,1,,,,,,
,,,,15,7,8,,2,,2,,3,3,3,3,2,,1,,,,,,,,
,,,,16,8,8,,3,,2,,3,3,,,2,2,2,1,,,,,,,
Site,Date,Block,Plot,Subplot,X,Y,AveFat,AirCar,BriMin,BroHor,BroDia,TaeCap,VulMyu,Bare,Gopher,TriWhite,TriHir,TriPlate,ClaPur,AnaArv,NavPub,MadGra,,,,
MCL,5/22/2017,1,2,1,1,1,,3,,2,,3,2,,,6,1,,,,,,,,,
,,,,2,2,1,,4,,2,,4,2,,,3,,2,,,,,,,,
,,,,3,3,1,,3,1,2,,4,3,4,4,4,,2,2,1,1,,,,,
,,,,4,4,1,,3,2,2,,3,4,4,4,,,3,,2,2,,,,,
,,,,5,5,1,,2,,2,,3,4,,,4,,2,,,2,,,,,
,,,,6,6,1,,3,,2,,4,3,,,3,,2,,,,,,,,
,,,,7,7,1,,2,,2,,3,2,4,4,3,,2,,,,,,,,
,,,,8,8,1,1,3,,2,,3,3,2,2,,,3,,,,,,,,
,,,,9,1,2,,4,1,2,,3,2,,,5,,,,,1,,,,,
,,,,10,2,2,,4,,2,,4,3,3,3,2,2,2,,,,,,,,
,,,,11,3,2,,4,1,2,,3,3,,,4,,,,1,1,,,,,
,,,,12,4,2,,3,,2,,3,4,,,4,,2,,,1,,,,,
,,,,13,5,2,,3,,2,,3,4,,,2,,2,,,,,,,,
,,,,14,6,2,,2,,2,,3,3,,,4,1,3,,,,,,,,
,,,,15,7,2,,4,,2,,4,2,2,2,4,3,2,,,,,,,,
,,,,16,8,2,1,4,,2,,4,2,,,3,1,,,,,,,,,
Site,Date,Block,Plot,Subplot,X,Y,AveFat,AirCar,BriMin,BroHor,BroDia,TaeCap,VulMyu,Bare,Gopher,TriWhite,TriHir,TriPlate,ClaPur,MadGra,NavPub,GalPar,SilGal,,,
MCL,5/22/2017,1,2,1,1,3,,5,,2,,4,3,,,,,2,,,,,,,,
,,,,2,2,3,,4,1,2,,4,2,,,3,2,3,,,,,,,,
,,,,3,3,3,,4,,2,,4,4,,,4,2,,,1,,,,,,
,,,,4,4,3,,3,,2,,3,4,,,2,1,,2,,,,,,,
,,,,5,5,3,,4,1,2,,3,4,,,,3,,2,1,,,,,,
,,,,6,6,3,,3,1,2,,3,3,,,4,,,2,,1,,,,,
,,,,7,7,3,,4,,1,,3,4,,,3,2,2,1,,,,,,,
,,,,8,8,3,1,3,,,,3,3,,,2,,,,,1,1,,,,
,,,,9,1,4,1,5,1,2,,4,2,,,,2,2,1,,,,,,,
,,,,10,2,4,,4,1,2,,4,3,,,,3,,,,,,,,,
,,,,11,3,4,,3,,2,,4,4,,,2,,,2,,,1,,,,
,,,,12,4,4,,3,1,1,,3,4,4,4,3,,,,,,,,,,
,,,,13,5,4,,4,2,1,,3,4,,,2,,,,,,,,,,
,,,,14,6,4,,4,2,,,2,4,,,3,,1,,,,1,,,,
,,,,15,7,4,,4,2,,,2,5,,,,,,,,1,1,,,,
,,,,16,8,4,,4,,1,,3,3,,,2,1,,,,,,1,,,
Site,Date,Block,Plot,Subplot,X,Y,AveFat,AirCar,BriMin,BroHor,BroDia,TaeCap,VulMyu,Bare,Gopher,TriWhite,TriHir,TriPlate,ClaPur,MadGra,NavPub,GalPar,SilGal,TriRefLarge,,
MCL,5/22/2017,1,2,1,1,5,1,3,,1,,4,2,,,3,3,2,2,,,,,,,
,,,,2,2,5,1,2,,1,,4,3,,,3,4,2,,1,,,,,,
,,,,3,3,5,1,2,1,2,,3,6,3,3,3,,,,1,,,,,,
,,,,4,4,5,,4,2,1,,3,5,,,3,1,1,,,,,,,,
,,,,5,5,5,,3,1,2,,3,4,,,,,,1,,1,,1,,,
,,,,6,6,5,,3,,2,,3,5,,,,,1,2,,,,2,,,
,,,,7,7,5,,3,,2,,3,3,,,,,,2,,,,,,,
,,,,8,8,5,,2,,1,,3,5,,,,,,,,,,,,,
,,,,9,1,6,,3,,1,,4,3,3,3,,2,2,,2,,,,,,
,,,,10,2,6,,2,,1,,4,3,2,2,2,2,1,2,2,,,,,,
,,,,11,3,6,1,3,1,,,3,5,3,3,2,,,,1,2,,,,,
,,,,12,4,6,,2,,,,4,3,3,3,,,2,2,,2,,,,,
,,,,13,5,6,,2,,,,4,3,,,,,2,2,,2,,,,,
,,,,14,6,6,,3,,1,,3,5,,,,,,2,,,,,2,,
,,,,15,7,6,,3,,2,,3,5,2,2,,3,,,,,,,,,
,,,,16,8,6,,2,,3,,3,5,,,5,,,1,,,,,,,
Site,Date,Block,Plot,Subplot,X,Y,AveFat,AirCar,BriMin,BroHor,BroDia,TaeCap,VulMyu,Bare,Gopher,TriWhite,TriHir,TriPlate,ClaPur,MadGra,NavPub,GalPar,SilGal,TriRefLarge,,
MCL,5/22/2017,1,2,1,1,7,,4,,2,,4,4,,,,2,,2,1,,,,,,
,,,,2,2,7,,2,1,2,,3,5,3,3,,,1,,,,,,,,
,,,,3,3,7,,2,1,1,,4,4,,,,,,1,,,,,,,
,,,,4,4,7,,3,,2,,4,4,,,,,,2,2,1,,,,,
,,,,5,5,7,,2,,2,,4,2,,,,,,2,,1,,,,,
,,,,6,6,7,,3,,2,,4,2,,,,,,2,,2,,,,,
,,,,7,7,7,,2,,2,,4,2,,,,,,3,,2,,,,,
,,,,8,8,7,,2,,2,,3,1,,,,,,3,,,,,,,
,,,,9,1,8,,2,,3,,4,6,,,,2,3,,,1,,,,,
,,,,10,2,8,,2,,2,,3,5,,,,,,2,,,,,3,,
,,,,11,3,8,,3,,1,,4,5,,,,,,,,,,,,,
,,,,12,4,8,,2,,,,4,5,,,,,2,2,,,,,,,
,,,,13,5,8,,2,,,,3,5,,,,,,,,1,,,,,
,,,,14,6,8,,3,,1,,3,5,,,,,,2,,,,,,,
,,,,15,7,8,,1,,,,3,5,,,,,,3,,2,,,,,
,,,,16,8,8,,2,,1,,4,3,,,,,,2,,,,,,,
Site,Date,Block,Plot,Subplot,X,Y,AveFat,AirCar,BriMin,BroHor,BroDia,TaeCap,VulMyu,Bare,Gopher,ClaPur,TriPlate,MadGra,,,,,,,,
MCL,5/22/2017,2,1,1,1,1,,,,2,,3,2,,,,,,,,,,,,,
,,,,2,2,1,1,,,3,,3,2,,,,,,,,,,,,,
,,,,3,3,1,,,,3,,3,2,,,1,,,,,,,,,,
,,,,4,4,1,,,,3,,3,1,,,,,,,,,,,,,
,,,,5,5,1,,1,,3,,4,2,,,,,,,,,,,,,
,,,,6,6,1,,,,3,,4,3,,,,2,,,,,,,,,
,,,,7,7,1,,,,3,,4,1,,,,,,,,,,,,,
,,,,8,8,1,,1,,3,,4,2,,,,2,,,,,,,,,
,,,,9,1,2,,,,3,,4,3,,,,,,,,,,,,,
,,,,10,2,2,,,,3,,4,2,,,,,,,,,,,,,
,,,,11,3,2,,2,,3,,3,1,,,2,1,,,,,,,,,
,,,,12,4,2,,,,3,,4,1,,,1,,,,,,,,,,
,,,,13,5,2,,,,3,,4,2,,,,,,,,,,,,,
,,,,14,6,2,,,,3,,3,2,,,,,,,,,,,,,
,,,,15,7,2,,,,3,,3,1,,,,1,,,,,,,,,
,,,,16,8,2,,,,3,,3,1,,,,,2,,,,,,,,
Site,Date,Block,Plot,Subplot,X,Y,AveFat,AirCar,BriMin,BroHor,BroDia,TaeCap,VulMyu,Bare,Gopher,ClaPur,TrIPlate,TriAlbo,,,,,,,,
MCL,5/22/2017,2,1,1,1,3,,,,3,,4,3,,,,,,,,,,,,,
,,,,2,2,3,,,,3,,3,2,,,,,,,,,,,,,
,,,,3,3,3,,,,3,,4,4,,,2,,,,,,,,,,
,,,,4,4,3,1,,,4,,3,3,,,,2,,,,,,,,,
,,,,5,5,3,,,,3,,3,4,,,,,,,,,,,,,
,,,,6,6,3,,,,3,,4,2,,,,,,,,,,,,,
,,,,7,7,3,,,,3,,3,2,,,,,,,,,,,,,
,,,,8,8,3,,,,3,,4,3,,,,,,,,,,,,,
,,,,9,1,4,,,,3,,4,3,,,2,1,1,,,,,,,,
,,,,10,2,4,,,,2,,4,4,,,2,,,,,,,,,,
,,,,11,3,4,2,,,3,,4,5,,,2,,,,,,,,,,
,,,,12,4,4,2,,,3,,4,5,,,,,1,,,,,,,,
,,,,13,5,4,,,,4,,4,4,3,3,,,,,,,,,,,
,,,,14,6,4,,,,3,,4,5,2,2,,,,,,,,,,,
,,,,15,7,4,,,,4,,4,3,,,,,,,,,,,,,
,,,,16,8,4,,,,3,,4,2,,,,,,,,,,,,,
Site,Date,Block,Plot,Subplot,X,Y,AveFat,AirCar,BriMin,BroHor,BroDia,TaeCap,VulMyu,Bare,Gopher,ClaPur,TriHir,CroSet,TrIRefLarge,,,,,,,
MCL,5/22/2017,2,1,1,1,5,2,,,3,,4,5,,,1,,,,,,,,,,
,,,,2,2,5,2,,,3,,5,3,,,,,,,,,,,,,
,,,,3,3,5,1,,,3,,4,4,,,,,,,,,,,,,
,,,,4,4,5,,,,4,,3,3,,,,,,,,,,,,,
,,,,5,5,5,,,,4,,3,5,,,,,,,,,,,,,
,,,,6,6,5,2,2,,3,,4,4,,,,2,,,,,,,,,
,,,,7,7,5,2,1,,4,,3,4,,,,,1,,,,,,,,
,,,,8,8,5,1,,,3,,3,2,,,,,,,,,,,,,
,,,,9,1,6,2,,,4,,3,5,,,,,,,,,,,,,
,,,,10,2,6,3,,,3,,4,5,,,,,,,,,,,,,
,,,,11,3,6,2,,,3,,4,5,,,,,,,,,,,,,
,,,,12,4,6,1,1,,3,,3,4,,,,,,,,,,,,,
,,,,13,5,6,1,3,,3,,4,2,,,,,,,,,,,,,
,,,,14,6,6,2,2,,4,,4,2,,,,,,1,,,,,,,
,,,,15,7,6,2,,,3,,4,4,,,,,,,,,,,,,
,,,,16,8,6,1,,,2,,3,2,,,,,,,,,,,,,
Site,Date,Block,Plot,Subplot,X,Y,AveFat,AirCar,BriMin,BroHor,BroDia,TaeCap,VulMyu,Bare,Gopher,TriPlate,LolMul,MedPol,TriHir,GalPar,SisBel,,,,,
MCL,5/22/2017,2,1,1,1,7,2,,,3,,4,6,,,,,,,,,,,,,
,,,,2,2,7,2,,,4,,4,5,,,,,,,,,,,,,
,,,,3,3,7,2,,,3,,4,4,4,4,,,,,,,,,,,
,,,,4,4,7,1,3,,3,,4,3,,,,,,,,,,,,,
,,,,5,5,7,1,4,2,3,,4,2,,,,,,,,,,,,,
,,,,6,6,7,1,3,2,3,,5,2,,,2,,,,,,,,,,
,,,,7,7,7,1,,,4,,4,4,,,1,,,,,,,,,,
,,,,8,8,7,2,1,1,3,,4,3,,,,,,,,,,,,,
,,,,9,1,8,2,,,3,,3,6,,,2,,,,,,,,,,
,,,,10,2,8,2,,,4,,3,6,,,,,,,,,,,,,
,,,,11,3,8,1,,,4,,4,3,,,,2,,,,,,,,,
,,,,12,4,8,,2,,3,,5,3,,,1,,,,,,,,,,
,,,,13,5,8,,4,,4,,4,3,,,,,,,,,,,,,
,,,,14,6,8,2,3,1,4,,5,2,,,1,,3,2,1,,,,,,
,,,,15,7,8,2,1,,3,,5,3,,,,,,,,,,,,,
,,,,16,8,8,1,2,,3,,4,3,,,,,,,,2,,,,,
Site,Date,Block,Plot,Subplot,X,Y,AveFat,AirCar,BriMin,BroHor,BroDia,TaeCap,VulMyu,Bare,Gopher,LolMul,TriHir,Lotus,TriWil?,MadGra,ClaPur,NavPub,Plantago,GasVen,,
MCL,5/22/2017,2,2,1,1,1,,3,,4,,4,2,,,,,,,,,,,,,
,,,,2,2,1,,2,,4,,4,5,,,1,,,,,,,,,,
,,,,3,3,1,,,,4,,4,3,3,3,,,,,,,,,,,
,,,,4,4,1,,2,,3,,3,3,,,,,,,,,,,,,
,,,,5,5,1,,2,,3,,3,5,,,,1,,,,,,,,,
,,,,6,6,1,,2,,3,,3,4,4,4,,,,,,,,,,,
,,,,7,7,1,,,,2,,5,3,3,3,,,,,,,,,,,
,,,,8,8,1,,2,,2,,3,2,2,2,,,1,,,,,,,,
,,,,9,1,2,,3,,3,,3,4,,,,,,,,,,,,,
,,,,10,2,2,,1,,3,,3,6,,,,,,,,,,,,,
,,,,11,3,2,,,,3,,3,3,,,,,,,,,,,,,
,,,,12,4,2,,1,,2,,3,6,,,,,,,,,,,,,
,,,,13,5,2,2,4,,3,,3,4,,,,,,,,,,,,,
,,,,14,6,2,,4,,3,,4,3,,,,,,2,1,1,,,,,
,,,,15,7,2,,2,,3,,5,3,3,3,,,,,2,3,,1,,,
,,,,16,8,2,,2,1,3,,4,2,,,,,,,,,,,1,,
Site,Date,Block,Plot,Subplot,X,Y,AveFat,AirCar,BriMin,BroHor,BroDia,TaeCap,VulMyu,Bare,Gopher,LolMul,MadGra,TriHir,ClaPur,Lotus,GalPar,,,,,
MCL,5/22/2017,2,2,1,1,3,,4,,3,,3,2,,,2,,,,,,,,,,
,,,,2,2,3,,3,,3,,3,3,,,2,2,,,,,,,,,
,,,,3,3,3,,2,,3,,3,4,,,,,1,,,,,,,,
,,,,4,4,3,,,,4,,3,6,,,,,,,,,,,,,
,,,,5,5,3,,4,,3,1,3,4,,,,,,,,,,,,,
,,,,6,6,3,,4,,3,,4,2,,,,,,,,,,,,,
,,,,7,7,3,,3,,3,,4,2,,,,,,,,,,,,,
,,,,8,8,3,,4,,3,,4,1,,,,,,,,,,,,,
,,,,9,1,4,,4,,3,,4,2,3,3,1,,,,,,,,,,
,,,,10,2,4,,2,,4,,4,2,,,1,,,,,,,,,,
,,,,11,3,4,,3,1,4,,4,3,,,,,,1,2,,,,,,
,,,,12,4,4,,3,,3,,5,2,,,,,,,,,,,,,
,,,,13,5,4,2,3,,4,,3,3,,,,,2,,,,,,,,
,,,,14,6,4,,,,4,,5,3,,,,,3,,,,,,,,
,,,,15,7,4,1,1,,3,,5,3,,,,,,,,,,,,,
,,,,16,8,4,,2,,3,,5,3,,,,,,,,1,,,,,
Site,Date,Block,Plot,Subplot,X,Y,AveFat,AirCar,BriMin,BroHor,BroDia,TaeCap,VulMyu,Bare,Gopher,GasVen,MadGra,ClaPur,Lotus,TriPlate,,,,,,
MCL,5/22/2017,2,2,1,1,5,,1,2,4,,3,3,,,2,,,,,,,,,,
,,,,2,2,5,,,,4,,4,3,,,,,,,,,,,,,
,,,,3,3,5,,2,,3,,4,2,,,,,,,,,,,,,
,,,,4,4,5,,2,1,3,,4,3,,,,,,,,,,,,,
,,,,5,5,5,,3,,3,,4,3,,,,3,1,,,,,,,,
,,,,6,6,5,,,,3,,4,6,,,,2,,,,,,,,,
,,,,7,7,5,,1,,4,,4,2,,,,,,,,,,,,,
,,,,8,8,5,,3,,3,,5,2,,,,,,,,,,,,,
,,,,9,1,6,,1,,4,,4,4,,,,,,,,,,,,,
,,,,10,2,6,,,,4,,4,5,,,,,,,,,,,,,
,,,,11,3,6,,2,,4,,5,3,,,,1,,,,,,,,,
,,,,12,4,6,,1,,4,,5,2,,,,1,,,,,,,,,
,,,,13,5,6,,1,,3,,4,3,,,,1,,,,,,,,,
,,,,14,6,6,,1,,4,,3,5,,,,,,,,,,,,,
,,,,15,7,6,,1,,3,,5,5,,,,,,2,,,,,,,
,,,,16,8,6,,3,,3,,5,4,,,,,,1,2,,,,,,
Site,Date,Block,Plot,Subplot,X,Y,AveFat,AirCar,BriMin,BroHor,BroDia,TaeCap,VulMyu,Bare,Gopher,TriHir,MadGra,LolMul,Lotus,TriPlate,,,,,,
MCL,5/22/2017,2,2,1,1,7,,3,,4,,4,4,,,,,,,,,,,,,
,,,,2,2,7,1,,1,3,,4,5,,,2,,,,,,,,,,
,,,,3,3,7,,,,4,,4,4,,,,,,,,,,,,,
,,,,4,4,7,,,,4,,3,5,,,,2,,,,,,,,,
,,,,5,5,7,1,,,3,,4,5,,,,2,1,,,,,,,,
,,,,6,6,7,,,,4,,4,5,,,,1,,,,,,,,,
,,,,7,7,7,,3,,4,,4,3,,,,,,,,,,,,,
,,,,8,8,7,,3,,4,,4,2,,,,1,,,,,,,,,
,,,,9,1,8,,2,,4,,5,3,,,,,,1,,,,,,,
,,,,10,2,8,,,,4,,3,5,,,,1,,,,,,,,,
,,,,11,3,8,,,,3,,3,5,,,,,,,,,,,,,
,,,,12,4,8,,1,,4,,3,4,,,,,,,,,,,,,
,,,,13,5,8,1,2,,3,,3,5,,,,1,,,,,,,,,
,,,,14,6,8,,3,,3,,4,2,,,,,,,,,,,,,
,,,,15,7,8,,3,,3,,5,2,,,,,,,1,,,,,,
,,,,16,8,8,,3,,3,,6,2,,,,,,,,,,,,,
Site,Date,Block,Plot,Subplot,X,Y,AveFat,AirCar,BriMin,BroHor,BroDia,TaeCap,VulMyu,Bare,Gopher,TriPlate,TriRefLarge,TriHir,ClaPur,DaucPusil,,,,,,
MCL,5/21/2017,3,1,1,1,1,3,,,3,,2,5,,,3,,,,,,,,,,
,,,,2,2,1,3,,,3,,3,5,,,3,,,,,,,,,,
,,,,3,3,1,4,,,2,,5,2,,,2,,,,,,,,,,
,,,,4,4,1,3,,,4,,2,1,,,2,2,,,,,,,,,
,,,,5,5,1,3,,,4,3,3,,,,,,1,,,,,,,,
,,,,6,6,1,4,,,3,2,4,,,,,,1,,,,,,,,
,,,,7,7,1,3,,,4,,2,,,,,,,,,,,,,,
,,,,8,8,1,2,,,3,,2,,,,,2,,2,,,,,,,
,,,,9,1,2,3,,,3,,4,3,,,2,,,,,,,,,,
,,,,10,2,2,4,,,2,,2,4,,,2,,,,,,,,,,
,,,,11,3,2,4,,2,2,,5,2,,,2,,,,,,,,,,
,,,,12,4,2,3,,,4,,6,,,,,,,,,,,,,,
,,,,13,5,2,4,,2,4,,3,,,,1,,,,1,,,,,,
,,,,14,6,2,3,1,,4,,3,,,,,,,,,,,,,,
,,,,15,7,2,2,,,4,,3,2,,,,,,,,,,,,,
,,,,16,8,2,2,,,3,,2,2,,,1,,,,,,,,,,
Site,Date,Block,Plot,Subplot,X,Y,AveFat,AirCar,BriMin,BroHor,BroDia,TaeCap,VulMyu,Bare,Gopher,FilGal,TriPlate,ClaPur,GalPar,,,,,,,
MCL,5/21/2017,3,1,1,1,3,4,,,3,2,4,,,,1,1,,,,,,,,,
,,,,2,2,3,4,,,3,,3,2,,,,2,,,,,,,,,
,,,,3,3,3,3,,,4,,5,,,,,,,,,,,,,,
,,,,4,4,3,3,1,,3,,4,3,,,,,1,,,,,,,,
,,,,5,5,3,2,1,,4,3,4,2,,,,,,,,,,,,,
,,,,6,6,3,2,2,,2,3,2,5,,,,,,,,,,,,,
,,,,7,7,3,1,,,3,2,2,2,,,,,2,,,,,,,,
,,,,8,8,3,2,,,4,,3,,,,,,,2,,,,,,,
,,,,9,1,4,4,1,,3,1,4,4,,,,2,,,,,,,,,
,,,,10,2,4,4,,,3,,3,3,,,,,,,,,,,,,
,,,,11,3,4,4,,,4,,2,3,,,,,2,,,,,,,,
,,,,12,4,4,3,,,3,,3,3,,,,1,,2,,,,,,,
,,,,13,5,4,1,2,,3,,2,2,,,,1,2,1,,,,,,,
,,,,14,6,4,1,3,,3,2,3,4,,,,,,,,,,,,,
,,,,15,7,4,1,2,,3,,2,,,,,,3,2,,,,,,,
,,,,16,8,4,1,,,3,,2,,,,1,2,2,,,,,,,,
Site,Date,Block,Plot,Subplot,X,Y,AveFat,AirCar,BriMin,BroHor,BroDia,TaeCap,VulMyu,Bare,Gopher,TriPlate,GalPar,ClaPur,NavPub,,,,,,,
MCL,5/21/2017,3,1,1,1,5,4,1,,3,,4,4,,,1,,,,,,,,,,
,,,,2,2,5,5,1,,3,1,4,2,,,,,,,,,,,,,
,,,,3,3,5,4,1,,3,2,2,3,,,,,,,,,,,,,
,,,,4,4,5,3,,,3,,3,,,,,1,,,,,,,,,
,,,,5,5,5,,1,,3,,2,,,,,2,,,,,,,,,
,,,,6,6,5,2,1,,1,,2,,,,,,3,,,,,,,,
,,,,7,7,5,2,1,,1,,1,,,,,2,2,,,,,,,,
,,,,8,8,5,2,,,1,,3,,,,3,1,2,,,,,,,,
,,,,9,1,6,4,3,,4,,3,3,,,,,,,,,,,,,
,,,,10,2,6,5,2,,2,,3,2,,,,,,,,,,,,,
,,,,11,3,6,5,1,,1,,3,2,,,,,,,,,,,,,
,,,,12,4,6,2,2,,3,,4,,,,,2,,,,,,,,,
,,,,13,5,6,,2,,3,,3,,,,,2,2,,,,,,,,
,,,,14,6,6,,1,,2,,2,,,,,,2,,,,,,,,
,,,,15,7,6,1,3,,2,,2,,,,,2,2,,,,,,,,
,,,,16,8,6,3,,,1,,3,,,,,2,1,1,,,,,,,
Site,Date,Block,Plot,Subplot,X,Y,AveFat,AirCar,BriMin,BroHor,BroDia,TaeCap,VulMyu,Bare,Gopher,TriPlate,ClaPur,GalPar,FilGal,TriHir,,,,,,
MCL,5/21/2017,3,1,1,1,7,3,,,3,,4,5,,,,,,,,,,,,,
,,,,2,2,7,3,,,4,,5,2,,,,,,,,,,,,,
,,,,3,3,7,4,,,3,3,5,,,,1,,,,,,,,,,
,,,,4,4,7,3,1,,4,,5,,,,2,1,,,,,,,,,
,,,,5,5,7,1,,,2,,3,,,,,,,,,,,,,,
,,,,6,6,7,,,,2,,3,,,,,2,1,,,,,,,,
,,,,7,7,7,,2,,2,,4,,,,,2,,,,,,,,,
,,,,8,8,7,1,,,2,,3,,,,,2,3,2,,,,,,,
,,,,9,1,8,2,2,,3,,5,3,,,,,,,,,,,,,
,,,,10,2,8,2,,,3,,4,5,,,,,,,,,,,,,
,,,,11,3,8,3,2,,3,,4,3,,,,,2,,,,,,,,
,,,,12,4,8,4,,,2,,4,2,,,,,,,,,,,,,
,,,,13,5,8,2,,,4,,4,1,,,,2,,,,,,,,,
,,,,14,6,8,,,,2,,3,1,,,,,,,,,,,,,
,,,,15,7,8,,,,,,3,1,,,,,,,2,,,,,,
,,,,16,8,8,,,,,,5,,,,,,2,2,,,,,,,
Site,Date,Block,Plot,Subplot,X,Y,AveFat,AirCar,BriMin,BroHor,BroDia,TaeCap,VulMyu,Bare,Gopher,FilGal,ClaPur,GalPar,NavPub,TriPlate,TriHir,TriRefLarge,LolMul,,,
MCL,5/21/2017,3,2,1,1,1,1,,,4,1,2,,,,1,1,2,,,,,,,,
,,,,2,2,1,3,,,4,2,1,,,,1,2,,2,,,,,,,
,,,,3,3,1,1,1,,5,,2,,,,2,2,1,,3,,,,,,
,,,,4,4,1,,2,,4,,2,,,,,1,,,5,,,,,,
,,,,5,5,1,1,3,,3,,,,,,,,,1,5,,,,,,
,,,,6,6,1,2,2,,4,,2,,,,2,2,1,,2,,,,,,
,,,,7,7,1,,,,4,,2,2,,,2,2,1,,3,2,,,,,
,,,,8,8,1,3,1,,3,,,,,,,1,2,,,,,,,,
,,,,9,1,2,1,,,3,,1,1,,,1,1,,,,,,,,,
,,,,10,2,2,2,1,,3,,1,,,,3,2,,,,,,,,,
,,,,11,3,2,3,,,4,,2,2,,,2,2,,,3,2,,,,,
,,,,12,4,2,2,2,,4,,2,,,,,2,,,4,,,,,,
,,,,13,5,2,2,2,,5,,,,,,1,,,,4,,,,,,
,,,,14,6,2,3,,,4,,2,,,,2,2,,,4,2,,,,,
,,,,15,7,2,3,,,3,,2,,2,2,1,,,,3,2,1,,,,
,,,,16,8,2,3,2,,3,,2,2,,,1,,,,2,2,2,2,,,
Site,Date,Block,Plot,Subplot,X,Y,AveFat,AirCar,BriMin,BroHor,BroDia,TaeCap,VulMyu,Bare,Gopher,FilGal,ClaPur,GalPar,TriPlate,UnkWhorl,NavPub,TriHir,TriRefLarge,LolMul,CarPac,
MCL,5/21/2017,3,2,1,1,3,2,2,,3,,2,,,,,2,1,,,,,,,,
,,,,2,2,3,2,,,4,,2,,,,2,1,1,,,,,,,,
,,,,3,3,3,2,,,4,,1,,,,2,1,2,2,,,,,,,
,,,,4,4,3,2,,,4,,2,,,,1,1,2,,2,,,,,,
,,,,5,5,3,,,,3,,,,,,2,1,,4,1,2,1,,,,
,,,,6,6,3,2,,1,3,,,,5,5,2,,,3,1,,,2,,,
,,,,7,7,3,4,2,1,3,,,,,,,1,,3,,,3,,,,
,,,,8,8,3,1,,,3,,2,,,,,2,1,3,,,3,,1,,
,,,,9,1,4,1,1,,3,,3,,,,,2,2,,,,,,,,
,,,,10,2,4,,1,,4,,3,,,,,2,2,,,,,,,,
,,,,11,3,4,2,,,3,,2,,,,,2,3,,,,,,,,
,,,,12,4,4,3,,,3,,2,,,,,2,1,,2,1,,,,,
,,,,13,5,4,4,,,4,,2,,,,1,2,,,1,2,2,,,,
,,,,14,6,4,3,,,4,,,,,,1,,1,3,1,1,1,1,,,
,,,,15,7,4,3,,,3,,1,,4,4,,1,,2,,,5,,,1,
,,,,16,8,4,2,,,4,,3,,,,,,,3,,,4,,,,
Site,Date,Block,Plot,Subplot,X,Y,AveFat,AirCar,BriMin,BroHor,BroDia,TaeCap,VulMyu,Bare,Gopher,FilGal,GalPar,ClaPur,TriHir,TriPlate,SilGal,UnkWhorl,TriRefLarge,Lotus,,
MCL,5/21/2017,3,2,1,1,5,,,,2,,2,,,,,3,,,,,,,,,
,,,,2,2,5,2,,,2,,2,,,,2,3,3,,,,,,,,
,,,,3,3,5,2,,,3,,2,,,,,2,2,,,1,2,,,,
,,,,4,4,5,3,,,3,,3,,,,,1,2,,,,2,,,,
,,,,5,5,5,3,1,,4,,3,,,,,1,2,,,,,,,,
,,,,6,6,5,3,,,3,,2,,,,2,2,1,,4,,,2,,,
,,,,7,7,5,2,,,5,,4,,,,,,,4,,,,,,,
,,,,8,8,5,3,,,4,,3,,,,,2,2,4,,,,2,,,
,,,,9,1,6,2,,,,,2,2,,,,,2,,,,,,,,
,,,,10,2,6,2,,,2,,3,,,,,2,2,,,,,,,,
,,,,11,3,6,2,,,4,1,4,,,,,2,2,,,,,,,,
,,,,12,4,6,,1,,4,,4,,,,,2,1,,,,,3,,,
,,,,13,5,6,2,,,4,,3,,,,2,1,1,,,,,,2,,
,,,,14,6,6,2,,,4,,2,2,,,2,1,1,,,,,2,,,
,,,,15,7,6,2,,,5,,3,1,,,,,,4,,,,1,,,
,,,,16,8,6,2,,,4,,3,,,,,1,,5,,,,,,,
Site,Date,Block,Plot,Subplot,X,Y,AveFat,AirCar,BriMin,BroHor,BroDia,TaeCap,VulMyu,Bare,Gopher,GalPar,FilGal,NavPub,TriPlate,ClaPur,TriHir,LolMul,TriRefLarge,,,
MCL,5/21/2017,3,2,1,1,7,3,2,,3,,4,,,,1,1,,,,,,,,,
,,,,2,2,7,2,,,2,,4,,,,,1,1,1,1,,,,,,
,,,,3,3,7,2,1,,2,,5,,,,,1,,,,3,,,,,
,,,,4,4,7,,1,,4,,4,1,,,,2,,,1,,,,,,
,,,,5,5,7,1,,,4,2,3,,,,3,2,,,1,,,,,,
,,,,6,6,7,,,,5,,2,,,,2,,,1,,,,,,,
,,,,7,7,7,1,,,4,1,2,,,,2,,,,1,,,,,,
,,,,8,8,7,2,,,4,,3,,,,2,,,,,3,1,,,,
,,,,9,1,8,,,,,,5,,,,2,1,,,1,,,,,,
,,,,10,2,8,1,1,,2,,4,,,,3,,,,,,,2,,,
,,,,11,3,8,,,,2,,6,,,,2,,,,1,,,,,,
,,,,12,4,8,,,,2,2,5,,,,3,2,,,,,,,,,
,,,,13,5,8,2,,,3,3,3,,,,3,,,,1,,,,,,
,,,,14,6,8,,,,4,,3,,,,,1,,,,,,3,,,
,,,,15,7,8,1,,,4,,5,,,,2,,,,,,,,,,
,,,,16,8,8,1,,,4,,3,2,,,1,,,,,4,,,,,
Site,Date,Block,Plot,Subplot,X,Y,AveFat,TaeCap,AirCar,BroHor,VulMyu,Bare,Gopher,TriHir,LolMul,,,,,,,,,,,
MCL,5/21/2017,4,1,1,1,1,3,4,4,1,,,,,,,,,,,,,,,,
,,,,2,2,1,4,3,4,1,,,,,,,,,,,,,,,,
,,,,3,3,1,6,2,2,,,,,,,,,,,,,,,,,
,,,,4,4,1,6,2,2,1,,,,,,,,,,,,,,,,
,,,,5,5,1,2,,2,3,1,,,,,,,,,,,,,,,
,,,,6,6,1,2,1,2,3,2,,,,,,,,,,,,,,,
,,,,7,7,1,2,1,2,3,2,3,3,1,,,,,,,,,,,,
,,,,8,8,1,3,4,2,2,1,,,,,,,,,,,,,,,
,,,,9,1,1,3,3,4,2,1,,,,,,,,,,,,,,,
,,,,10,2,2,3,3,4,2,,,,,,,,,,,,,,,,
,,,,11,3,2,4,2,3,2,,,,,,,,,,,,,,,,
,,,,12,4,2,5,3,3,1,,,,,,,,,,,,,,,,
,,,,13,5,2,4,3,4,2,1,,,,,,,,,,,,,,,
,,,,14,6,2,3,4,2,2,3,,,,,,,,,,,,,,,
,,,,15,7,2,2,3,2,3,1,2,2,,1,,,,,,,,,,,
,,,,16,8,2,2,3,4,3,2,,,,,,,,,,,,,,,
Site,Date,Block,Plot,Subplot,X,Y,AveFat,AirCar,BroHor,LolMul,TaeCap,VulMyu,TriHir,Bare,Gopher,TriRefLarge,BriMin,TriPlate,,,,,,,,
MCL,5/21/2017,4,1,1,1,3,2,4,1,,2,,,,,,,,,,,,,,,
,,,,2,2,3,2,5,1,,2,,,,,,,,,,,,,,,
,,,,3,3,3,2,3,1,,6,1,,,,,,,,,,,,,,
,,,,4,4,3,3,5,1,,2,,,,,,,,,,,,,,,
,,,,5,5,3,2,3,2,,5,1,,,,,,,,,,,,,,
,,,,6,6,3,1,2,2,,5,,,,,,,,,,,,,,,
,,,,7,7,3,2,2,3,,3,4,,2,2,,,,,,,,,,,
,,,,8,8,3,2,2,3,,2,4,,,,2,3,,,,,,,,,
,,,,9,1,3,2,4,2,,1,3,,,,,,,,,,,,,,
,,,,10,2,4,2,4,1,,2,3,,,,,,,,,,,,,,
,,,,11,3,4,2,5,1,,3,2,,,,,,,,,,,,,,
,,,,12,4,4,2,5,1,,3,1,,,,,,,,,,,,,,
,,,,13,5,4,1,3,1,,6,,,,,,,,,,,,,,,
,,,,14,6,4,1,1,3,,3,5,,3,3,,1,1,,,,,,,,
,,,,15,7,4,1,2,4,1,5,2,,3,3,2,,1,,,,,,,,
,,,,16,8,4,1,1,3,,2,4,,,,,1,,,,,,,,,
Site,Date,Block,Plot,Subplot,X,Y,AveFat,AirCar,BriMin,BroHor,LolMul,TaeCap,VulMyu,TriHir,TriPlate,TriRefLarge,Bare,Gopher,CynEch,,,,,,,
MCL,5/21/2017,4,1,1,1,5,2,3,2,3,,2,4,,2,,,,,,,,,,,
,,,,2,2,5,,4,,,,2,3,,,,,,,,,,,,,
,,,,3,3,5,2,3,1,1,,2,3,,,,,,,,,,,,,
,,,,4,4,5,,3,,2,,4,2,,,,,,,,,,,,,
,,,,5,5,5,,3,,3,,4,2,,,,,,,,,,,,,
,,,,6,6,5,1,2,,3,,2,3,,,,,,,,,,,,,
,,,,7,7,5,1,2,,4,,3,3,,,,2,2,1,,,,,,,
,,,,8,8,5,,2,,4,,2,3,,,,4,4,,,,,,,,
,,,,9,1,5,,4,1,2,,2,3,,,,,,,,,,,,,
,,,,10,2,6,,3,,2,,2,5,,,,,,,,,,,,,
,,,,11,3,6,,5,,2,,2,3,,,,,,,,,,,,,
,,,,12,4,6,,4,,2,,3,3,,,,,,,,,,,,,
,,,,13,5,6,,4,,3,,3,2,,,,2,2,,,,,,,,
,,,,14,6,6,,4,,3,,3,2,,,,,,,,,,,,,
,,,,15,7,6,,,,4,2,2,5,,1,,2,2,,,,,,,,
,,,,16,8,6,1,2,,4,,3,5,,,,,,,,,,,,,
Site,Date,Block,Plot,Subplot,X,Y,AveFat,AirCar,BriMin,BroHor,LolMul,TaeCap,VulMyu,TriHir,TriPlate,TriRefLarge,Bare,Gopher,,,,,,,,
MCL,5/21/2017,4,1,1,1,7,,5,3,1,,2,2,,,,,,,,,,,,,
,,,,2,2,7,1,4,,2,,2,4,,,,,,,,,,,,,
,,,,3,3,7,,2,,3,,2,4,,,,,,,,,,,,,
,,,,4,4,7,,4,,2,,3,3,,,,,,,,,,,,,
,,,,5,5,7,,3,,3,,5,2,,,,,,,,,,,,,
,,,,6,6,7,,3,,2,,3,2,,,,3,3,,,,,,,,
,,,,7,7,7,3,4,,3,,3,3,,,,,,,,,,,,,
,,,,8,8,7,2,2,,3,,3,5,,,,,,,,,,,,,
,,,,9,1,7,,5,,,,2,1,,,,,,,,,,,,,
,,,,10,2,8,,4,,2,,2,2,,,,,,,,,,,,,
,,,,11,3,8,2,3,,3,,2,3,,,,,,,,,,,,,
,,,,12,4,8,,4,,2,,2,3,,,,,,,,,,,,,
,,,,13,5,8,,3,,1,,4,3,,,,,,,,,,,,,
,,,,14,6,8,,3,,1,,6,1,,,,,,,,,,,,,
,,,,15,7,8,,3,,2,,6,2,,,,,,,,,,,,,
,,,,16,8,8,,1,,3,,4,6,,,,,,,,,,,,,
Site,Date,Block,Plot,Subplot,X,Y,AveFat,AirCar,BriMin,BroHor,LolMul,TaeCap,TriHir,TriRefLarge,TriPlate,Bare,Gopher,Rock,CynEch,VulMyu,,,,,,
MCL,5/21/2017,4,2,1,1,5,,3,,4,,3,,,,3,2,2,3,3,,,,,,
,,,,2,2,5,,4,,3,,3,,,,4,4,,2,2,,,,,,
,,,,3,3,5,1,4,,3,,3,,,,,,,,4,,,,,,
,,,,4,4,5,3,2,,2,,2,,,,,,,,6,,,,,,
,,,,5,5,5,1,1,,3,,3,,,,,,,,5,,,,,,
,,,,6,6,5,,3,,2,,4,,,,,,,,4,,,,,,
,,,,7,7,5,,4,,1,,3,,,,,,,,3,,,,,,
,,,,8,8,5,1,4,,2,,4,,,,,,,,3,,,,,,
,,,,9,1,5,,3,,4,,4,,,,,,,2,2,,,,,,
,,,,10,2,6,,3,,3,,3,,,,4,4,,2,4,,,,,,
,,,,11,3,6,,3,,3,,4,,,,,,,,5,,,,,,
,,,,12,4,6,,2,,3,,4,,,,,,,,4,,,,,,
,,,,13,5,6,,2,,2,,4,,,,,,,,5,,,,,,
,,,,14,6,6,,4,,2,,5,,,,,,,,2,,,,,,
,,,,15,7,6,,4,,0,,5,,,,,,,,3,,,,,,
,,,,16,8,6,,5,,1,,3,,,,,,,,3,,,,,,
Site,Date,Block,Plot,Subplot,X,Y,AveFat,AirCar,BriMin,BroHor,LolMul,TaeCap,TriHir,TriRefLarge,TriPlate,Bare,Gopher,VulMyu,CynEch,Rock,,,,,,
MCL,5/21/2017,4,2,1,1,7,1,3,,4,2,,,,,,,6,2,,,,,,,
,,,,2,2,7,,2,,4,2,,,,,4,4,5,,,,,,,,
,,,,3,3,7,,3,,4,3,,,,,4,4,4,,,,,,,,
,,,,4,4,7,,4,,3,4,,,,,,,6,,,,,,,,
,,,,5,5,7,,4,,3,4,,,,,,,3,,,,,,,,
,,,,6,6,7,,4,,,4,,,,,,,2,,,,,,,,
,,,,7,7,7,,5,,,5,,,,,,,,,,,,,,,
,,,,8,8,7,,5,,,5,,,,,,,,,,,,,,,
,,,,9,1,7,,3,,3,2,,,,,,,6,,,,,,,,
,,,,10,2,8,2,4,,3,2,,,,,,,5,,,,,,,,
,,,,11,3,8,,3,,3,2,,,,,,,5,,,,,,,,
,,,,12,4,8,,5,,3,3,,,,,,,3,,,,,,,,
,,,,13,5,8,,3,,3,3,,,,,3,3,2,,2,,,,,,
,,,,14,6,8,,4,,,4,,,,,,,,,,,,,,,
,,,,15,7,8,,5,,,4,,,,,,,,,,,,,,,
,,,,16,8,8,,5,,,4,,,,,,,,,,,,,,,
Site,Date,Block,Plot,Subplot,X,Y,AveFat,BriMin,AirCar,BroHor,LolMul,TaeCap,TriHir,TriRefLarge,TriPlate,Bare,Gopher,CynEch,VulMyu,,,,,,,
MCL,5/21/2017,4,2,1,1,1,2,,4,3,,4,,,,,,3,1,,,,,,,
,,,,2,2,1,2,,5,2,,3,,,,,,,2,,,,,,,
,,,,3,3,1,2,,4,2,,2,,,,,,,3,,,,,,,
,,,,4,4,1,2,,4,2,,3,,,,3,3,3,3,,,,,,,
,,,,5,5,1,2,,4,2,,3,,,,,,,1,,,,,,,
,,,,6,6,1,2,,3,3,,3,,,,,,,2,,,,,,,
,,,,7,7,1,2,,3,3,,4,,,,,,,4,,,,,,,
,,,,8,8,1,2,,4,2,,3,,,,,,,2,,,,,,,
,,,,9,1,2,2,,3,3,,3,,,,,,2,2,,,,,,,
,,,,10,2,2,1,,4,3,,3,,,,,,2,2,,,,,,,
,,,,11,3,2,2,,4,2,,3,,,,,,,4,,,,,,,
,,,,12,4,2,2,,3,2,,2,,,,,,,4,,,,,,,
,,,,13,5,2,1,,2,3,,3,,,,,,,4,,,,,,,
,,,,14,6,2,2,,3,2,,2,,,,,,,3,,,,,,,
,,,,15,7,2,1,,3,2,,3,,,,,,,6,,,,,,,
,,,,16,8,2,2,,3,,,4,,,,,,,6,,,,,,,
Site,Date,Block,Plot,Subplot,X,Y,AveFat,AirCar,BriMin,BroHor,LolMul,TaeCap,TriHir,TriRefLarge,TriPlate,Bare,Gopher,VulMyu,CynEch,BroDia,,,,,,
MCL,5/21/2017,4,2,1,1,3,3,5,,1,,2,,,,,,,,,,,,,,
,,,,2,2,3,3,4,,3,,3,,,,,,3,1,,,,,,,
,,,,3,3,3,2,3,,3,,2,,,,,,2,1,1,,,,,,
,,,,4,4,3,2,3,2,2,,2,,,,,,3,,,,,,,,
,,,,5,5,3,3,3,2,1,,2,,,,,,2,1,,,,,,,
,,,,6,6,3,3,4,,2,,4,,,,,,,,,,,,,,
,,,,7,7,3,2,4,,2,,4,,,,,,,,,,,,,,
,,,,8,8,3,2,4,,2,,3,,,,,,,,,,,,,,
,,,,9,1,4,3,4,,2,,2,,,,,,,2,,,,,,,
,,,,10,2,4,3,5,,2,,2,,,,2,2,3,1,,,,,,,
,,,,11,3,4,3,4,,3,,3,,,,,,3,,,,,,,,
,,,,12,4,4,2,5,,2,,2,,,,,,2,,,,,,,,
,,,,13,5,4,2,4,,2,,4,,,,,,2,,,,,,,,
,,,,14,6,4,2,3,,2,,4,,,,,,2,,,,,,,,
,,,,15,7,4,3,4,,2,,5,,,,,,0,,,,,,,,
,,,,16,8,4,3,4,,3,,3,,,,,,2,,,,,,,,
Site,Date,Block,Plot,Subplot,X,Y,Erodium,Lupinus,TriEri,Trifolium,Rock,GerDis,Bare,TriFuc,Collinsia Pink Rosette,,,,,,,,,,,
MCL,4/24/2017,1,1,1,1,1,3,2,2,3,1,,1,,,,,,,,,,,,,
,,,,2,2,1,2,1,,4,,1,,,,,,,,,,,,,,
,,,,3,3,1,2,,,5,,2,,,,,,,,,,,,,,
,,,,4,4,1,3,,,4,,2,,,,,,,,,,,,,,
,,,,5,5,1,2,,,5,,2,3,,,,,,,,,,,,,
,,,,6,6,1,3,1,2,3,,,,,,,,,,,,,,,,
,,,,7,7,1,2,1,,3,,,2,1,,,,,,,,,,,,
,,,,8,8,1,3,1,,3,,,,,,,,,,,,,,,,
,,,,9,1,2,2,1,,5,,,,,,,,,,,,,,,,
,,,,10,2,2,2,2,,3,,,2,,,,,,,,,,,,,
,,,,11,3,2,2,2,,4,,2,,,,,,,,,,,,,,
,,,,12,4,2,2,,,3,,,3,,,,,,,,,,,,,
,,,,13,5,2,2,,,4,,2,,,2,,,,,,,,,,,
,,,,14,6,2,2,1,2,3,,,,,,,,,,,,,,,,
,,,,15,7,2,2,1,1,3,,,3,,,,,,,,,,,,,
,,,,16,8,2,3,1,1,,,,2,,,,,,,,,,,,,
Site,Date,Block,Plot,Subplot,X,Y,Erodium,Lupinus,TriEri,GerDis,Bare,Rock,TriEri,Gopher,,,,,,,,,,,,
MCL,4/24/2017,1,1,1,1,3,2,,5,2,,,,,,,,,,,,,,,,
,,,,2,2,3,2,,4,2,,,,,,,,,,,,,,,,
,,,,3,3,3,1,1,2,2,,,,,,,,,,,,,,,,
,,,,4,4,3,2,,4,2,3,,,,,,,,,,,,,,,
,,,,5,5,3,3,1,3,1,3,,,,,,,,,,,,,,,
,,,,6,6,3,2,2,4,,3,1,,,,,,,,,,,,,,
,,,,7,7,3,2,,3,1,,,,,,,,,,,,,,,,
,,,,8,8,3,2,,3,,,,1,,,,,,,,,,,,,
,,,,9,1,4,2,,4,,,,,,,,,,,,,,,,,
,,,,10,2,4,2,,4,2,,,,,,,,,,,,,,,,
,,,,11,3,4,1,,3,2,3,,,3,,,,,,,,,,,,
,,,,12,4,4,2,1,4,2,2,,,,,,,,,,,,,,,
,,,,13,5,4,3,1,3,,1,,,,,,,,,,,,,,,
,,,,14,6,4,3,2,3,,,,,,,,,,,,,,,,,
,,,,15,7,4,2,2,4,1,,,,,,,,,,,,,,,,
,,,,16,8,4,2,1,3,,,,2,,,,,,,,,,,,,
Site,Date,Block,Plot,Subplot,X,Y,Erodium,GerDis,Lupinus,Trifolium,TriEri,Bare,LargeBrush,TriFuc,,,,,,,,,,,,
MCL,4/24/2017,1,1,1,1,5,2,1,,3,,,,,,,,,,,,,,,,
,,,,2,2,5,2,1,2,3,1,,,,,,,,,,,,,,,
,,,,3,3,5,2,,,3,,,,,,,,,,,,,,,,
,,,,4,4,5,2,,1,2,,3,,,,,,,,,,,,,,
,,,,5,5,5,2,1,1,3,,,,,,,,,,,,,,,,
,,,,6,6,5,3,1,1,4,,,,,,,,,,,,,,,,
,,,,7,7,5,2,1,2,4,,,,,,,,,,,,,,,,
,,,,8,8,5,3,,1,2,,,2,,,,,,,,,,,,,
,,,,9,1,6,2,1,,3,,,,,,,,,,,,,,,,
,,,,10,2,6,2,1,2,3,,,,,,,,,,,,,,,,
,,,,11,3,6,3,1,2,3,,,,,,,,,,,,,,,,
,,,,12,4,6,2,1,1,4,,,,,,,,,,,,,,,,
,,,,13,5,6,2,2,,4,,,,,,,,,,,,,,,,
,,,,14,6,6,3,1,1,4,,,,,,,,,,,,,,,,
,,,,15,7,6,2,1,,4,,,,1,,,,,,,,,,,,
,,,,16,8,6,3,1,1,3,,,,,,,,,,,,,,,,
Site,Date,Block,Plot,Subplot,X,Y,Erodium,GerDis,Lupinus,Trifolium,TriEri,Bare,LargeBrush,TriFuc,,,,,,,,,,,,
MCL,4/24/2017,1,1,1,1,7,2,1,,3,,,,,,,,,,,,,,,,
,,,,2,2,7,2,1,2,3,1,,,,,,,,,,,,,,,
,,,,3,3,7,2,,,3,,,,,,,,,,,,,,,,
,,,,4,4,7,2,,1,2,,3,,,,,,,,,,,,,,
,,,,5,5,7,2,1,1,3,,,,,,,,,,,,,,,,
,,,,6,6,7,3,1,1,4,,,,,,,,,,,,,,,,
,,,,7,7,7,2,1,2,4,,,,,,,,,,,,,,,,
,,,,8,8,7,3,,1,2,,,2,,,,,,,,,,,,,
,,,,9,1,8,2,1,,3,,,,,,,,,,,,,,,,
,,,,10,2,8,2,1,2,3,,,,,,,,,,,,,,,,
,,,,11,3,8,3,1,2,3,,,,,,,,,,,,,,,,
,,,,12,4,8,2,1,1,4,,,,,,,,,,,,,,,,
,,,,13,5,8,2,2,,4,,,,,,,,,,,,,,,,
,,,,14,6,8,3,1,1,4,,,,,,,,,,,,,,,,
,,,,15,7,8,2,1,,4,,,,1,,,,,,,,,,,,
,,,,16,8,8,3,1,1,3,,,,,,,,,,,,,,,,
Site,Date,Block,Plot,Subplot,X,Y,Erodium,GerDis,Trifolium,Lupinus,Bare,Gopher,TriEri,LargeBrush,TriFuc,,,,,,,,,,,
MCL,4/24/2017,1,2,1,1,1,2,,6,,,,,,,,,,,,,,,,,
,,,,2,2,1,2,1,5,,,,,,,,,,,,,,,,,
,,,,3,3,1,2,2,4,,4,4,,,,,,,,,,,,,,
,,,,4,4,1,2,,3,,4,4,,,,,,,,,,,,,,
,,,,5,5,1,3,,4,1,,,,,,,,,,,,,,,,
,,,,6,6,1,3,,3,,,,1,,,,,,,,,,,,,
,,,,7,7,1,2,,3,,,,,,,,,,,,,,,,,
,,,,8,8,1,2,,4,2,2,2,,,,,,,,,,,,,,
,,,,9,1,2,2,,6,,,,2,,,,,,,,,,,,,
,,,,10,2,2,2,,4,1,3,3,,,,,,,,,,,,,,
,,,,11,3,2,2,,3,,,,,,2,,,,,,,,,,,
,,,,12,4,2,3,,4,,,,,,,,,,,,,,,,,
,,,,13,5,2,3,,2,1,,,,,,,,,,,,,,,,
,,,,14,6,2,3,,4,,,,,2,,,,,,,,,,,,
,,,,15,7,2,3,,4,1,,,,1,,,,,,,,,,,,
,,,,16,8,2,2,,3,1,,,,,,,,,,,,,,,,
Site,Date,Block,Plot,Subplot,X,Y,Erodium,GerDis,Trifolium,Lupinus,TriFuc,TriEri,LargeBrush,Bare,,,,,,,,,,,,
MCL,4/24/2017,1,2,1,1,3,2,,2,1,,,,,,,,,,,,,,,,
,,,,2,2,3,2,,4,,1,1,,,,,,,,,,,,,,
,,,,3,3,3,2,,4,1,1,,,,,,,,,,,,,,,
,,,,4,4,3,2,,3,,,,,,,,,,,,,,,,,
,,,,5,5,3,2,,3,1,,,,,,,,,,,,,,,,
,,,,6,6,3,2,,4,2,,1,,,,,,,,,,,,,,
,,,,7,7,3,2,,4,2,,,,,,,,,,,,,,,,
,,,,8,8,3,3,,2,,,,,,,,,,,,,,,,,
,,,,9,1,4,2,,2,,1,,1,,,,,,,,,,,,,
,,,,10,2,4,3,,2,,1,,2,,,,,,,,,,,,,
,,,,11,3,4,2,,2,1,,,,,,,,,,,,,,,,
,,,,12,4,4,2,,4,,,2,,2,,,,,,,,,,,,
,,,,13,5,4,2,,2,,,2,,,,,,,,,,,,,,
,,,,14,6,4,2,,3,,,2,,,,,,,,,,,,,,
,,,,15,7,4,2,,,,,1,,,,,,,,,,,,,,
,,,,16,8,4,2,,,,,,,,,,,,,,,,,,,
Site,Date,Block,Plot,Subplot,X,Y,Erodium,GerDis,Lupinus,TriEri,Trifolium,Bare,TriFuc,LargeBrush,,,,,,,,,,,,
MCL,4/24/2017,1,2,1,1,5,3,,1,2,3,,,,,,,,,,,,,,,
,,,,2,2,5,2,,,,4,,,,,,,,,,,,,,,
,,,,3,3,5,2,,,,4,2,,,,,,,,,,,,,,
,,,,4,4,5,2,,,2,2,,,,,,,,,,,,,,,
,,,,5,5,5,2,,,,2,,,,,,,,,,,,,,,
,,,,6,6,5,2,,,,,,2,,,,,,,,,,,,,
,,,,7,7,5,3,,,,1,,1,,,,,,,,,,,,,
,,,,8,8,5,2,,,,1,,,,,,,,,,,,,,,
,,,,9,1,6,3,,,,2,,,3,,,,,,,,,,,,
,,,,10,2,6,3,,1,1,2,,,,,,,,,,,,,,,
,,,,11,3,6,2,,,2,2,3,2,1,,,,,,,,,,,,
,,,,12,4,6,2,,,,2,2,,,,,,,,,,,,,,
,,,,13,5,6,2,,2,,2,,,,,,,,,,,,,,,
,,,,14,6,6,2,,2,,2,,,,,,,,,,,,,,,
,,,,15,7,6,2,,,,2,2,,,,,,,,,,,,,,
,,,,16,8,6,2,,,,3,,1,,,,,,,,,,,,,
Site,Date,Block,Plot,Subplot,X,Y,Erodium,GerDis,Trifolium,TriEri,Lupinus,LargeBrush,Bare,TriFuc,,,,,,,,,,,,
MCL,4/24/2017,1,2,1,1,7,2,,2,2,1,,,,,,,,,,,,,,,
,,,,2,2,7,3,,1,1,2,2,,,,,,,,,,,,,,
,,,,3,3,7,2,,1,,2,,,,,,,,,,,,,,,
,,,,4,4,7,2,,2,1,,,2,,,,,,,,,,,,,
,,,,5,5,7,2,,,,,1,,1,,,,,,,,,,,,
,,,,6,6,7,2,,,,1,1,,,,,,,,,,,,,,
,,,,7,7,7,2,,,1,,2,,,,,,,,,,,,,,
,,,,8,8,7,1,,,,,,,,,,,,,,,,,,,
,,,,9,1,8,3,,3,2,,2,,,,,,,,,,,,,,
,,,,10,2,8,2,,2,2,1,2,,,,,,,,,,,,,,
,,,,11,3,8,2,,,2,2,,2,1,,,,,,,,,,,,
,,,,12,4,8,2,,2,,,,,,,,,,,,,,,,,
,,,,13,5,8,1,,,2,1,,,,,,,,,,,,,,,
,,,,14,6,8,,,2,,1,,,1,,,,,,,,,,,,
,,,,15,7,8,2,,1,1,,,,,,,,,,,,,,,,
,,,,16,8,8,2,,1,,,,,,,,,,,,,,,,,
Site,Date,Block,Plot,Subplot,X,Y,Erodium,GerDis,Lupinus,Trifolium,Bare,TriEri,TriFuc,,,,,,,,,,,,,
MCL,4/24/2017,2,1,1,1,1,2,2,,,,,,,,,,,,,,,,,,
,,,,2,2,1,2,3,2,1,,,,,,,,,,,,,,,,
,,,,3,3,1,3,3,2,2,2,,,,,,,,,,,,,,,
,,,,4,4,1,2,2,,,,1,,,,,,,,,,,,,,
,,,,5,5,1,2,3,,,,,,,,,,,,,,,,,,
,,,,6,6,1,2,2,2,,,,,,,,,,,,,,,,,
,,,,7,7,1,2,2,2,,,,,,,,,,,,,,,,,
,,,,8,8,1,2,3,0,,,,,,,,,,,,,,,,,
,,,,9,1,2,2,2,2,,,,,,,,,,,,,,,,,
,,,,10,2,2,2,2,,,,,,,,,,,,,,,,,,
,,,,11,3,2,2,2,1,,,,,,,,,,,,,,,,,
,,,,12,4,2,2,2,,,,,,,,,,,,,,,,,,
,,,,13,5,2,1,2,,,,3,,,,,,,,,,,,,,
,,,,14,6,2,2,2,,,,,,,,,,,,,,,,,,
,,,,15,7,2,2,2,1,1,,,,,,,,,,,,,,,,
,,,,16,8,2,2,3,1,,,,3,,,,,,,,,,,,,
Site,Date,Block,Plot,Subplot,X,Y,Erodium,GerDis,Lupinus,Trifolium,PlaNot,TriFuc,Bare,,,,,,,,,,,,,
MCL,4/24/2017,2,1,1,1,3,2,2,,,,,,,,,,,,,,,,,,
,,,,2,2,3,2,2,,,,,,,,,,,,,,,,,,
,,,,3,3,3,3,2,2,,,,,,,,,,,,,,,,,
,,,,4,4,3,2,3,,,,,,,,,,,,,,,,,,
,,,,5,5,3,2,2,2,2,,,,,,,,,,,,,,,,
,,,,6,6,3,2,2,1,2,,,,,,,,,,,,,,,,
,,,,7,7,3,2,2,1,,1,,,,,,,,,,,,,,,
,,,,8,8,3,1,2,1,,1,,,,,,,,,,,,,,,
,,,,9,1,4,2,3,1,,,1,,,,,,,,,,,,,,
,,,,10,2,4,2,2,2,,,,,,,,,,,,,,,,,
,,,,11,3,4,2,1,1,,,,,,,,,,,,,,,,,
,,,,12,4,4,2,1,1,,,,,,,,,,,,,,,,,
,,,,13,5,4,2,2,2,,,3,,,,,,,,,,,,,,
,,,,14,6,4,2,2,,,1,2,,,,,,,,,,,,,,
,,,,15,7,4,1,2,,,,,,,,,,,,,,,,,,
,,,,16,8,4,2,2,,,,,,,,,,,,,,,,,,
Site,Date,Block,Plot,Subplot,X,Y,Erodium,GerDis,Lupinus,PlaNot,TriFuc,Trifolium,,,,,,,,,,,,,,
MCL,4/24/2017,2,1,1,1,5,2,1,,,,,,,,,,,,,,,,,,
,,,,2,2,5,1,,1,,,,,,,,,,,,,,,,,
,,,,3,3,5,2,2,2,,,,,,,,,,,,,,,,,
,,,,4,4,5,2,2,2,,,,,,,,,,,,,,,,,
,,,,5,5,5,1,2,,,,,,,,,,,,,,,,,,
,,,,6,6,5,1,2,,1,,,,,,,,,,,,,,,,
,,,,7,7,5,,2,,,,,,,,,,,,,,,,,,
,,,,8,8,5,1,2,1,1,2,,,,,,,,,,,,,,,
,,,,9,1,6,,1,1,,,,,,,,,,,,,,,,,
,,,,10,2,6,2,1,,,,,,,,,,,,,,,,,,
,,,,11,3,6,2,2,2,,,1,,,,,,,,,,,,,,
,,,,12,4,6,2,2,3,,,,,,,,,,,,,,,,,
,,,,13,5,6,2,2,2,,1,1,,,,,,,,,,,,,,
,,,,14,6,6,1,1,,,,,,,,,,,,,,,,,,
,,,,15,7,6,1,1,,,,,,,,,,,,,,,,,,
,,,,16,8,6,1,2,,,,,,,,,,,,,,,,,,
Site,Date,Block,Plot,Subplot,X,Y,Erodium,GerDis,Lupinus,PlaNot,TriFuc,Trifolium,,,,,,,,,,,,,,
MCL,4/24/2017,2,1,1,1,7,2,1,,,,,,,,,,,,,,,,,,
,,,,2,2,7,2,,2,,,,,,,,,,,,,,,,,
,,,,3,3,7,2,,4,1,,,,,,,,,,,,,,,,
,,,,4,4,7,2,2,,,,,,,,,,,,,,,,,,
,,,,5,5,7,2,1,,,,,,,,,,,,,,,,,,
,,,,6,6,7,2,2,,,1,,,,,,,,,,,,,,,
,,,,7,7,7,2,,,,,,,,,,,,,,,,,,,
,,,,8,8,7,2,,,,,,,,,,,,,,,,,,,
,,,,9,1,8,2,2,,,,,,,,,,,,,,,,,,
,,,,10,2,8,1,1,,2,,,,,,,,,,,,,,,,
,,,,11,3,8,1,2,2,,,,,,,,,,,,,,,,,
,,,,12,4,8,2,2,,2,,,,,,,,,,,,,,,,
,,,,13,5,8,2,2,,,,,,,,,,,,,,,,,,
,,,,14,6,8,1,,,2,,1,1,,,,,,,,,,,,,
,,,,15,7,8,2,1,,,,,,,,,,,,,,,,,,
,,,,16,8,8,2,,,2,,1,,3,,,,,,,,,,,,
Site,Date,Block,Plot,Subplot,X,Y,Erodium,Lupinus,GerDis,PlaNot,TriFuc,Bare,Trifolium,LargeBrush,Gopher,TriEri,Cerastium,,,,,,,,,
MCL,4/24/2017,2,2,1,1,1,2,2,2,1,2,2,,,,,,,,,,,,,,
,,,,2,2,1,2,,2,1,,,1,,,,,,,,,,,,,
,,,,3,3,1,2,,2,,,3,,,,,,,,,,,,,,
,,,,4,4,1,2,3,2,,2,,,1,,,,,,,,,,,,
,,,,5,5,1,2,3,2,,2,,,,,,,,,,,,,,,
,,,,6,6,1,3,1,2,,,4,3,,4,,,,,,,,,,,
,,,,7,7,1,2,2,1,,,3,5,,,2,,,,,,,,,,
,,,,8,8,1,2,3,,,,,2,2,,,,,,,,,,,,
,,,,9,1,2,2,,3,,1,3,,,,,1,,,,,,,,,
,,,,10,2,2,2,,3,,1,,,,,,,,,,,,,,,
,,,,11,3,2,2,,2,,2,,,,,,,,,,,,,,,
,,,,12,4,2,2,1,2,,2,,,,,,,,,,,,,,,
,,,,13,5,2,3,2,2,,,,,,,,,,,,,,,,,
,,,,14,6,2,2,2,3,,1,,3,,,,,,,,,,,,,
,,,,15,7,2,3,4,,,,,3,2,,,,,,,,,,,,
,,,,16,8,2,3,2,,,,,2,1,,,,,,,,,,,,
Site,Date,Block,Plot,Subplot,X,Y,Erodium,GerDis,Lupinus,TriFuc,Bare,Gopher,TriEri,Trifolium,,,,,,,,,,,,
MCL,4/24/2017,2,2,1,1,3,2,2,2,1,,,,,,,,,,,,,,,,
,,,,2,2,3,3,3,,1,2,2,,,,,,,,,,,,,,
,,,,3,3,3,3,3,,,,,,,,,,,,,,,,,,
,,,,4,4,3,3,2,1,,,,,,,,,,,,,,,,,
,,,,5,5,3,3,2,3,,,,1,,,,,,,,,,,,,
,,,,6,6,3,3,2,2,1,,,,,,,,,,,,,,,,
,,,,7,7,3,3,2,2,2,,,,,,,,,,,,,,,,
,,,,8,8,3,3,1,2,1,,,,,,,,,,,,,,,,
,,,,9,1,4,2,3,1,,,,,,,,,,,,,,,,,
,,,,10,2,4,2,3,2,,,,,,,,,,,,,,,,,
,,,,11,3,4,3,3,,1,,,,,,,,,,,,,,,,
,,,,12,4,4,3,2,1,2,,,,,,,,,,,,,,,,
,,,,13,5,4,3,2,,1,,,,2,,,,,,,,,,,,
,,,,14,6,4,3,3,1,,,,,2,,,,,,,,,,,,
,,,,15,7,4,2,2,3,,,,,3,,,,,,,,,,,,
,,,,16,8,4,2,2,2,,,,,2,,,,,,,,,,,,
Site,Date,Block,Plot,Subplot,X,Y,Erodium,GerDis,Lupinus,TriFuc,Trifolium,TriEri,PlaNot,,,,,,,,,,,,,
MCL,4/24/2017,2,2,1,1,5,2,2,,1,,,,,,,,,,,,,,,,
,,,,2,2,5,2,2,,,,,,,,,,,,,,,,,,
,,,,3,3,5,2,2,,1,,,,,,,,,,,,,,,,
,,,,4,4,5,2,2,2,,,,,,,,,,,,,,,,,
,,,,5,5,5,2,2,,1,2,,,,,,,,,,,,,,,
,,,,6,6,5,2,1,1,,2,,,,,,,,,,,,,,,
,,,,7,7,5,3,2,2,,4,1,,,,,,,,,,,,,,
,,,,8,8,5,3,2,2,,3,,,,,,,,,,,,,,,
,,,,9,1,6,2,2,,,,,1,,,,,,,,,,,,,
,,,,10,2,6,2,2,,,,,,,,,,,,,,,,,,
,,,,11,3,6,1,2,,,,,,,,,,,,,,,,,,
,,,,12,4,6,2,2,,,,,,,,,,,,,,,,,,
,,,,13,5,6,2,2,3,1,,,,,,,,,,,,,,,,
,,,,14,6,6,2,2,2,2,2,,,,,,,,,,,,,,,
,,,,15,7,6,2,2,1,1,,,,,,,,,,,,,,,,
,,,,16,8,6,4,1,1,,,,,,,,,,,,,,,,,
Site,Date,Block,Plot,Subplot,X,Y,Erodium,GerDis,Lupinus,TriEri,Trifolium,TriFuc,PlaNot,,,,,,,,,,,,,
MCL,4/24/2017,2,2,1,1,7,2,3,,,,,,,,,,,,,,,,,,
,,,,2,2,7,2,3,1,,1,,,,,,,,,,,,,,,
,,,,3,3,7,2,2,,,,1,,,,,,,,,,,,,,
,,,,4,4,7,2,2,1,,,1,,,,,,,,,,,,,,
,,,,5,5,7,2,1,1,,1,2,,,,,,,,,,,,,,
,,,,6,6,7,2,2,1,,1,,,,,,,,,,,,,,,
,,,,7,7,7,2,2,2,,,,,,,,,,,,,,,,,
,,,,8,8,7,2,2,3,,,3,,,,,,,,,,,,,,
,,,,9,1,8,3,3,1,,,,,,,,,,,,,,,,,
,,,,10,2,8,3,2,2,,,1,,,,,,,,,,,,,,
,,,,11,3,8,2,2,,,,1,1,,,,,,,,,,,,,
,,,,12,4,8,3,3,2,,,1,,,,,,,,,,,,,,
,,,,13,5,8,2,2,2,,,1,,,,,,,,,,,,,,
,,,,14,6,8,2,2,,,,1,,,,,,,,,,,,,,
,,,,15,7,8,3,2,2,,,1,,,,,,,,,,,,,,
,,,,16,8,8,3,1,2,,,,,,,,,,,,,,,,,
Site,Date,Block,Plot,Subplot,X,Y,Erodium,Rock,Lupinus,Trifolium,Cerastium,,,,,,,,,,,,,,,
MCL,4/23/2017,3,1,1,1,1,4,,,,,,,,,,,,,,,,,,,
,,,,2,2,1,4,2,2,,,,,,,,,,,,,,,,,
,,,,3,3,1,3,,2,,,,,,,,,,,,,,,,,
,,,,4,4,1,3,,1,2,,,,,,,,,,,,,,,,
,,,,5,5,1,3,,2,,,,,,,,,,,,,,,,,
,,,,6,6,1,4,,2,,,,,,,,,,,,,,,,,
,,,,7,7,1,3,,1,,,,,,,,,,,,,,,,,
,,,,8,8,1,4,,2,,,,,,,,,,,,,,,,,
,,,,9,1,2,4,,2,,,,,,,,,,,,,,,,,
,,,,10,2,2,3,,2,,,,,,,,,,,,,,,,,
,,,,11,3,2,2,,1,,1,,,,,,,,,,,,,,,
,,,,12,4,2,2,,,,,,,,,,,,,,,,,,,
,,,,13,5,2,3,,1,1,,,,,,,,,,,,,,,,
,,,,14,6,2,2,,2,,,,,,,,,,,,,,,,,
,,,,15,7,2,2,,2,,,,,,,,,,,,,,,,,
,,,,16,8,2,4,,3,,,,,,,,,,,,,,,,,
Site,Date,Block,Plot,Subplot,X,Y,Erodium,Lupinus,Trifolium,Cerastium,LargeBrush,TriFucatum,Bare,Gopher,,,,,,,,,,,,
MCL,4/23/2017,3,1,1,1,3,3,2,,2,,,,,,,,,,,,,,,,
,,,,2,2,3,3,2,,,,,,,,,,,,,,,,,,
,,,,3,3,3,3,2,,,,,,,,,,,,,,,,,,
,,,,4,4,3,2,2,,,,,,,,,,,,,,,,,,
,,,,5,5,3,3,2,,,,,,,,,,,,,,,,,,
,,,,6,6,3,2,2,,,2,,,,,,,,,,,,,,,
,,,,7,7,3,3,3,,,,,,,,,,,,,,,,,,
,,,,8,8,3,3,2,,,,1,,,,,,,,,,,,,,
,,,,9,1,4,3,1,,,,,,,,,,,,,,,,,,
,,,,10,2,4,3,2,,,,,,,,,,,,,,,,,,
,,,,11,3,4,3,2,,,,,,,,,,,,,,,,,,
,,,,12,4,4,2,1,,,,,,,,,,,,,,,,,,
,,,,13,5,4,3,3,,,,,,,,,,,,,,,,,,
,,,,14,6,4,3,2,,,,,,,,,,,,,,,,,,
,,,,15,7,4,4,3,,,1,,,,,,,,,,,,,,,
,,,,16,8,4,4,3,,,,,3,3,,,,,,,,,,,,
Site,Date,Block,Plot,Subplot,X,Y,Erodium,Lupinus,Cerastium,FuzzyBrush,,,,,,,,,,,,,,,,
MCL,4/23/2017,3,1,1,1,5,3,,2,,,,,,,,,,,,,,,,,
,,,,2,2,5,2,,,,,,,,,,,,,,,,,,,
,,,,3,3,5,2,2,,,,,,,,,,,,,,,,,,
,,,,4,4,5,2,1,,,,,,,,,,,,,,,,,,
,,,,5,5,5,2,3,,,,,,,,,,,,,,,,,,
,,,,6,6,5,3,2,,,,,,,,,,,,,,,,,,
,,,,7,7,5,4,3,,,,,,,,,,,,,,,,,,
,,,,8,8,5,4,3,,,,,,,,,,,,,,,,,,
,,,,9,1,6,3,2,2,1,,,,,,,,,,,,,,,,
,,,,10,2,6,2,2,,,,,,,,,,,,,,,,,,
,,,,11,3,6,2,1,,,,,,,,,,,,,,,,,,
,,,,12,4,6,2,1,,,,,,,,,,,,,,,,,,
,,,,13,5,6,2,3,,,,,,,,,,,,,,,,,,
,,,,14,6,6,2,3,,,,,,,,,,,,,,,,,,
,,,,15,7,6,3,3,,1,,,,,,,,,,,,,,,,
,,,,16,8,6,3,3,,,,,,,,,,,,,,,,,,
Site,Date,Block,Plot,Subplot,X,Y,Erodium,Lupinus,Bare,LargeBrush,Trifolium,Cerastium,,,,,,,,,,,,,,
MCL,4/23/2017,3,1,1,1,7,3,2,,,,,,,,,,,,,,,,,,
,,,,2,2,7,2,2,,,,,,,,,,,,,,,,,,
,,,,3,3,7,2,2,,,,,,,,,,,,,,,,,,
,,,,4,4,7,2,3,2,,,,,,,,,,,,,,,,,
,,,,5,5,7,2,3,,,,,,,,,,,,,,,,,,
,,,,6,6,7,2,4,,,,,,,,,,,,,,,,,,
,,,,7,7,7,3,3,,2,,,,,,,,,,,,,,,,
,,,,8,8,7,3,3,,,,,,,,,,,,,,,,,,
,,,,9,1,8,3,,,,1,,,,,,,,,,,,,,,
,,,,10,2,8,3,,,,,,,,,,,,,,,,,,,
,,,,11,3,8,3,2,,,,,,,,,,,,,,,,,,
,,,,12,4,8,2,2,,,,,,,,,,,,,,,,,,
,,,,13,5,8,2,3,,,,1,,,,,,,,,,,,,,
,,,,14,6,8,2,4,,,,,,,,,,,,,,,,,,
,,,,15,7,8,2,4,,,,,,,,,,,,,,,,,,
,,,,16,8,8,3,3,,,,,,,,,,,,,,,,,,
Site,Date,Block,Plot,Subplot,X,Y,Erodium,Lupinus,Trifolium,Bare,LargeBrush,,,,,,,,,,,,,,,
MCL,4/23/2017,3,2,1,1,1,3,2,,,,,,,,,,,,,,,,,,
,,,,2,2,1,4,4,,,,,,,,,,,,,,,,,,
,,,,3,3,1,4,3,,,,,,,,,,,,,,,,,,
,,,,4,4,1,4,3,,,,,,,,,,,,,,,,,,
,,,,5,5,1,4,4,2,,,,,,,,,,,,,,,,,
,,,,6,6,1,4,4,,2,,,,,,,,,,,,,,,,
,,,,7,7,1,3,4,,,,,,,,,,,,,,,,,,
,,,,8,8,1,3,3,,,,,,,,,,,,,,,,,,
,,,,9,1,2,3,3,,,3,,,,,,,,,,,,,,,
,,,,10,2,2,3,3,,2,1,,,,,,,,,,,,,,,
,,,,11,3,2,4,4,,,,,,,,,,,,,,,,,,
,,,,12,4,2,4,3,1,,,,,,,,,,,,,,,,,
,,,,13,5,2,4,3,1,,,,,,,,,,,,,,,,,
,,,,14,6,2,3,3,2,,,,,,,,,,,,,,,,,
,,,,15,7,2,4,3,,,,,,,,,,,,,,,,,,
,,,,16,8,2,3,3,2,,,,,,,,,,,,,,,,,
Site,Date,Block,Plot,Subplot,X,Y,Erodium,Lupinus,Trifolium,TriFuc,Bare,Gopher,,,,,,,,,,,,,,
MCL,4/23/2017,3,2,1,1,3,3,3,,,,,,,,,,,,,,,,,,
,,,,2,2,3,3,4,,,,,,,,,,,,,,,,,,
,,,,3,3,3,4,4,,,,,,,,,,,,,,,,,,
,,,,4,4,3,4,4,,,,,,,,,,,,,,,,,,
,,,,5,5,3,4,4,2,,,,,,,,,,,,,,,,,
,,,,6,6,3,4,4,3,,,,,,,,,,,,,,,,,
,,,,7,7,3,4,3,3,1,,,,,,,,,,,,,,,,
,,,,8,8,3,4,4,2,,,,,,,,,,,,,,,,,
,,,,9,1,4,3,3,,,2,2,,,,,,,,,,,,,,
,,,,10,2,4,3,4,,,,,,,,,,,,,,,,,,
,,,,11,3,4,3,4,,,2,,,,,,,,,,,,,,,
,,,,12,4,4,3,4,,,,,,,,,,,,,,,,,,
,,,,13,5,4,3,3,,,,,,,,,,,,,,,,,,
,,,,14,6,4,4,4,,,,,,,,,,,,,,,,,,
,,,,15,7,4,2,2,7,,,,,,,,,,,,,,,,,
,,,,16,8,4,3,4,3,,,,,,,,,,,,,,,,,
Site,Date,Block,Plot,Subplot,X,Y,Erodium,Lupinus,Bare,TriEri,LargeBrush,Trifolium,,,,,,,,,,,,,,
MCL,4/23/2017,3,2,1,1,5,2,4,2,,,,,,,,,,,,,,,,,
,,,,2,2,5,3,4,2,,,,,,,,,,,,,,,,,
,,,,3,3,5,3,4,,1,2,,,,,,,,,,,,,,,
,,,,4,4,5,3,4,,,,,,,,,,,,,,,,,,
,,,,5,5,5,3,4,,,,,,,,,,,,,,,,,,
,,,,6,6,5,4,4,,,,2,,,,,,,,,,,,,,
,,,,7,7,5,2,,,,,3,,,,,,,,,,,,,,
,,,,8,8,5,3,2,,,,3,,,,,,,,,,,,,,
,,,,9,1,6,2,3,,,,,,,,,,,,,,,,,,
,,,,10,2,6,2,3,,,,,,,,,,,,,,,,,,
,,,,11,3,6,2,4,,,1,,,,,,,,,,,,,,,
,,,,12,4,6,3,4,,,,,,,,,,,,,,,,,,
,,,,13,5,6,3,5,,,,,,,,,,,,,,,,,,
,,,,14,6,6,4,3,,,,,,,,,,,,,,,,,,
,,,,15,7,6,3,2,,,,3,,,,,,,,,,,,,,
,,,,16,8,6,3,0,,,,5,,,,,,,,,,,,,,
Site,Date,Block,Plot,Subplot,X,Y,Erodium,Lupinus,Bare,Trifolium,Rock,Gopher,,,,,,,,,,,,,,
MCL,4/23/2017,3,2,1,1,7,1,3,,,,,,,,,,,,,,,,,,
,,,,2,2,7,2,3,,,,,,,,,,,,,,,,,,
,,,,3,3,7,2,3,2,2,,,,,,,,,,,,,,,,
,,,,4,4,7,2,4,,,,,,,,,,,,,,,,,,
,,,,5,5,7,3,4,,,,,,,,,,,,,,,,,,
,,,,6,6,7,3,3,,,,,,,,,,,,,,,,,,
,,,,7,7,7,2,2,,,,,,,,,,,,,,,,,,
,,,,8,8,7,1,1,,2,3,,,,,,,,,,,,,,,
,,,,9,1,8,1,2,,,,,,,,,,,,,,,,,,
,,,,10,2,8,2,2,2,1,,,,,,,,,,,,,,,,
,,,,11,3,8,0,2,,,,,,,,,,,,,,,,,,
,,,,12,4,8,2,3,,,,,,,,,,,,,,,,,,
,,,,13,5,8,3,3,3,,,3,,,,,,,,,,,,,,
,,,,14,6,8,1,3,,,,,,,,,,,,,,,,,,
,,,,15,7,8,2,1,,,,,,,,,,,,,,,,,,
,,,,16,8,8,2,2,,4,,,,,,,,,,,,,,,,
Site,Date,Block,Plot,Subplot,X,Y,Erodium,Lupinus,Gopher,Bare,Cerastium,GerDis,,,,,,,,,,,,,,
MCL,4/23/2017,4,1,1,1,1,2,2,,,,,,,,,,,,,,,,,,
,,,,2,2,1,1,2,,,,,,,,,,,,,,,,,,
,,,,3,3,1,0,0,,,,,,,,,,,,,,,,,,
,,,,4,4,1,0,2,,,,,,,,,,,,,,,,,,
,,,,5,5,1,2,3,,,,,,,,,,,,,,,,,,
,,,,6,6,1,0,2,,,,,,,,,,,,,,,,,,
,,,,7,7,1,2,0,2,2,,,,,,,,,,,,,,,,
,,,,8,8,1,1,2,,,,,,,,,,,,,,,,,,
,,,,9,1,2,1,2,,,,,,,,,,,,,,,,,,
,,,,10,2,2,1,2,,,,,,,,,,,,,,,,,,
,,,,11,3,2,1,2,,,,,,,,,,,,,,,,,,
,,,,12,4,2,0,1,,,,,,,,,,,,,,,,,,
,,,,13,5,2,0,2,,,,,,,,,,,,,,,,,,
,,,,14,6,2,0,2,,,1,,,,,,,,,,,,,,,
,,,,15,7,2,0,1,2,,1,,,,,,,,,,,,,,,
,,,,16,8,2,0,2,,,,,,,,,,,,,,,,,,
Site,Date,Block,Plot,Subplot,X,Y,Erodium,Lupinus,GerDis,Trifolium,LargeBrush,Delphinium?,TriEri,Bare,,,,,,,,,,,,
MCL,4/23/2017,4,1,1,1,3,2,2,,,,,,,,,,,,,,,,,,
,,,,2,2,3,2,2,,,,,,,,,,,,,,,,,,
,,,,3,3,3,2,1,,,,,,,,,,,,,,,,,,
,,,,4,4,3,1,2,1,,,,,,,,,,,,,,,,,
,,,,5,5,3,0,2,,,,,,,,,,,,,,,,,,
,,,,6,6,3,0,2,,,,,,,,,,,,,,,,,,
,,,,7,7,3,1,2,,,,,,,,,,,,,,,,,,
,,,,8,8,3,0,2,,1,,,,,,,,,,,,,,,,
,,,,9,1,4,2,2,,,1,1,,,,,,,,,,,,,,
,,,,10,2,4,3,2,1,,,,2,,,,,,,,,,,,,
,,,,11,3,4,2,2,,,,,,,,,,,,,,,,,,
,,,,12,4,4,2,2,,,,,,2,,,,,,,,,,,,
,,,,13,5,4,0,2,,,,,,,,,,,,,,,,,,
,,,,14,6,4,1,2,,,,,,,,,,,,,,,,,,
,,,,15,7,4,0,2,,1,,,,,,,,,,,,,,,,
,,,,16,8,4,2,2,,,,,,,,,,,,,,,,,,
Site,Date,Block,Plot,Subplot,X,Y,Erodium,Lupinus,GerDis,Bare,Gopher,TriEri,Trifolium,,,,,,,,,,,,,
MCL,4/23/2017,4,1,1,1,5,3,2,,,,,,,,,,,,,,,,,,
,,,,2,2,5,2,0,,,,,,,,,,,,,,,,,,
,,,,3,3,5,2,2,1,,,,,,,,,,,,,,,,,
,,,,4,4,5,2,2,,,,,,,,,,,,,,,,,,
,,,,5,5,5,2,2,,,,,,,,,,,,,,,,,,
,,,,6,6,5,2,2,,,,,,,,,,,,,,,,,,
,,,,7,7,5,0,2,1,,,,,,,,,,,,,,,,,
,,,,8,8,5,1,2,,2,3,,,,,,,,,,,,,,,
,,,,9,1,6,3,2,,,,1,,,,,,,,,,,,,,
,,,,10,2,6,3,1,,,,,2,,,,,,,,,,,,,
,,,,11,3,6,3,2,,,,,,,,,,,,,,,,,,
,,,,12,4,6,2,2,,,,,,,,,,,,,,,,,,
,,,,13,5,6,1,3,,,,,,,,,,,,,,,,,,
,,,,14,6,6,2,3,,,,,,,,,,,,,,,,,,
,,,,15,7,6,2,2,,,,,,,,,,,,,,,,,,
,,,,16,8,6,1,3,,,,,,,,,,,,,,,,,,
Site,Date,Block,Plot,Subplot,X,Y,Erodium,Lupinus,Delphinium,Cerastium,Bare,,,,,,,,,,,,,,,
MCL,4/23/2017,4,1,1,1,7,4,0,,,,,,,,,,,,,,,,,,
,,,,2,2,7,3,1,,,,,,,,,,,,,,,,,,
,,,,3,3,7,3,1,,,,,,,,,,,,,,,,,,
,,,,4,4,7,2,1,,,,,,,,,,,,,,,,,,
,,,,5,5,7,2,4,,,,,,,,,,,,,,,,,,
,,,,6,6,7,0,3,,,,,,,,,,,,,,,,,,
,,,,7,7,7,2,2,,,,,,,,,,,,,,,,,,
,,,,8,8,7,2,3,,,,,,,,,,,,,,,,,,
,,,,9,1,8,2,2,,,,,,,,,,,,,,,,,,
,,,,10,2,8,3,2,4,,,,,,,,,,,,,,,,,
,,,,11,3,8,2,2,,,,,,,,,,,,,,,,,,
,,,,12,4,8,2,3,,,,,,,,,,,,,,,,,,
,,,,13,5,8,2,3,,1,,,,,,,,,,,,,,,,
,,,,14,6,8,2,2,,,,,,,,,,,,,,,,,,
,,,,15,7,8,2,3,,,,,,,,,,,,,,,,,,
,,,,16,8,8,2,2,,,1,,,,,,,,,,,,,,,
Site,Date,Block,Plot,Subplot,X,Y,Erodium,Lupinus,Bare,Gopher,Cerastium,,,,,,,,,,,,,,,
MCL,4/23/2017,4,2,1,1,1,0,2,,,,,,,,,,,,,,,,,,
,,,,2,2,1,0,3,,,,,,,,,,,,,,,,,,
,,,,3,3,1,0,2,3,,2,,,,,,,,,,,,,,,
,,,,4,4,1,0,2,2,,1,,,,,,,,,,,,,,,
,,,,5,5,1,0,3,,,,,,,,,,,,,,,,,,
,,,,6,6,1,0,2,,,,,,,,,,,,,,,,,,
,,,,7,7,1,2,3,,,,,,,,,,,,,,,,,,
,,,,8,8,1,2,3,,,,,,,,,,,,,,,,,,
,,,,9,1,2,,2,,,,,,,,,,,,,,,,,,
,,,,10,2,2,,3,,,,,,,,,,,,,,,,,,
,,,,11,3,2,,3,2,2,,,,,,,,,,,,,,,,
,,,,12,4,2,1,3,,,,,,,,,,,,,,,,,,
,,,,13,5,2,,2,,,,,,,,,,,,,,,,,,
,,,,14,6,2,1,3,,,,,,,,,,,,,,,,,,
,,,,15,7,2,,2,,,,,,,,,,,,,,,,,,
,,,,16,8,2,2,3,,,,,,,,,,,,,,,,,,
Site,Date,Block,Plot,Subplot,X,Y,Erodium,Lupinus,TriWildenovii,Bare,Gopher,TriFucatum,,,,,,,,,,,,,,
MCL,4/23/2017,4,2,1,1,3,,2,1,,,,,,,,,,,,,,,,,
,,,,2,2,3,,2,,2,,,,,,,,,,,,,,,,
,,,,3,3,3,,2,,2,,,,,,,,,,,,,,,,
,,,,4,4,3,2,3,,3,3,,,,,,,,,,,,,,,
,,,,5,5,3,1,3,,,,1,,,,,,,,,,,,,,
,,,,6,6,3,1,3,,,,,,,,,,,,,,,,,,
,,,,7,7,3,2,3,,,,,,,,,,,,,,,,,,
,,,,8,8,3,2,3,,,,,,,,,,,,,,,,,,
,,,,9,1,4,,3,,,,,,,,,,,,,,,,,,
,,,,10,2,4,,4,,,,,,,,,,,,,,,,,,
,,,,11,3,4,,3,,3,,,,,,,,,,,,,,,,
,,,,12,4,4,2,4,,,,,,,,,,,,,,,,,,
,,,,13,5,4,,3,,,,,,,,,,,,,,,,,,
,,,,14,6,4,1,3,,,,,,,,,,,,,,,,,,
,,,,15,7,4,2,2,,,,,,,,,,,,,,,,,,
,,,,16,8,4,2,2,,,,,,,,,,,,,,,,,,
Site,Date,Block,Plot,Subplot,X,Y,Erodium,Lupinus,Bare,Gopher,Cerastium,,,,,,,,,,,,,,,
MCL,4/23/2017,4,2,1,1,5,4,2,2,,,,,,,,,,,,,,,,,
,,,,2,2,5,4,,,2,,,,,,,,,,,,,,,,
,,,,3,3,5,4,,,,3,,,,,,,,,,,,,,,
,,,,4,4,5,4,,,,,,,,,,,,,,,,,,,
,,,,5,5,5,4,,,,,,,,,,,,,,,,,,,
,,,,6,6,5,3,,,,,,,,,,,,,,,,,,,
,,,,7,7,5,3,,,,,,,,,,,,,,,,,,,
,,,,8,8,5,2,,,,,,,,,,,,,,,,,,,
,,,,9,1,6,4,,,,,,,,,,,,,,,,,,,
,,,,10,2,6,5,,,,,,,,,,,,,,,,,,,
,,,,11,3,6,4,,,,,,,,,,,,,,,,,,,
,,,,12,4,6,4,,,,,,,,,,,,,,,,,,,
,,,,13,5,6,4,,,,,,,,,,,,,,,,,,,
,,,,14,6,6,3,,,,,,,,,,,,,,,,,,,
,,,,15,7,6,2,,,,,,,,,,,,,,,,,,,
,,,,16,8,6,2,,,,,,,,,,,,,,,,,,,
Site,Date,Block,Plot,Subplot,X,Y,Erodium,Lupinus,Rock,Bare,,,,,,,,,,,,,,,,
MCL,4/23/2017,4,2,1,1,7,2,3,,,,,,,,,,,,,,,,,,
,,,,2,2,7,2,5,,,,,,,,,,,,,,,,,,
,,,,3,3,7,2,4,,,,,,,,,,,,,,,,,,
,,,,4,4,7,2,4,,,,,,,,,,,,,,,,,,
,,,,5,5,7,2,5,,,,,,,,,,,,,,,,,,
,,,,6,6,7,2,3,,,,,,,,,,,,,,,,,,
,,,,7,7,7,2,3,,,,,,,,,,,,,,,,,,
,,,,8,8,7,2,2,,,,,,,,,,,,,,,,,,
,,,,9,1,8,3,4,,,,,,,,,,,,,,,,,,
,,,,10,2,8,3,4,,,,,,,,,,,,,,,,,,
,,,,11,3,8,2,4,,,,,,,,,,,,,,,,,,
,,,,12,4,8,3,5,,,,,,,,,,,,,,,,,,
,,,,13,5,8,1,4,2,2,,,,,,,,,,,,,,,,
,,,,14,6,8,2,3,,,,,,,,,,,,,,,,,,
,,,,15,7,8,2,2,,,,,,,,,,,,,,,,,,
,,,,16,8,8,2,2,,,,,,,,,,,,,,,,,,
Site,Date,Block,Plot,Subplot,X,Y,TriDub,HypGla,LupBic,GerDis,VicVel,WhiteBrush,TriWil,AmsMen,GalPar,TriFuc,AirCar,Bare,Gopher,TriEri,,,,,,
MCL,4/24/2017,1,1,1,1,1,3,2,,2,2,,,,,,,,,,,,,,,
,,,,2,2,1,5,3,,2,2,,,,,,,,,,,,,,,
,,,,3,3,1,4,5,,2,,,,,1,,,,,,,,,,,
,,,,4,4,1,5,3,,2,2,,,,1,,,3,3,,,,,,,
,,,,5,5,1,3,5,2,2,3,,1,,1,,,,,,,,,,,
,,,,6,6,1,3,5,1,2,,,1,1,,2,,3,3,1,,,,,,
,,,,7,7,1,3,6,1,1,1,,,,1,1,,,,1,,,,,,
,,,,8,8,1,3,5,2,2,2,2,,,,,,,,2,,,,,,
,,,,9,1,2,2,1,,1,,,,,,,1,,,1,,,,,,
,,,,10,2,2,6,3,,2,2,,1,,1,1,,,,,,,,,,
,,,,11,3,2,4,3,,2,3,,,,1,,,3,3,,,,,,,
,,,,12,4,2,6,3,,2,4,,,,,,,,,,,,,,,
,,,,13,5,2,4,6,,2,3,,,,,,,,,,,,,,,
,,,,14,6,2,5,4,2,1,,,,,1,,,,,2,,,,,,
,,,,15,7,2,4,5,,1,,,1,,,2,,,,,,,,,,
,,,,16,8,2,3,6,1,,,1,,,1,1,,2,2,3,,,,,,
Site,Date,Block,Plot,Subplot,X,Y,TriEri,AmsMen,TriDub,LupBic,HypGla,VicVel,TriWil,WhiteBrush,GerDis,Bare,Gopher,TriFuc,GalPar,AirCar,,,,,,
MCL,3/29/2017,1,1,1,1,3,2,,4,,5,,1,2,2,,,,,,,,,,,
,,,,2,2,3,,,4,2,6,,1,,2,,,,,,,,,,,
,,,,3,3,3,,,4,,4,3,,,3,3,3,,,,,,,,,
,,,,4,4,3,,,4,,3,,,,3,,,,,,,,,,,
,,,,5,5,3,,,3,,3,,,,2,4,4,1,1,,,,,,,
,,,,6,6,3,,,4,2,4,,,,2,,,,,,,,,,,
,,,,7,7,3,,,3,,5,,,1,1,4,4,1,1,,,,,,,
,,,,8,8,3,,,4,2,6,,,,2,,,,1,,,,,,,
,,,,9,1,4,2,,3,2,3,,,,,,,2,,,,,,,,
,,,,10,2,4,,,3,,4,,,,2,,,1,,,,,,,,
,,,,11,3,4,,,5,2,4,2,,,2,,,,,,,,,,,
,,,,12,4,4,,,4,,4,3,2,,2,,,,,,,,,,,
,,,,13,5,4,,,4,,4,,2,,1,3,3,,,1,,,,,,
,,,,14,6,4,3,,2,,6,,,,,,,,,,,,,,,
,,,,15,7,4,1,,3,2,5,,,,,3,3,,1,,,,,,,
,,,,16,8,4,2,,3,,4,,,2,,2,2,,1,,,,,,,
Site,Date,Block,Plot,Subplot,X,Y,HypGla,LupBic,VicVel,TriEri,AmsMen,TriDub,TriWil,GerDis,WhiteBrush,Bare,Gopher,GalPar,TriFuc,AirCar,MicCal,,,,,
MCL,3/30/2017,1,1,1,1,5,,0,3,,1,4,,,,,,,,,,,,,,
,,,,2,2,5,3,1,2,2,,5,,,1,,,,,,,,,,,
,,,,3,3,5,2,,3,5,,,1,1,,,,,,,,,,,,
,,,,4,4,5,2,2,5,,,4,,1,,3,3,,,,,,,,,
,,,,5,5,5,2,1,4,,,4,,,,,,,,,,,,,,
,,,,6,6,5,2,2,3,,,5,,,,,,1,,,,,,,,
,,,,7,7,5,1,1,2,,,5,,1,,,,,,,,,,,,
,,,,8,8,5,3,1,3,,,5,,,3,,,1,1,,,,,,,
,,,,9,1,6,3,,4,,,4,,1,,,,,,,,,,,,
,,,,10,2,6,2,2,4,,,5,,2,,,,1,,,,,,,,
,,,,11,3,6,3,1,2,,,5,,,,,,1,,,,,,,,
,,,,12,4,6,,,4,,,5,,,,,,,,,,,,,,
,,,,13,5,6,2,,4,,,5,,2,,,,,,,,,,,,
,,,,14,6,6,2,2,4,,,4,,2,1,,,,,,,,,,,
,,,,15,7,6,3,,2,,,4,,1,,,,,,,,,,,,
,,,,16,8,6,5,,3,,,5,,2,1,,,,1,1,,,,,,
Site,Date,Block,Plot,Subplot,X,Y,HypGla,LupBic,VicVel,TriEri,AmsMen,TriDub,TriWil,GerDis,GalPar,AirCar,Bare,Gopher,CarPac,TriFuc,WhiteBrush,Unk VicSat?,,,,
MCL,3/30/2017,1,1,1,1,7,,2,4,,,5,,,1,,,,,,,,,,,
,,,,2,2,7,2,2,4,,,5,,,,,,,,,,,,,,
,,,,3,3,7,1,2,3,,,5,,2,,1,,,,,,,,,,
,,,,4,4,7,,,4,,,4,,2,1,,3,3,1,,,,,,,
,,,,5,5,7,,,4,,,4,,1,1,,,,,,,,,,,
,,,,6,6,7,2,,3,,,4,,,1,1,,,,,,,,,,
,,,,7,7,7,2,,3,,,3,,,,,,,,,,,,,,
,,,,8,8,7,,1,2,2,,5,,1,,1,,,,1,,,,,,
,,,,9,1,8,1,,4,,,4,,1,1,,,,,,,,,,,
,,,,10,2,8,,,3,,,3,,,1,,,,,,,,,,,
,,,,11,3,8,,,3,,,5,,1,,,,,1,,,,,,,
,,,,12,4,8,,,5,,,2,,,1,,2,2,,,,,,,,
,,,,13,5,8,,2,3,,,5,1,1,,,2,2,,,2,,,,,
,,,,14,6,8,1,3,3,,,4,2,2,,,,,,,,,,,,
,,,,15,7,8,3,2,3,,,3,,1,,1,,,,,1,,,,,
,,,,16,8,8,5,1,2,,,3,1,,,1,2,,,,2,1,,,,
Site,Date,Block,Plot,Subplot,X,Y,TriDub,HypGla,GerDis,TriEri,Bare,Gopher,WhiteBrush,GalPar,UnkVetch,AirCar,MicCal,LupBic,TriWil,,,,,,,
MCL,3/30/2017,1,2,1,1,1,2,1,,,,,,,,,,,,,,,,,,
,,,,2,2,1,2,5,2,2,,,,,,,,,,,,,,,,
,,,,3,3,1,2,4,2,,4,4,2,1,,,,,,,,,,,,
,,,,4,4,1,,5,2,,4,4,1,,1,,,,,,,,,,,
,,,,5,5,1,1,4,,,,,,,2,,,,,,,,,,,
,,,,6,6,1,2,5,,2,,,2,,,,,,,,,,,,,
,,,,7,7,1,2,3,,,,,,,2,1,,,,,,,,,,
,,,,8,8,1,3,6,,1,3,3,,,2,2,,,,,,,,,,
,,,,9,1,2,3,3,,3,,,,,,,,,,,,,,,,
,,,,10,2,2,3,5,,,3,3,,1,,,,1,,,,,,,,
,,,,11,3,2,2,6,,,,,3,1,1,,,,,,,,,,,
,,,,12,4,2,2,5,,,,,2,1,2,,,,,,,,,,,
,,,,13,5,2,1,5,,2,,,3,,2,,,1,,,,,,,,
,,,,14,6,2,2,3,,,,,3,,2,,,,,,,,,,,
,,,,15,7,2,2,5,,1,,,,,1,,,,,,,,,,,
,,,,16,8,2,2,4,,,,,2,1,,1,1,,2,,,,,,,
Site,Date,Block,Plot,Subplot,X,Y,TriDub,HypGla,GerDis,TriEri,Bare,Gopher,WhiteBrush,GalPar,UnkVetch,AirCar,MicCal,LupBic,TriWil,TriFuc,CerGlo,,,,,
MCL,3/30/2017,1,2,1,1,3,3,6,,,,,2,,1,,,1,,,,,,,,
,,,,2,2,3,5,4,,2,,,,,,,,,,,,,,,,
,,,,3,3,3,2,5,,,,,2,,1,,,1,,1,,,,,,
,,,,4,4,3,3,6,,,,,2,1,2,1,,1,1,1,,,,,,
,,,,5,5,3,2,6,,2,,,2,,2,,,2,,,,,,,,
,,,,6,6,3,2,5,,,,,2,,1,,,1,1,,,,,,,
,,,,7,7,3,2,5,,,,,,,2,,,1,2,,,,,,,
,,,,8,8,3,1,6,,,,,2,,2,,,,1,,,,,,,
,,,,9,1,4,3,5,,1,,,2,,1,1,,,,1,,,,,,
,,,,10,2,4,3,5,,2,,,3,,1,1,,,,,,,,,,
,,,,11,3,4,2,5,,,,,1,1,2,,,1,,1,1,,,,,
,,,,12,4,4,2,4,,,3,3,2,1,3,,,,,,,,,,,
,,,,13,5,4,2,6,,2,,,2,,3,,,,,2,,,,,,
,,,,14,6,4,2,6,,2,,,1,1,3,1,,,,,,,,,,
,,,,15,7,4,1,6,,2,,,1,,3,,,,,,,,,,,
,,,,16,8,4,1,6,,,,,,,2,,,,,,,,,,,
Site,Date,Block,Plot,Subplot,X,Y,HypGla,TriEri,WhiteBrush,TriDub,LupBic,Unk VicSat?,GalPar,TriFuc,AirCar,TriWil,GerDis,Bare,Gopher,Rock,UnkFlower,,,,,
MCL,3/30/2017,1,2,1,1,5,4,2,2,2,1,,,,,,,,,,,,,,,
,,,,2,2,5,3,,1,2,,2,1,1,,,,,,,,,,,,
,,,,3,3,5,2,1,1,1,,2,1,,1,,,,,,,,,,,
,,,,4,4,5,3,2,1,2,1,2,1,,,,,,,,,,,,,
,,,,5,5,5,5,1,,2,,2,1,,,1,,,,,,,,,,
,,,,6,6,5,5,1,2,,,2,1,1,,,,,,,,,,,,
,,,,7,7,5,5,1,,1,,2,1,1,,,,,,,,,,,,
,,,,8,8,5,4,,,,,1,1,,,,,,,,,,,,,
,,,,9,1,6,4,1,3,2,,1,,,,,1,,,,,,,,,
,,,,10,2,6,3,,2,1,,,1,,,,1,,,,,,,,,
,,,,11,3,6,3,3,3,2,,1,1,,,,,3,3,1,,,,,,
,,,,12,4,6,5,,1,2,1,1,1,,,,,3,3,,1,,,,,
,,,,13,5,6,4,1,1,1,1,1,1,,,,,,,,,,,,,
,,,,14,6,6,5,,2,,1,1,1,,,,,,,,,,,,,
,,,,15,7,6,4,1,1,2,1,2,1,,,,,2,2,,,,,,,
,,,,16,8,6,4,,,2,,2,,1,,,,,,,,,,,,
Site,Date,Block,Plot,Subplot,X,Y,HypGla,TriEri,WhiteBrush,TriDub,LupBic,Unk VicSat?,GalPar,TriFuc,AirCar,TriWil,GerDis,Bare,Gopher,VicVel,Hoof,TriGra,,,,
MCL,3/30/2017,1,2,1,1,7,3,3,3,3,1,,,1,,,,,,,,,,,,
,,,,2,2,7,4,1,3,1,1,1,,2,,,,,,,,,,,,
,,,,3,3,7,3,,1,1,1,1,,,,,,,,,,,,,,
,,,,4,4,7,4,2,,2,,1,1,,,,,2,2,,,,,,,
,,,,5,5,7,5,,2,1,,1,,,,,,2,,,2,,,,,
,,,,6,6,7,5,2,3,2,,,,,,,,,,,,,,,,
,,,,7,7,7,5,,2,1,,1,,1,,,,,,,,,,,,
,,,,8,8,7,6,2,,,,2,,,,,1,,,,,,,,,
,,,,9,1,8,3,3,2,3,,,,1,,,,,,1,,,,,,
,,,,10,2,8,4,3,3,2,1,,1,1,,2,1,,,,,3,,,,
,,,,11,3,8,5,2,2,2,1,1,,1,,,,3,3,,,,,,,
,,,,12,4,8,4,,,2,,,,,,,,,,,,,,,,
,,,,13,5,8,3,2,1,2,1,,,2,,,,,,,,,,,,
,,,,14,6,8,6,,1,2,,1,1,,,,,,,,,,,,,
,,,,15,7,8,4,,1,1,,2,,,,,,,,,,,,,,
,,,,16,8,8,4,1,,1,,1,,,,,,,,,,,,,,
Site,Date,Block,Plot,Subplot,X,Y,VicVel,HypGla,TriDub,GerDis,TriEri,TriDub,LupBic,Bare,Gopher,WhiteBrush,TriFuc,,,,,,,,,
MCL,3/28/2017,2,1,1,1,1,5,6,,2,,1,,,,,,,,,,,,,,
,,,,2,2,1,4,6,3,3,,,2,,,,,,,,,,,,,
,,,,3,3,1,3,6,3,3,,,,2,2,,,,,,,,,,,
,,,,4,4,1,,6,,3,3,,2,,,,,,,,,,,,,
,,,,5,5,1,2,6,,4,,,2,,,,,,,,,,,,,
,,,,6,6,1,3,5,2,3,,,,,,,,,,,,,,,,
,,,,7,7,1,,6,,3,,,2,,,1,,,,,,,,,,
,,,,8,8,1,4,3,2,4,,,,,,,,,,,,,,,,
,,,,9,1,2,3,6,,3,,,2,,,,,,,,,,,,,
,,,,10,2,2,3,5,,3,,,1,,,,,,,,,,,,,
,,,,11,3,2,2,6,3,3,,,,,,,,,,,,,,,,
,,,,12,4,2,3,5,,3,,,,,,2,,,,,,,,,,
,,,,13,5,2,,3,,3,,,1,2,2,,,,,,,,,,,
,,,,14,6,2,6,,,3,,,,,,,,,,,,,,,,
,,,,15,7,2,4,3,,3,,,,,,2,,,,,,,,,,
,,,,16,8,2,4,5,4,,,,,,,,1,,,,,,,,,
Site,Date,Block,Plot,Subplot,X,Y,VicVel,HypGla,TriDub,LupBic,TriEri,GerDis,TriFuc,Bare,Gopher,GalPar,WhiteBrush,,,,,,,,,
MCL,3/28/2017,2,1,1,1,3,,5,,1,,3,,,,,,,,,,,,,,
,,,,2,2,3,2,5,,,,3,,,,,,,,,,,,,,
,,,,3,3,3,,5,,1,,3,,,,,,,,,,,,,,
,,,,4,4,3,,6,1,,,4,,,,,,,,,,,,,,
,,,,5,5,3,3,3,3,2,,3,,,,,,,,,,,,,,
,,,,6,6,3,2,5,4,1,,3,,,,,,,,,,,,,,
,,,,7,7,3,4,6,,1,,4,,,,,,,,,,,,,,
,,,,8,8,3,2,4,,1,,3,,,,,,,,,,,,,,
,,,,9,1,4,3,5,,2,,3,2,,,,,,,,,,,,,
,,,,10,2,4,2,4,,2,,2,,,,,,,,,,,,,,
,,,,11,3,4,,3,,2,,2,,,,,,,,,,,,,,
,,,,12,4,4,,3,,1,,2,,,,,,,,,,,,,,
,,,,13,5,4,3,4,,3,,3,,3,3,1,1,,,,,,,,,
,,,,14,6,4,2,2,,1,,3,,2,2,,,,,,,,,,,
,,,,15,7,4,2,2,2,1,,3,,,,,,,,,,,,,,
,,,,16,8,4,4,5,,1,,4,,,,,,,,,,,,,,
Site,Date,Block,Plot,Subplot,X,Y,TriDub,LupBic,TriFuc,VicVel,TriEri,HypGla,GerDis,ConArv,WhiteBrush,,,,,,,,,,,
MCL,3/28/2017,2,1,1,1,5,,1,,2,,4,2,,,,,,,,,,,,,
,,,,2,2,5,,2,,,,2,1,,,,,,,,,,,,,
,,,,3,3,5,,1,,,,3,2,,,,,,,,,,,,,
,,,,4,4,5,,2,,3,1,4,2,2,,,,,,,,,,,,
,,,,5,5,5,1,1,,2,,1,2,2,,,,,,,,,,,,
,,,,6,6,5,2,1,,3,,2,2,,,,,,,,,,,,,
,,,,7,7,5,,,,3,,2,2,,,,,,,,,,,,,
,,,,8,8,5,1,1,2,4,,4,3,,,,,,,,,,,,,
,,,,9,1,6,,2,,3,,2,2,,,,,,,,,,,,,
,,,,10,2,6,,2,,,,5,1,,,,,,,,,,,,,
,,,,11,3,6,,2,,,1,4,2,,1,,,,,,,,,,,
,,,,12,4,6,,2,1,,,6,2,2,,,,,,,,,,,,
,,,,13,5,6,2,2,,3,,5,2,,,,,,,,,,,,,
,,,,14,6,6,,,,3,,1,2,,,,,,,,,,,,,
,,,,15,7,6,,1,,2,,1,2,,,,,,,,,,,,,
,,,,16,8,6,,,,3,,2,3,,,,,,,,,,,,,
Site,Date,Block,Plot,Subplot,X,Y,TriDub,LupBic,TriFuc,MicCal,VicVel,TriEri,HypGla,GerDis,ConArv,Bare,GalPar,Hole,CerGlo,SisBel,,,,,,
MCL,3/28/2017,2,1,1,1,7,,1,,,2,,2,2,,,,,,,,,,,,
,,,,2,2,7,,1,,,2,,4,1,,3,,,,,,,,,,
,,,,3,3,7,,2,,,,,2,2,,4,,,,,,,,,,
,,,,4,4,7,,3,,,,,6,3,,,,,,,,,,,,
,,,,5,5,7,,2,,,,,5,2,,,1,,,,,,,,,
,,,,6,6,7,,,,,1,,5,3,,,,,,,,,,,,
,,,,7,7,7,,1,,,1,,3,3,,,,,,,,,,,,
,,,,8,8,7,,,,,3,,2,3,,,,,,,,,,,,
,,,,9,1,8,2,2,,,4,,3,2,,,,,,,,,,,,
,,,,10,2,8,2,1,,,2,,2,2,,,,,,,,,,,,
,,,,11,3,8,1,2,,,,,3,2,,2,,1,,,,,,,,
,,,,12,4,8,2,2,,1,,,4,2,,,1,,,,,,,,,
,,,,13,5,8,,1,,,,,4,2,,,,,,,,,,,,
,,,,14,6,8,3,1,,,,,2,3,,,,,1,,,,,,,
,,,,15,7,8,,1,,,,,3,3,,,,,,,,,,,,
,,,,16,8,8,,2,2,,2,,5,3,,,,,,3,,,,,,
Site,Date,Block,Plot,Subplot,X,Y,HypGla,VicVel,LupBic,GerDis,WhiteBrush,Bare,Gopher,Acmispon,TriFuc,MicCal,TriDub,TriEri,,,,,,,,
MCL,3/28/2017,2,2,1,1,1,5,2,2,4,,,,,,,,,,,,,,,,
,,,,2,2,1,6,,,4,2,2,2,2,,,,,,,,,,,,
,,,,3,3,1,6,3,1,4,,,,,,,,,,,,,,,,
,,,,4,4,1,4,,3,3,,,,,,,,,,,,,,,,
,,,,5,5,1,6,,3,3,1,,,3,,,,,,,,,,,,
,,,,6,6,1,5,,3,3,2,,,3,2,,,,,,,,,,,
,,,,7,7,1,2,,2,2,3,,,2,,2,4,,,,,,,,,
,,,,8,8,1,3,,2,,4,,,3,,,,,,,,,,,,
,,,,9,1,2,6,3,2,3,,,,2,2,,,,,,,,,,,
,,,,10,2,2,5,,2,3,,,,,,,,,,,,,,,,
,,,,11,3,2,5,,,3,2,,,3,2,,,1,,,,,,,,
,,,,12,4,2,4,,2,4,,,,2,,,,,,,,,,,,
,,,,13,5,2,5,2,2,4,,,,,,,1,,,,,,,,,
,,,,14,6,2,4,2,2,4,,,,2,,,2,,,,,,,,,
,,,,15,7,2,2,1,3,2,,,,4,,4,4,,,,,,,,,
,,,,16,8,2,3,3,2,3,,1,,4,,,,,,,,,,,,
Site,Date,Block,Plot,Subplot,X,Y,HypGla,VicVel,LupBic,TriFuc,GerDis,PlaNot,WhiteBrush,Bare,TriDub,Gopher,GalPar,MicCal,Acmispon,TriEri,TriWil,,,,,
MCL,3/28/2017,2,2,1,1,3,6,,2,2,3,1,1,2,,,,,,,,,,,,
,,,,2,2,3,5,1,,,2,,,,2,,,,,,,,,,,
,,,,3,3,3,4,,,,3,,,3,,2,3,,,,,,,,,
,,,,4,4,3,6,,2,1,2,,2,,,,,,,,,,,,,
,,,,5,5,3,5,,3,1,,,2,,1,,,2,2,,,,,,,
,,,,6,6,3,4,,1,,,,,4,3,4,1,2,,,,,,,,
,,,,7,7,3,2,,2,,2,,2,3,5,3,,2,,2,,,,,,
,,,,8,8,3,3,,2,,,,3,,3,,,2,5,,,,,,,
,,,,9,1,4,5,,1,2,4,,,2,,,,,,,,,,,,
,,,,10,2,4,4,,2,,3,,,,,,,,,,,,,,,
,,,,11,3,4,4,,2,1,3,,,,,,,,2,,,,,,,
,,,,12,4,4,5,,2,1,3,,,,,,,,,,,,,,,
,,,,13,5,4,5,,1,1,,,2,,,,,3,4,,,,,,,
,,,,14,6,4,5,,,,3,,,,2,,,3,4,,2,,,,,
,,,,15,7,4,2,,,,,,2,3,2,3,,3,,,,,,,,
,,,,16,8,4,2,,,,,,4,,3,,,2,4,,,,,,,
Site,Date,Block,Plot,Subplot,X,Y,TriDub,LupBic,TriFuc,MicCal,VicVel,TriEri,HypGla,GerDis,ConArv,GalPar,Bare,Hole,CerGlo,SisBel,Acmispon,WhiteBrush,,,,
MCL,3/28/2017,2,2,1,1,5,,1,,,2,,4,3,,,,,,,,,,,,
,,,,2,2,5,,,,,3,,3,3,,,,,,,,,,,,
,,,,3,3,5,,1,,,4,,4,3,,,,,,,,,,,,
,,,,4,4,5,,1,,,,,6,3,,,,,,,2,,,,,
,,,,5,5,5,3,2,,,,,5,3,,,,,,,2,,,,,
,,,,6,6,5,2,2,,,3,,2,2,,,,,,,0,,,,,
,,,,7,7,5,6,3,,2,2,2,3,1,,,,,,,3,2,,,,
,,,,8,8,5,3,3,2,2,2,,4,1,,1,,,,,4,3,,,,
,,,,9,1,6,,,2,,1,,4,2,,,,,,,,,,,,
,,,,10,2,6,,1,,,2,,3,3,,,,,,,,,,,,
,,,,11,3,6,,,2,,2,,1,3,,,,,,,,,,,,
,,,,12,4,6,,2,,,2,,3,3,,,,,,,1,,,,,
,,,,13,5,6,,3,,,2,,3,3,,,,,,,,,,,,
,,,,14,6,6,3,2,2,,1,,3,,,,,,,,,,,,,
,,,,15,7,6,1,1,1,,2,,2,2,,,,,,,2,,,,,
,,,,16,8,6,,2,,3,,,4,2,,,,,,,3,3,,,,
Site,Date,Block,Plot,Subplot,X,Y,TriDub,LupBic,TriFuc,MicCal,VicVel,HypGla,GerDis,ConArv,GalPar,Hole,Bare,CerGlo,SiSbel,Acmispon,WhiteBrush,TriEri,,,,
MCL,3/28/2017,2,2,1,1,7,,2,,,3,4,3,,,,,,,,1,1,,,,
,,,,2,2,7,,1,,,1,3,3,,,,,,,,,,,,,
,,,,3,3,7,2,,,,3,2,3,,,,,,,,,,,,,
,,,,4,4,7,,1,,,3,4,3,,,,,,,,,,,,,
,,,,5,5,7,,2,1,,,3,2,,,,,,,,,,,,,
,,,,6,6,7,3,1,,,1,3,2,,,,,,,,,,,,,
,,,,7,7,7,,2,,2,3,6,2,,,,,,,,,,,,,
,,,,8,8,7,,3,3,4,2,3,2,,,,,,,2,,,,,,
,,,,9,1,8,,2,,,,6,4,,,,,,,,2,,,,,
,,,,10,2,8,2,2,,,3,4,3,,,,,,,2,,,,,,
,,,,11,3,8,,2,1,,3,3,2,,,,,,,2,3,,,,,
,,,,12,4,8,,2,,,2,5,3,,,,,,,2,,,,,,
,,,,13,5,8,,3,,2,,5,2,,,,,,,,,,,,,
,,,,14,6,8,,2,1,1,,3,2,,,,,,,2,,,,,,
,,,,15,7,8,,3,1,,2,3,2,,,,,,,2,1,,,,,
,,,,16,8,8,,3,1,,1,3,1,,,,,,,3,,,,,,
Site,Date,Block,Plot,Subplot,X,Y,LupBic,EroCic,HypGla,VicVel,MicCal,WhiteBrush,GalPar,AirCar,TriFuc,BriMin,CerGlo,,,,,,,,,
MCL,3/27/2017,3,1,1,1,1,1,3,3,,,,,,,,,,,,,,,,,
,,,,2,2,1,2,3,3,3,1,,,,,,,,,,,,,,,
,,,,3,3,1,2,2,4,3,1,2,,,,,,,,,,,,,,
,,,,4,4,1,2,2,3,3,,1,2,,,,,,,,,,,,,
,,,,5,5,1,2,3,2,3,,1,1,,1,,,,,,,,,,,
,,,,6,6,1,2,3,3,2,2,2,1,,2,,,,,,,,,,,
,,,,7,7,1,2,3,4,2,2,,1,,1,,,,,,,,,,,
,,,,8,8,1,3,4,5,,4,3,2,2,,,,,,,,,,,,
,,,,9,1,2,2,3,4,4,,2,1,,,,,,,,,,,,,
,,,,10,2,2,2,2,2,3,,,1,1,,,,,,,,,,,,
,,,,11,3,2,1,,2,5,2,,1,,2,2,,,,,,,,,,
,,,,12,4,2,1,2,1,4,2,,1,,,,,,,,,,,,,
,,,,13,5,2,2,2,3,4,1,,1,,,,,,,,,,,,,
,,,,14,6,2,2,2,3,2,2,2,,,,2,,,,,,,,,,
,,,,15,7,2,3,2,6,4,4,,1,,,,,,,,,,,,,
,,,,16,8,2,4,3,6,,3,3,1,,,,,,,,,,,,,
Site,Date,Block,Plot,Subplot,X,Y,LupBic,EroCic,HypGla,VicVel,MicCal,WhiteBrush,GalPar,Aircar,TriFc,BriMin,CerGlo,Bare,Gopher,,,,,,,
MCL,3/27/2017,3,1,1,1,3,,3,4,2,3,1,,1,,,2,,,,,,,,,
,,,,2,2,3,2,2,4,3,2,,1,,,,,,,,,,,,,
,,,,3,3,3,3,1,2,3,2,,,,,,,,,,,,,,,
,,,,4,4,3,3,2,3,3,,,1,,,,,,,,,,,,,
,,,,5,5,3,3,2,5,3,2,1,1,,,,,,,,,,,,,
,,,,6,6,3,1,2,4,3,3,4,1,2,,,,,,,,,,,,
,,,,7,7,3,3,2,6,3,2,2,,,,,,,,,,,,,,
,,,,8,8,3,3,2,5,2,2,,1,1,1,,,,,,,,,,,
,,,,9,1,4,1,,2,2,2,2,,1,,,,,,,,,,,,
,,,,10,2,4,2,,3,4,1,1,1,,,,,,,,,,,,,
,,,,11,3,4,2,,3,3,,,,,,,,,,,,,,,,
,,,,12,4,4,3,,4,4,,,1,,,,,,,,,,,,,
,,,,13,5,4,3,,6,3,,,1,,,,,,,,,,,,,
,,,,14,6,4,3,,5,2,2,,,,,,,,,,,,,,,
,,,,15,7,4,3,,6,3,3,2,1,,,,,,,,,,,,,
,,,,16,8,4,3,,5,3,2,1,1,,1,,,3,3,,,,,,,
Site,Date,Block,Plot,Subplot,X,Y,LupBic,HypGla,VicVel,MicCal,WhiteBrush,GalPar,AirCar,TriFuc,BriMin,CerGlo,Bare,Gopher,,,,,,,,
MCL,3/27/2017,3,1,1,1,5,1,3,2,2,2,1,,1,,1,,,,,,,,,,
,,,,2,2,5,1,3,3,3,2,,,,,,,,,,,,,,,
,,,,3,3,5,3,3,2,3,2,,,,,,,,,,,,,,,
,,,,4,4,5,2,3,4,2,,2,,,,,,,,,,,,,,
,,,,5,5,5,4,7,2,3,,1,,,,,,,,,,,,,,
,,,,6,6,5,3,6,1,2,2,,1,,,,,,,,,,,,,
,,,,7,7,5,3,7,,2,3,1,1,,,,,,,,,,,,,
,,,,8,8,5,3,6,,2,3,,1,,,1,,,,,,,,,,
,,,,9,1,6,2,6,,,3,,,,1,3,,,,,,,,,,
,,,,10,2,6,2,3,2,5,2,,,,,,,,,,,,,,,
,,,,11,3,6,2,3,3,3,,1,,,,,,,,,,,,,,
,,,,12,4,6,3,4,4,,,1,,,1,,,,,,,,,,,
,,,,13,5,6,4,6,3,,,1,,,,,,,,,,,,,,
,,,,14,6,6,4,7,2,,2,1,,,,,,,,,,,,,,
,,,,15,7,6,3,7,,,3,1,,,,,,,,,,,,,,
,,,,16,8,6,4,6,,3,2,2,,,,,,,,,,,,,,
Site,Date,Block,Plot,Subplot,X,Y,LupBic,EroCic,HypGla,VicVel,MicCal,WhiteBrush,GalPar,AirCar,TriFuc,BriMin,CerGlo,Bare,Gopher,LittleUnk,,,,,,
MCL,3/27/2017,3,1,1,1,7,2,,3,1,2,,,,,,,,,,,,,,,
,,,,2,2,7,3,,5,2,2,,1,,,,,,,,,,,,,
,,,,3,3,7,1,,2,2,,,1,,,,,,,,,,,,,
,,,,4,4,7,2,,5,3,,1,,,,,,,,,,,,,,
,,,,5,5,7,3,,7,1,3,,,,,,,,,,,,,,,
,,,,6,6,7,4,,7,,,2,1,,,,,,,,,,,,,
,,,,7,7,7,4,,7,,1,2,,,,,,,,,,,,,,
,,,,8,8,7,3,,7,,1,2,3,,,,,,,,,,,,,
,,,,9,1,8,1,,2,1,1,,,,,,,,,,,,,,,
,,,,10,2,8,1,,0,3,,,,,,,,,,,,,,,,
,,,,11,3,8,3,,3,3,2,,1,,,,,,,,,,,,,
,,,,12,4,8,3,,3,3,4,2,,,,,,,,,,,,,,
,,,,13,5,8,3,,6,3,3,,1,,,,,,,,,,,,,
,,,,14,6,8,4,,7,2,,,,,1,,,,,,,,,,,
,,,,15,7,8,4,,7,,,,1,,1,,,,,,,,,,,
,,,,16,8,8,3,,6,,2,,1,,,,,,,1,,,,,,
Site,Date,Block,Plot,Subplot,X,Y,HypGla,LupBic,GalPar,Gilia,WhiteBrush,VicVel,TriEri,TriFuc,MicCal,Acmispon,AirCar,,,,,,,,,
MCL,3/27/2017,3,2,1,1,1,6,3,3,1,2,1,,,,,,,,,,,,,,
,,,,2,2,1,5,4,2,,,,,,1,,,,,,,,,,,
,,,,3,3,1,5,4,1,,,,,,,1,,,,,,,,,,
,,,,4,4,1,3,3,,2,2,,,,,,,,,,,,,,,
,,,,5,5,1,3,4,1,,2,,,,,,2,,,,,,,,,
,,,,6,6,1,4,5,2,2,,,,,,,,,,,,,,,,
,,,,7,7,1,4,3,2,,1,2,,,,,,,,,,,,,,
,,,,8,8,1,4,3,2,,,,,,,,,,,,,,,,,
,,,,9,1,2,6,3,1,,4,,,,,,,,,,,,,,,
,,,,10,2,2,5,4,2,1,2,,,,2,,,,,,,,,,,
,,,,11,3,2,5,4,2,,,,,,,,,,,,,,,,,
,,,,12,4,2,3,4,1,,,2,,1,2,,,,,,,,,,,
,,,,13,5,2,5,4,,,,,,,1,,,,,,,,,,,
,,,,14,6,2,4,4,2,,,,,,,,,,,,,,,,,
,,,,15,7,2,4,3,1,,1,,,,,,,,,,,,,,,
,,,,16,8,2,6,3,2,,,,1,,1,2,,,,,,,,,,
Site,Date,Block,Plot,Subplot,X,Y,HypGla,LupBic,GalPar,Gilia,WhiteBrush,VicVel,TriEri,TriFuc,MicCal,Acmispon,AirCar,Bare,Gopher,Trifolium,,,,,,
MCL,3/27/2017,3,2,1,1,3,6,3,1,,3,,,,,,1,,,,,,,,,
,,,,2,2,3,6,4,2,,,,,,,,,,,,,,,,,
,,,,3,3,3,5,4,2,,1,,,,1,1,1,,,,,,,,,
,,,,4,4,3,5,5,2,,2,2,,,2,,,,,,,,,,,
,,,,5,5,3,5,5,2,,2,,,,3,,,,,,,,,,,
,,,,6,6,3,3,4,1,1,1,2,,1,2,,,4,4,,,,,,,
,,,,7,7,3,5,4,1,2,1,,,,,2,1,,,,,,,,,
,,,,8,8,3,6,5,1,,1,,,,2,,,,,,,,,,,
,,,,9,1,4,6,4,2,,1,4,,,,,,,,,,,,,,
,,,,10,2,4,6,4,2,,2,,,,,,,,,,,,,,,
,,,,11,3,4,6,5,3,,3,,,,2,,,,,,,,,,,
,,,,12,4,4,5,4,1,,3,2,,,2,,,,,,,,,,,
,,,,13,5,4,4,5,1,,1,,,,3,,,,,,,,,,,
,,,,14,6,4,4,5,1,,,3,,,3,,,,,,,,,,,
,,,,15,7,4,,2,,,,,,,,,,,,7,,,,,,
,,,,16,8,4,5,4,1,,,,,,,1,,,,5,,,,,,
Site,Date,Block,Plot,Subplot,X,Y,Gilia,PinkBrush,TriFuc,LupBic,HypGla,VicVel,WhiteBrush,GalPar,TriEri,MicCal,AirCar,,,,,,,,,
MCL,3/27/2017,3,2,1,1,5,,,,5,6,,1,2,,,,,,,,,,,,
,,,,2,2,5,,,,5,6,,,2,,,,,,,,,,,,
,,,,3,3,5,,,,3,5,,3,1,2,,,,,,,,,,,
,,,,4,4,5,,,,3,4,3,3,1,,3,,,,,,,,,,
,,,,5,5,5,,,,4,5,,,,,3,,,,,,,,,,
,,,,6,6,5,,,,3,5,,1,3,,3,,,,,,,,,,
,,,,7,7,5,,,,2,2,3,,2,,,,,,,,,,,,
,,,,8,8,5,,,,3,4,2,,2,,,,,,,,,,,,
,,,,9,1,6,,,,3,5,,,1,,,,,,,,,,,,
,,,,10,2,6,,,,3,7,,,1,,2,,,,,,,,,,
,,,,11,3,6,,,,4,6,,,1,,1,,,,,,,,,,
,,,,12,4,6,,,,5,6,2,,1,,2,,,,,,,,,,
,,,,13,5,6,,,,5,5,3,,1,,4,,,,,,,,,,
,,,,14,6,6,,,,3,5,3,3,2,,2,,,,,,,,,,
,,,,15,7,6,,,,3,3,4,,1,,,,,,,,,,,,
,,,,16,8,6,,,,2,3,3,,1,,1,,,,,,,,,,
Site,Date,Block,Plot,Subplot,X,Y,Gilia,PinkBrush,TriFuc,LupBic,HypGla,VicVel,WhiteBrush,GalPar,TriEri,MicCal,Acmispon,Rock,LittleUnk,Bare,CarPac?,,,,,
MCL,3/27/2017,3,2,1,1,7,,,,3,5,,,1,,,,,,,,,,,,
,,,,2,2,7,,,,3,7,2,1,1,,2,,,,,,,,,,
,,,,3,3,7,,,,4,5,3,,1,,,,,,,,,,,,
,,,,4,4,7,,,,5,6,2,2,,,1,,,,,,,,,,
,,,,5,5,7,,,,5,6,2,2,2,,1,,,,,,,,,,
,,,,6,6,7,,,,6,4,3,,2,,1,,,,,,,,,,
,,,,7,7,7,,,,4,3,5,,2,,,1,,,,,,,,,
,,,,8,8,7,,,,2,2,6,,2,,,,3,,,,,,,,
,,,,9,1,8,,,,2,6,3,2,1,,,,,,,,,,,,
,,,,10,2,8,,,,3,6,2,,1,,,,,1,,,,,,,
,,,,11,3,8,,,,3,5,3,,,,,,,,,,,,,,
,,,,12,4,8,,,,3,5,3,1,2,,,,,,,,,,,,
,,,,13,5,8,,,,4,3,3,,2,,,,,,3,,,,,,
,,,,14,6,8,,,,4,4,5,,,,,,,,,,,,,,
,,,,15,7,8,,,,2,2,5,,1,,,,,,,,,,,,
,,,,16,8,8,,,,3,3,6,1,1,,,,,,,2,,,,,
Site,Date,Block,Plot,Subplot,X,Y,HypGla,LupBic,Galpar,TriFuc,CerGlo,MicCal,WhiteBrush,Bare,Gopher,VicVel,,,,,,,,,,
MCL,3/27/2017,4,1,1,1,1,5,3,,1,,,,,,,,,,,,,,,,
,,,,2,2,1,5,3,,,1,,,,,,,,,,,,,,,
,,,,3,3,1,4,,1,,,,,,,,,,,,,,,,,
,,,,4,4,1,3,,,,,,,,,,,,,,,,,,,
,,,,5,5,1,4,3,,,,4,,,,,,,,,,,,,,
,,,,6,6,1,5,2,,,,3,2,,,,,,,,,,,,,
,,,,7,7,1,5,2,2,1,,2,,2,2,,,,,,,,,,,
,,,,8,8,1,3,2,,,,,,,,,,,,,,,,,,
,,,,9,1,2,6,2,,,,,2,,,3,,,,,,,,,,
,,,,10,2,2,6,2,,,,,,,,,,,,,,,,,,
,,,,11,3,2,6,2,,,,,,,,,,,,,,,,,,
,,,,12,4,2,4,2,1,,,,,,,,,,,,,,,,,
,,,,13,5,2,3,3,,,,,1,,,,,,,,,,,,,
,,,,14,6,2,4,3,,,,,3,,,,,,,,,,,,,
,,,,15,7,2,4,1,,1,,,,,,,,,,,,,,,,
,,,,16,8,2,6,1,1,2,,1,2,,,,,,,,,,,,,
Site,Date,Block,Plot,Subplot,X,Y,HypGla,LupBic,Galpar,TriFuc,TriFuc,CerGlo,MicCal,WhiteBrush,Bare,Gopher,VicVel,TriEri,DelVar,AirCar,GerDis,LilUnk,TriWil,,,
MCL,3/27/2017,4,1,1,1,3,3,3,,,,,,,,,2,,,,,,,,,
,,,,2,2,3,7,3,,,,,,1,,,,2,,,,,,,,
,,,,3,3,3,6,2,,,,,1,,,,,,,,,,,,,
,,,,4,4,3,3,3,,,,,,,,,,,,,,,,,,
,,,,5,5,3,3,3,,,,,,1,,,,,,,,,,,,
,,,,6,6,3,3,2,,,,,,1,,,1,,,,,,,,,
,,,,7,7,3,3,3,1,,,,,,,,,,,,,,,,,
,,,,8,8,3,4,2,,2,,,,,,,,,,,,,,,,
,,,,9,1,4,5,3,,,,,,3,,,,,2,,,,,,,
,,,,10,2,4,6,3,,,,,2,2,,,,2,,1,1,,,,,
,,,,11,3,4,6,3,,,,,,3,,,,,,,,,,,,
,,,,12,4,4,6,3,,,,,4,2,,,,,,,,,,,,
,,,,13,5,4,5,3,,,,,,,,,,,,,,1,,,,
,,,,14,6,4,2,2,,,,,,,,,,,,,,,1,,,
,,,,15,7,4,3,2,,,,,,,,,,,,,,,,,,
,,,,16,8,4,5,3,,,,,,,,,,,,,,,,,,
Site,Date,Block,Plot,Subplot,X,Y,Gilia,PinkBrush,TriFuc,LupBic,HypGla,VicVel,WhiteBrush,GalPar,TriEri,MicCal,Acmispon,Rock,LittleUnk,Bare,GerDis,AirCar,DelVar,Gopher,,
MCL,3/27/2017,4,1,1,1,5,,,2,3,3,,,1,,3,,2,,3,,,,3,,
,,,,2,2,5,,,,3,5,,3,1,,2,,,,3,,,,3,,
,,,,3,3,5,,,,4,5,,1,1,,,,,,,,,,,,
,,,,4,4,5,,,,3,3,,,,,,,,,,,,,,,
,,,,5,5,5,,,,4,4,,,1,,1,,,,,,,,,,
,,,,6,6,5,,,,3,4,,,1,,,,,,,,,,,,
,,,,7,7,5,,,,2,6,,,,,,,,,,,1,,,,
,,,,8,8,5,,,,1,4,,,,,,,,,,,,,,,
,,,,9,1,6,,,,3,3,,3,1,,3,,,,,,,,,,
,,,,10,2,6,,,,3,3,,1,1,,3,,,,4,,,,4,,
,,,,11,3,6,,,,3,3,,,1,,3,,,,,,,,,,
,,,,12,4,6,,,,4,3,,,1,,,,,,,,,,,,
,,,,13,5,6,,,,3,3,,,1,,,,,,,,,,,,
,,,,14,6,6,,,,2,4,,,,,,,,,,,,,,,
,,,,15,7,6,,,,2,4,,,,,,,,,,,,,,,
,,,,16,8,6,,,,3,6,,,1,,,,,,,,,,,,
Site,Date,Block,Plot,Subplot,X,Y,Gilia,PinkBrush,TriFuc,LupBic,HypGla,VicVel,WhiteBrush,GalPar,TriEri,MicCal,Acmispon,Rock,LittleUnk,Bare,GerDis,AirCar,DelVar,Gopher,,
MCL,3/28/2017,4,1,1,1,7,,,,3,2,,,,,,,,,,,,,,,
,,,,2,2,7,,,,4,3,,,,,2,,,,,,,,,,
,,,,3,3,7,,,,4,3,,,,,,,,,3,,,,3,,
,,,,4,4,7,,,,4,3,,1,,,1,,,,,,,,,,
,,,,5,5,7,,,,5,5,,,1,,2,,,,,,,,,,
,,,,6,6,7,,,,2,5,,2,1,,,,,,,,,,,,
,,,,7,7,7,,,,2,4,,,,,1,,,,,,,,,,
,,,,8,8,7,,,,2,5,,,,,,,,,,,,,,,
,,,,9,1,8,,,,3,3,,,,,1,,,,,,,,,,
,,,,10,2,8,,,,4,3,,,1,,,,,,,,,,,,
,,,,11,3,8,,,,4,3,,,,,,,,,,,,,,,
,,,,12,4,8,,,,6,5,,,1,,2,,,,,,,,,,
,,,,13,5,8,,,,3,4,,,,,3,,2,,2,,,,,,
,,,,14,6,8,,,,3,5,,,1,,1,,,,,,,,,,
,,,,15,7,8,,,,2,6,,,1,,2,,,,,,,,,,
,,,,16,8,8,,,,2,5,,,,,2,,,,,,,,,,
Site,Date,Block,Plot,Subplot,X,Y,HypGla,LupBic,Galpar,MicCal,TriFuc,Bare,Gopher,CerGlo,WhiteBrush,,,,,,,,,,,
MCL,3/28/2017,4,2,1,1,1,4,2,,,2,,,,,,,,,,,,,,,
,,,,2,2,1,6,3,,,2,,,,,,,,,,,,,,,
,,,,3,3,1,5,2,,,,3,3,1,,,,,,,,,,,,
,,,,4,4,1,6,3,1,,,,,1,,,,,,,,,,,,
,,,,5,5,1,6,4,,,,,,,,,,,,,,,,,,
,,,,6,6,1,5,3,1,,,,,,,,,,,,,,,,,
,,,,7,7,1,5,4,,,,,,,,,,,,,,,,,,
,,,,8,8,1,5,4,,,2,,,,1,,,,,,,,,,,
,,,,9,1,2,6,3,,,1,,,,,,,,,,,,,,,
,,,,10,2,2,6,3,,,,,,,1,,,,,,,,,,,
,,,,11,3,2,6,3,,,,2,2,,2,,,,,,,,,,,
,,,,12,4,2,6,3,,,,,,,,,,,,,,,,,,
,,,,13,5,2,6,3,,,,,,,,,,,,,,,,,,
,,,,14,6,2,6,3,,,,,,,,,,,,,,,,,,
,,,,15,7,2,5,3,,,,,,,,,,,,,,,,,,
,,,,16,8,2,6,3,,,,,,,2,,,,,,,,,,,
Site,Date,Block,Plot,Subplot,X,Y,HypGla,LupBic,GalPar,MicCal,TriFuc,CerGlo,WhiteBrush,Bare,Gopher,VicVel,AirCar,TriEri,,,,,,,,
MCL,3/28/2017,4,2,1,1,3,6,2,,,,,,,,,,,,,,,,,,
,,,,2,2,3,6,2,1,,,,1,2,2,,,,,,,,,,,
,,,,3,3,3,5,2,,,2,,2,,,2,,,,,,,,,,
,,,,4,4,3,5,3,,,,,,3,3,,,,,,,,,,,
,,,,5,5,3,6,3,,,,,,,,,,,,,,,,,,
,,,,6,6,3,5,4,,2,,,,,,,,,,,,,,,,
,,,,7,7,3,4,3,1,2,,,1,,,,,,,,,,,,,
,,,,8,8,3,6,3,,3,,,2,,,,,,,,,,,,,
,,,,9,1,4,5,4,,2,2,,,,,,2,,,,,,,,,
,,,,10,2,4,5,4,,2,,,1,,,,,,,,,,,,,
,,,,11,3,4,5,4,1,3,,,,3,3,,,,,,,,,,,
,,,,12,4,4,5,4,,2,,,1,,,,,,,,,,,,,
,,,,13,5,4,5,3,,,,,1,,,,1,,,,,,,,,
,,,,14,6,4,6,4,,,,,,,,,,,,,,,,,,
,,,,15,7,4,4,3,,1,,,,,,,,,,,,,,,,
,,,,16,8,4,4,2,,,,,,,,,,2,,,,,,,,
Site,Date,Block,Plot,Subplot,X,Y,Gilia,Paintbursh,TriFuc,LupBic,HypGla,VicVel,Whitebrush,GalPar,TriEri,MicCal,Acmispon,Rock,LittleUnk,Bare,GerDis,CerGlo,TriRef,CarPac,,
MCL,3/28/2017,4,2,1,1,5,,,,3,3,,2,,,2,,,,,,,,,,
,,,,2,2,5,,,,,6,,,,1,1,,,,,2,,,,,
,,,,3,3,5,,,,2,6,,,,,,,,,,,,,,,
,,,,4,4,5,,,,3,6,,,,,,,,,,,,,,,
,,,,5,5,5,,,,2,5,,,,,,,,,,,,,,,
,,,,6,6,5,,,,2,5,,,1,,,,,,,,,,,,
,,,,7,7,5,,,1,2,3,,,1,,,,,,,,,,,,
,,,,8,8,5,,,1,2,5,,,1,,1,,,,,,1,,,,
,,,,9,1,6,,,1,2,4,,1,,2,,,,,,,,,,,
,,,,10,2,6,,,,2,5,,1,,2,,,,,,,,1,,,
,,,,11,3,6,,,3,2,5,,,,,,,,,,,,,,,
,,,,12,4,6,,,,2,6,,,1,,,,,,,,,,,,
,,,,13,5,6,,,,3,4,,,,,,,,,,,,,,,
,,,,14,6,6,,,,4,4,,,,,,,,,,,,,,,
,,,,15,7,6,,,,2,2,,,,,,,,,,,,,,,
,,,,16,8,6,,,,3,2,,,,,,,,,,,,,1,,
Site,Date,Block,Plot,Subplot,X,Y,Gilia,PinkBrush,TriFuc,LupBic,HypGla,VicVel,WhiteBrush,Galpar,TriEri,MicCal,Acmispon,Rock,LittleUnk,Bare,GerDis,AirCar,DelVar,,,
MCL,3/28/2017,4,2,1,1,7,,,1,,6,,,,,1,,,,,,,,,,
,,,,2,2,7,,,4,1,3,,,,,1,,,,,,,,,,
,,,,3,3,7,,,2,2,4,,1,,,2,,,,,1,,,,,
,,,,4,4,7,,,,3,6,,1,,,,,,,,,1,,,,
,,,,5,5,7,,,,4,6,,1,,,,,,,,,,,,,
,,,,6,6,7,,,,3,6,,1,,,,,,,,,,,,,
,,,,7,7,7,,,,2,6,,,1,,,,,,,,,,,,
,,,,8,8,7,,,,3,1,,,,,,,,,,,,,,,
,,,,9,1,8,,,,1,6,,1,,,,,,,,,,,,,
,,,,10,2,8,,,1,3,3,,,,,3,,,,,,,3,,,
,,,,11,3,8,,,,3,4,,2,,,3,,,,,,,2,,,
,,,,12,4,8,,,,3,6,,,,,,,,,,1,,,,,
,,,,13,5,8,,,,3,6,,3,,,,,,,,,,,,,
,,,,14,6,8,,,,2,6,,1,1,,3,,,,,,,,,,
,,,,15,7,8,,,,2,4,,,1,,,,,,,,,,,,
,,,,16,8,8,,,,2,2,,,,,,,,,2,,,,,,
Site,Date,Block,Plot,Subplot,X,Y,HolVir,ClaPur,,,,,,,,,,,,,,,,,,
MCL,6/28/2017,1,1,1,1,1,1,,,,,,,,,,,,,,,,,,,
,,,,2,2,1,1,,,,,,,,,,,,,,,,,,,
,,,,3,3,1,,,,,,,,,,,,,,,,,,,,
,,,,4,4,1,,,,,,,,,,,,,,,,,,,,
,,,,5,5,1,,,,,,,,,,,,,,,,,,,,
,,,,6,6,1,1,,,,,,,,,,,,,,,,,,,
,,,,7,7,1,1,,,,,,,,,,,,,,,,,,,
,,,,8,8,1,,,,,,,,,,,,,,,,,,,,
,,,,9,1,2,,,,,,,,,,,,,,,,,,,,
,,,,10,2,2,1,,,,,,,,,,,,,,,,,,,
,,,,11,3,2,3,,,,,,,,,,,,,,,,,,,
,,,,12,4,2,2,,,,,,,,,,,,,,,,,,,
,,,,13,5,2,1,,,,,,,,,,,,,,,,,,,
,,,,14,6,2,,,,,,,,,,,,,,,,,,,,
,,,,15,7,2,2,,,,,,,,,,,,,,,,,,,
,,,,16,8,2,2,,,,,,,,,,,,,,,,,,,
Site,Date,Block,Plot,Subplot,X,Y,HolVir,ClaPur,CroSet,TriBlue,,,,,,,,,,,,,,,,
MCL,6/28/2017,1,1,1,1,3,,,,,,,,,,,,,,,,,,,,
,,,,2,2,3,,,,,,,,,,,,,,,,,,,,
,,,,3,3,3,2,,,,,,,,,,,,,,,,,,,
,,,,4,4,3,,,1,1,,,,,,,,,,,,,,,,
,,,,5,5,3,,,,,,,,,,,,,,,,,,,,
,,,,6,6,3,2,1,,,,,,,,,,,,,,,,,,
,,,,7,7,3,,,,,,,,,,,,,,,,,,,,
,,,,8,8,3,2,,,,,,,,,,,,,,,,,,,
,,,,9,1,4,1,,,,,,,,,,,,,,,,,,,
,,,,10,2,4,2,,,,,,,,,,,,,,,,,,,
,,,,11,3,4,,,,,,,,,,,,,,,,,,,,
,,,,12,4,4,2,,,,,,,,,,,,,,,,,,,
,,,,13,5,4,3,,,,,,,,,,,,,,,,,,,
,,,,14,6,4,2,,,,,,,,,,,,,,,,,,,
,,,,15,7,4,2,,,,,,,,,,,,,,,,,,,
,,,,16,8,4,2,,,,,,,,,,,,,,,,,,,
Site,Date,Block,Plot,Subplot,X,Y,HolVir,ClaPur,,,,,,,,,,,,,,,,,,
MCL,6/28/2017,1,1,1,1,5,2,,,,,,,,,,,,,,,,,,,
,,,,2,2,5,1,,,,,,,,,,,,,,,,,,,
,,,,3,3,5,2,,,,,,,,,,,,,,,,,,,
,,,,4,4,5,0,,,,,,,,,,,,,,,,,,,
,,,,5,5,5,1,,,,,,,,,,,,,,,,,,,
,,,,6,6,5,2,,,,,,,,,,,,,,,,,,,
,,,,7,7,5,2,,,,,,,,,,,,,,,,,,,
,,,,8,8,5,2,,,,,,,,,,,,,,,,,,,
,,,,9,1,6,,,,,,,,,,,,,,,,,,,,
,,,,10,2,6,2,,,,,,,,,,,,,,,,,,,
,,,,11,3,6,,,,,,,,,,,,,,,,,,,,
,,,,12,4,6,1,,,,,,,,,,,,,,,,,,,
,,,,13,5,6,2,,,,,,,,,,,,,,,,,,,
,,,,14,6,6,1,,,,,,,,,,,,,,,,,,,
,,,,15,7,6,3,,,,,,,,,,,,,,,,,,,
,,,,16,8,6,2,,,,,,,,,,,,,,,,,,,
Site,Date,Block,Plot,Subplot,X,Y,HolVir,ClaPur,,,,,,,,,,,,,,,,,,
MCL,6/28/2017,1,1,1,1,7,2,,,,,,,,,,,,,,,,,,,
,,,,2,2,7,2,,,,,,,,,,,,,,,,,,,
,,,,3,3,7,,,,,,,,,,,,,,,,,,,,
,,,,4,4,7,,,,,,,,,,,,,,,,,,,,
,,,,5,5,7,1,,,,,,,,,,,,,,,,,,,
,,,,6,6,7,2,,,,,,,,,,,,,,,,,,,
,,,,7,7,7,3,,,,,,,,,,,,,,,,,,,
,,,,8,8,7,3,,,,,,,,,,,,,,,,,,,
,,,,9,1,8,1,,,,,,,,,,,,,,,,,,,
,,,,10,2,8,,,,,,,,,,,,,,,,,,,,
,,,,11,3,8,,,,,,,,,,,,,,,,,,,,
,,,,12,4,8,,,,,,,,,,,,,,,,,,,,
,,,,13,5,8,1,,,,,,,,,,,,,,,,,,,
,,,,14,6,8,2,,,,,,,,,,,,,,,,,,,
,,,,15,7,8,2,,,,,,,,,,,,,,,,,,,
,,,,16,8,8,2,,,,,,,,,,,,,,,,,,,
Site,Date,Block,Plot,Subplot,X,Y,HolVir,ClaPur,,,,,,,,,,,,,,,,,,
MCL,6/28/2017,1,2,1,1,1,2,,,,,,,,,,,,,,,,,,,
,,,,2,2,1,3,,,,,,,,,,,,,,,,,,,
,,,,3,3,1,1,,,,,,,,,,,,,,,,,,,
,,,,4,4,1,2,,,,,,,,,,,,,,,,,,,
,,,,5,5,1,2,,,,,,,,,,,,,,,,,,,
,,,,6,6,1,1,,,,,,,,,,,,,,,,,,,
,,,,7,7,1,3,,,,,,,,,,,,,,,,,,,
,,,,8,8,1,4,,,,,,,,,,,,,,,,,,,
,,,,9,1,2,3,,,,,,,,,,,,,,,,,,,
,,,,10,2,2,4,,,,,,,,,,,,,,,,,,,
,,,,11,3,2,2,,,,,,,,,,,,,,,,,,,
,,,,12,4,2,3,1,,,,,,,,,,,,,,,,,,
,,,,13,5,2,2,,,,,,,,,,,,,,,,,,,
,,,,14,6,2,1,,,,,,,,,,,,,,,,,,,
,,,,15,7,2,1,,,,,,,,,,,,,,,,,,,
,,,,16,8,2,3,,,,,,,,,,,,,,,,,,,
Site,Date,Block,Plot,Subplot,X,Y,HolVir,ClaPur,,,,,,,,,,,,,,,,,,
MCL,6/28/2017,1,2,1,1,3,1,,,,,,,,,,,,,,,,,,,
,,,,2,2,3,1,,,,,,,,,,,,,,,,,,,
,,,,3,3,3,0,,,,,,,,,,,,,,,,,,,
,,,,4,4,3,3,,,,,,,,,,,,,,,,,,,
,,,,5,5,3,2,,,,,,,,,,,,,,,,,,,
,,,,6,6,3,2,,,,,,,,,,,,,,,,,,,
,,,,7,7,3,3,,,,,,,,,,,,,,,,,,,
,,,,8,8,3,3,,,,,,,,,,,,,,,,,,,
,,,,9,1,4,1,,,,,,,,,,,,,,,,,,,
,,,,10,2,4,1,,,,,,,,,,,,,,,,,,,
,,,,11,3,4,2,,,,,,,,,,,,,,,,,,,
,,,,12,4,4,0,,,,,,,,,,,,,,,,,,,
,,,,13,5,4,2,,,,,,,,,,,,,,,,,,,
,,,,14,6,4,1,,,,,,,,,,,,,,,,,,,
,,,,15,7,4,2,,,,,,,,,,,,,,,,,,,
,,,,16,8,4,4,,,,,,,,,,,,,,,,,,,
Site,Date,Block,Plot,Subplot,X,Y,HolVir,ClaPur,,,,,,,,,,,,,,,,,,
MCL,6/28/2017,1,2,1,1,5,1,,,,,,,,,,,,,,,,,,,
,,,,2,2,5,,,,,,,,,,,,,,,,,,,,
,,,,3,3,5,,,,,,,,,,,,,,,,,,,,
,,,,4,4,5,,,,,,,,,,,,,,,,,,,,
,,,,5,5,5,1,,,,,,,,,,,,,,,,,,,
,,,,6,6,5,2,,,,,,,,,,,,,,,,,,,
,,,,7,7,5,3,,,,,,,,,,,,,,,,,,,
,,,,8,8,5,3,,,,,,,,,,,,,,,,,,,
,,,,9,1,6,2,,,,,,,,,,,,,,,,,,,
,,,,10,2,6,2,,,,,,,,,,,,,,,,,,,
,,,,11,3,6,,,,,,,,,,,,,,,,,,,,
,,,,12,4,6,1,,,,,,,,,,,,,,,,,,,
,,,,13,5,6,3,,,,,,,,,,,,,,,,,,,
,,,,14,6,6,3,,,,,,,,,,,,,,,,,,,
,,,,15,7,6,3,,,,,,,,,,,,,,,,,,,
,,,,16,8,6,3,,,,,,,,,,,,,,,,,,,
Site,Date,Block,Plot,Subplot,X,Y,HolVir,ClaPur,CroSet,,,,,,,,,,,,,,,,,
MCL,6/28/2017,1,2,1,1,7,,,,,,,,,,,,,,,,,,,,
,,,,2,2,7,2,,,,,,,,,,,,,,,,,,,
,,,,3,3,7,3,,,,,,,,,,,,,,,,,,,
,,,,4,4,7,3,,,,,,,,,,,,,,,,,,,
,,,,5,5,7,3,,,,,,,,,,,,,,,,,,,
,,,,6,6,7,3,,,,,,,,,,,,,,,,,,,
,,,,7,7,7,3,,,,,,,,,,,,,,,,,,,
,,,,8,8,7,3,,,,,,,,,,,,,,,,,,,
,,,,9,1,8,,,,,,,,,,,,,,,,,,,,
,,,,10,2,8,2,,,,,,,,,,,,,,,,,,,
,,,,11,3,8,2,,,,,,,,,,,,,,,,,,,
,,,,12,4,8,3,,1,,,,,,,,,,,,,,,,,
,,,,13,5,8,3,,,,,,,,,,,,,,,,,,,
,,,,14,6,8,2,,,,,,,,,,,,,,,,,,,
,,,,15,7,8,2,,,,,,,,,,,,,,,,,,,
,,,,16,8,8,2,,,,,,,,,,,,,,,,,,,
Site,Date,Block,Plot,Subplot,X,Y,HolVir,,,,,,,,,,,,,,,,,,,
MCL,6/28/2017,2,1,1,1,1,4,,,,,,,,,,,,,,,,,,,
,,,,2,2,1,4,,,,,,,,,,,,,,,,,,,
,,,,3,3,1,4,,,,,,,,,,,,,,,,,,,
,,,,4,4,1,4,,,,,,,,,,,,,,,,,,,
,,,,5,5,1,3,,,,,,,,,,,,,,,,,,,
,,,,6,6,1,3,,,,,,,,,,,,,,,,,,,
,,,,7,7,1,4,,,,,,,,,,,,,,,,,,,
,,,,8,8,1,3,,,,,,,,,,,,,,,,,,,
,,,,9,1,2,4,,,,,,,,,,,,,,,,,,,
,,,,10,2,2,4,,,,,,,,,,,,,,,,,,,
,,,,11,3,2,4,,,,,,,,,,,,,,,,,,,
,,,,12,4,2,4,,,,,,,,,,,,,,,,,,,
,,,,13,5,2,4,,,,,,,,,,,,,,,,,,,
,,,,14,6,2,2,,,,,,,,,,,,,,,,,,,
,,,,15,7,2,3,,,,,,,,,,,,,,,,,,,
,,,,16,8,2,4,,,,,,,,,,,,,,,,,,,
Site,Date,Block,Plot,Subplot,X,Y,HolVir,CroSet,,,,,,,,,,,,,,,,,,
MCL,6/28/2017,2,1,1,1,3,4,,,,,,,,,,,,,,,,,,,
,,,,2,2,3,4,,,,,,,,,,,,,,,,,,,
,,,,3,3,3,3,,,,,,,,,,,,,,,,,,,
,,,,4,4,3,3,,,,,,,,,,,,,,,,,,,
,,,,5,5,3,4,,,,,,,,,,,,,,,,,,,
,,,,6,6,3,4,,,,,,,,,,,,,,,,,,,
,,,,7,7,3,4,,,,,,,,,,,,,,,,,,,
,,,,8,8,3,3,,,,,,,,,,,,,,,,,,,
,,,,9,1,4,4,,,,,,,,,,,,,,,,,,,
,,,,10,2,4,4,,,,,,,,,,,,,,,,,,,
,,,,11,3,4,3,,,,,,,,,,,,,,,,,,,
,,,,12,4,4,2,,,,,,,,,,,,,,,,,,,
,,,,13,5,4,4,,,,,,,,,,,,,,,,,,,
,,,,14,6,4,3,,,,,,,,,,,,,,,,,,,
,,,,15,7,4,2,1,,,,,,,,,,,,,,,,,,
,,,,16,8,4,4,,,,,,,,,,,,,,,,,,,
Site,Date,Block,Plot,Subplot,X,Y,HolVir,CroSet,,,,,,,,,,,,,,,,,,
MCL,6/28/2017,2,1,1,1,5,3,,,,,,,,,,,,,,,,,,,
,,,,2,2,5,2,,,,,,,,,,,,,,,,,,,
,,,,3,3,5,3,,,,,,,,,,,,,,,,,,,
,,,,4,4,5,3,,,,,,,,,,,,,,,,,,,
,,,,5,5,5,1,,,,,,,,,,,,,,,,,,,
,,,,6,6,5,3,,,,,,,,,,,,,,,,,,,
,,,,7,7,5,2,,,,,,,,,,,,,,,,,,,
,,,,8,8,5,4,,,,,,,,,,,,,,,,,,,
,,,,9,1,6,2,,,,,,,,,,,,,,,,,,,
,,,,10,2,6,3,,,,,,,,,,,,,,,,,,,
,,,,11,3,6,4,,,,,,,,,,,,,,,,,,,
,,,,12,4,6,4,,,,,,,,,,,,,,,,,,,
,,,,13,5,6,3,,,,,,,,,,,,,,,,,,,
,,,,14,6,6,3,,,,,,,,,,,,,,,,,,,
,,,,15,7,6,3,1,,,,,,,,,,,,,,,,,,
,,,,16,8,6,4,,,,,,,,,,,,,,,,,,,
Site,Date,Block,Plot,Subplot,X,Y,HolVir,CroSet,,,,,,,,,,,,,,,,,,
MCL,6/28/2017,2,1,1,1,7,2,,,,,,,,,,,,,,,,,,,
,,,,2,2,7,3,,,,,,,,,,,,,,,,,,,
,,,,3,3,7,3,,,,,,,,,,,,,,,,,,,
,,,,4,4,7,4,,,,,,,,,,,,,,,,,,,
,,,,5,5,7,3,,,,,,,,,,,,,,,,,,,
,,,,6,6,7,2,,,,,,,,,,,,,,,,,,,
,,,,7,7,7,3,,,,,,,,,,,,,,,,,,,
,,,,8,8,7,3,,,,,,,,,,,,,,,,,,,
,,,,9,1,8,3,,,,,,,,,,,,,,,,,,,
,,,,10,2,8,3,,,,,,,,,,,,,,,,,,,
,,,,11,3,8,3,,,,,,,,,,,,,,,,,,,
,,,,12,4,8,4,,,,,,,,,,,,,,,,,,,
,,,,13,5,8,3,,,,,,,,,,,,,,,,,,,
,,,,14,6,8,2,,,,,,,,,,,,,,,,,,,
,,,,15,7,8,3,,,,,,,,,,,,,,,,,,,
,,,,16,8,8,3,,,,,,,,,,,,,,,,,,,
Site,Date,Block,Plot,Subplot,X,Y,HolVir,CroSet,,,,,,,,,,,,,,,,,,
MCL,6/28/2017,2,2,1,1,1,5,,,,,,,,,,,,,,,,,,,
,,,,2,2,1,4,,,,,,,,,,,,,,,,,,,
,,,,3,3,1,4,,,,,,,,,,,,,,,,,,,
,,,,4,4,1,4,,,,,,,,,,,,,,,,,,,
,,,,5,5,1,3,,,,,,,,,,,,,,,,,,,
,,,,6,6,1,3,,,,,,,,,,,,,,,,,,,
,,,,7,7,1,4,,,,,,,,,,,,,,,,,,,
,,,,8,8,1,5,,,,,,,,,,,,,,,,,,,
,,,,9,1,2,4,,,,,,,,,,,,,,,,,,,
,,,,10,2,2,4,,,,,,,,,,,,,,,,,,,
,,,,11,3,2,4,,,,,,,,,,,,,,,,,,,
,,,,12,4,2,4,,,,,,,,,,,,,,,,,,,
,,,,13,5,2,3,,,,,,,,,,,,,,,,,,,
,,,,14,6,2,3,,,,,,,,,,,,,,,,,,,
,,,,15,7,2,4,,,,,,,,,,,,,,,,,,,
,,,,16,8,2,3,,,,,,,,,,,,,,,,,,,
Site,Date,Block,Plot,Subplot,X,Y,HolVir,CroSet,,,,,,,,,,,,,,,,,,
MCL,6/28/2017,2,2,1,1,3,4,,,,,,,,,,,,,,,,,,,
,,,,2,2,3,5,,,,,,,,,,,,,,,,,,,
,,,,3,3,3,4,,,,,,,,,,,,,,,,,,,
,,,,4,4,3,3,,,,,,,,,,,,,,,,,,,
,,,,5,5,3,4,,,,,,,,,,,,,,,,,,,
,,,,6,6,3,4,,,,,,,,,,,,,,,,,,,
,,,,7,7,3,3,,,,,,,,,,,,,,,,,,,
,,,,8,8,3,3,,,,,,,,,,,,,,,,,,,
,,,,9,1,4,4,,,,,,,,,,,,,,,,,,,
,,,,10,2,4,5,,,,,,,,,,,,,,,,,,,
,,,,11,3,4,4,,,,,,,,,,,,,,,,,,,
,,,,12,4,4,5,,,,,,,,,,,,,,,,,,,
,,,,13,5,4,4,,,,,,,,,,,,,,,,,,,
,,,,14,6,4,3,,,,,,,,,,,,,,,,,,,
,,,,15,7,4,1,,,,,,,,,,,,,,,,,,,
,,,,16,8,4,3,,,,,,,,,,,,,,,,,,,
Site,Date,Block,Plot,Subplot,X,Y,HolVir,CroSet,,,,,,,,,,,,,,,,,,
MCL,6/28/2017,2,2,1,1,5,5,,,,,,,,,,,,,,,,,,,
,,,,2,2,5,4,,,,,,,,,,,,,,,,,,,
,,,,3,3,5,4,,,,,,,,,,,,,,,,,,,
,,,,4,4,5,4,,,,,,,,,,,,,,,,,,,
,,,,5,5,5,3,,,,,,,,,,,,,,,,,,,
,,,,6,6,5,2,,,,,,,,,,,,,,,,,,,
,,,,7,7,5,3,,,,,,,,,,,,,,,,,,,
,,,,8,8,5,3,,,,,,,,,,,,,,,,,,,
,,,,9,1,6,4,,,,,,,,,,,,,,,,,,,
,,,,10,2,6,3,,,,,,,,,,,,,,,,,,,
,,,,11,3,6,3,,,,,,,,,,,,,,,,,,,
,,,,12,4,6,3,,,,,,,,,,,,,,,,,,,
,,,,13,5,6,5,,,,,,,,,,,,,,,,,,,
,,,,14,6,6,3,,,,,,,,,,,,,,,,,,,
,,,,15,7,6,2,,,,,,,,,,,,,,,,,,,
,,,,16,8,6,2,,,,,,,,,,,,,,,,,,,
Site,Date,Block,Plot,Subplot,X,Y,HolVir,CroSet,,,,,,,,,,,,,,,,,,
MCL,6/28/2017,2,2,1,1,7,4,,,,,,,,,,,,,,,,,,,
,,,,2,2,7,4,,,,,,,,,,,,,,,,,,,
,,,,3,3,7,2,,,,,,,,,,,,,,,,,,,
,,,,4,4,7,3,,,,,,,,,,,,,,,,,,,
,,,,5,5,7,3,,,,,,,,,,,,,,,,,,,
,,,,6,6,7,3,,,,,,,,,,,,,,,,,,,
,,,,7,7,7,2,,,,,,,,,,,,,,,,,,,
,,,,8,8,7,3,,,,,,,,,,,,,,,,,,,
,,,,9,1,8,3,,,,,,,,,,,,,,,,,,,
,,,,10,2,8,4,,,,,,,,,,,,,,,,,,,
,,,,11,3,8,4,,,,,,,,,,,,,,,,,,,
,,,,12,4,8,4,,,,,,,,,,,,,,,,,,,
,,,,13,5,8,4,,,,,,,,,,,,,,,,,,,
,,,,14,6,8,2,,,,,,,,,,,,,,,,,,,
,,,,15,7,8,2,,,,,,,,,,,,,,,,,,,
,,,,16,8,8,2,,,,,,,,,,,,,,,,,,,
Site,Date,Block,Plot,Subplot,X,Y,HolVir,,,,,,,,,,,,,,,,,,,
MCL,6/28/2017,3,1,1,1,1,2,,,,,,,,,,,,,,,,,,,
,,,,2,2,1,2,,,,,,,,,,,,,,,,,,,
,,,,3,3,1,2,,,,,,,,,,,,,,,,,,,
,,,,4,4,1,1,,,,,,,,,,,,,,,,,,,
,,,,5,5,1,1,,,,,,,,,,,,,,,,,,,
,,,,6,6,1,2,,,,,,,,,,,,,,,,,,,
,,,,7,7,1,1,,,,,,,,,,,,,,,,,,,
,,,,8,8,1,3,,,,,,,,,,,,,,,,,,,
,,,,9,1,2,2,,,,,,,,,,,,,,,,,,,
,,,,10,2,2,3,,,,,,,,,,,,,,,,,,,
,,,,11,3,2,1,,,,,,,,,,,,,,,,,,,
,,,,12,4,2,2,,,,,,,,,,,,,,,,,,,
,,,,13,5,2,2,,,,,,,,,,,,,,,,,,,
,,,,14,6,2,1,,,,,,,,,,,,,,,,,,,
,,,,15,7,2,0,,,,,,,,,,,,,,,,,,,
,,,,16,8,2,2,,,,,,,,,,,,,,,,,,,
Site,Date,Block,Plot,Subplot,X,Y,HolVir,,,,,,,,,,,,,,,,,,,
MCL,6/28/2017,3,1,1,1,3,2,,,,,,,,,,,,,,,,,,,
,,,,2,2,3,2,,,,,,,,,,,,,,,,,,,
,,,,3,3,3,,,,,,,,,,,,,,,,,,,,
,,,,4,4,3,,,,,,,,,,,,,,,,,,,,
,,,,5,5,3,2,,,,,,,,,,,,,,,,,,,
,,,,6,6,3,,,,,,,,,,,,,,,,,,,,
,,,,7,7,3,,,,,,,,,,,,,,,,,,,,
,,,,8,8,3,2,,,,,,,,,,,,,,,,,,,
,,,,9,1,4,2,,,,,,,,,,,,,,,,,,,
,,,,10,2,4,2,,,,,,,,,,,,,,,,,,,
,,,,11,3,4,1,,,,,,,,,,,,,,,,,,,
,,,,12,4,4,,,,,,,,,,,,,,,,,,,,
,,,,13,5,4,,,,,,,,,,,,,,,,,,,,
,,,,14,6,4,,,,,,,,,,,,,,,,,,,,
,,,,15,7,4,,,,,,,,,,,,,,,,,,,,
,,,,16,8,4,,,,,,,,,,,,,,,,,,,,
Site,Date,Block,Plot,Subplot,X,Y,HolVir,,,,,,,,,,,,,,,,,,,
MCL,6/28/2017,3,1,1,1,5,2,,,,,,,,,,,,,,,,,,,
,,,,2,2,5,,,,,,,,,,,,,,,,,,,,
,,,,3,3,5,,,,,,,,,,,,,,,,,,,,
,,,,4,4,5,,,,,,,,,,,,,,,,,,,,
,,,,5,5,5,,,,,,,,,,,,,,,,,,,,
,,,,6,6,5,,,,,,,,,,,,,,,,,,,,
,,,,7,7,5,,,,,,,,,,,,,,,,,,,,
,,,,8,8,5,,,,,,,,,,,,,,,,,,,,
,,,,9,1,6,,,,,,,,,,,,,,,,,,,,
,,,,10,2,6,,,,,,,,,,,,,,,,,,,,
,,,,11,3,6,2,,,,,,,,,,,,,,,,,,,
,,,,12,4,6,,,,,,,,,,,,,,,,,,,,
,,,,13,5,6,,,,,,,,,,,,,,,,,,,,
,,,,14,6,6,,,,,,,,,,,,,,,,,,,,
,,,,15,7,6,,,,,,,,,,,,,,,,,,,,
,,,,16,8,6,,,,,,,,,,,,,,,,,,,,
Site,Date,Block,Plot,Subplot,X,Y,HolVir,,,,,,,,,,,,,,,,,,,
MCL,6/28/2017,3,1,1,1,7,,,,,,,,,,,,,,,,,,,,
,,,,2,2,7,1,,,,,,,,,,,,,,,,,,,
,,,,3,3,7,,,,,,,,,,,,,,,,,,,,
,,,,4,4,7,1,,,,,,,,,,,,,,,,,,,
,,,,5,5,7,,,,,,,,,,,,,,,,,,,,
,,,,6,6,7,,,,,,,,,,,,,,,,,,,,
,,,,7,7,7,1,,,,,,,,,,,,,,,,,,,
,,,,8,8,7,,,,,,,,,,,,,,,,,,,,
,,,,9,1,8,,,,,,,,,,,,,,,,,,,,
,,,,10,2,8,,,,,,,,,,,,,,,,,,,,
,,,,11,3,8,1,,,,,,,,,,,,,,,,,,,
,,,,12,4,8,1,,,,,,,,,,,,,,,,,,,
,,,,13,5,8,2,,,,,,,,,,,,,,,,,,,
,,,,14,6,8,,,,,,,,,,,,,,,,,,,,
,,,,15,7,8,,,,,,,,,,,,,,,,,,,,
,,,,16,8,8,2,,,,,,,,,,,,,,,,,,,
Site,Date,Block,Plot,Subplot,X,Y,HolVir,,,,,,,,,,,,,,,,,,,
MCL,6/28/2017,3,2,1,1,1,,,,,,,,,,,,,,,,,,,,
,,,,2,2,1,,,,,,,,,,,,,,,,,,,,
,,,,3,3,1,2,,,,,,,,,,,,,,,,,,,
,,,,4,4,1,2,,,,,,,,,,,,,,,,,,,
,,,,5,5,1,1,,,,,,,,,,,,,,,,,,,
,,,,6,6,1,,,,,,,,,,,,,,,,,,,,
,,,,7,7,1,,,,,,,,,,,,,,,,,,,,
,,,,8,8,1,,,,,,,,,,,,,,,,,,,,
,,,,9,1,2,2,,,,,,,,,,,,,,,,,,,
,,,,10,2,2,,,,,,,,,,,,,,,,,,,,
,,,,11,3,2,1,,,,,,,,,,,,,,,,,,,
,,,,12,4,2,1,,,,,,,,,,,,,,,,,,,
,,,,13,5,2,,,,,,,,,,,,,,,,,,,,
,,,,14,6,2,1,,,,,,,,,,,,,,,,,,,
,,,,15,7,2,,,,,,,,,,,,,,,,,,,,
,,,,16,8,2,,,,,,,,,,,,,,,,,,,,
Site,Date,Block,Plot,Subplot,X,Y,HolVir,,,,,,,,,,,,,,,,,,,
MCL,6/28/2017,3,2,1,1,3,,,,,,,,,,,,,,,,,,,,
,,,,2,2,3,,,,,,,,,,,,,,,,,,,,
,,,,3,3,3,,,,,,,,,,,,,,,,,,,,
,,,,4,4,3,2,,,,,,,,,,,,,,,,,,,
,,,,5,5,3,2,,,,,,,,,,,,,,,,,,,
,,,,6,6,3,1,,,,,,,,,,,,,,,,,,,
,,,,7,7,3,,,,,,,,,,,,,,,,,,,,
,,,,8,8,3,,,,,,,,,,,,,,,,,,,,
,,,,9,1,4,2,,,,,,,,,,,,,,,,,,,
,,,,10,2,4,2,,,,,,,,,,,,,,,,,,,
,,,,11,3,4,1,,,,,,,,,,,,,,,,,,,
,,,,12,4,4,2,,,,,,,,,,,,,,,,,,,
,,,,13,5,4,1,,,,,,,,,,,,,,,,,,,
,,,,14,6,4,1,,,,,,,,,,,,,,,,,,,
,,,,15,7,4,,,,,,,,,,,,,,,,,,,,
,,,,16,8,4,,,,,,,,,,,,,,,,,,,,
Site,Date,Block,Plot,Subplot,X,Y,HolVir,,,,,,,,,,,,,,,,,,,
MCL,6/28/2017,3,2,1,1,5,1,,,,,,,,,,,,,,,,,,,
,,,,2,2,5,3,,,,,,,,,,,,,,,,,,,
,,,,3,3,5,2,,,,,,,,,,,,,,,,,,,
,,,,4,4,5,3,,,,,,,,,,,,,,,,,,,
,,,,5,5,5,2,,,,,,,,,,,,,,,,,,,
,,,,6,6,5,2,,,,,,,,,,,,,,,,,,,
,,,,7,7,5,,,,,,,,,,,,,,,,,,,,
,,,,8,8,5,,,,,,,,,,,,,,,,,,,,
,,,,9,1,6,,,,,,,,,,,,,,,,,,,,
,,,,10,2,6,1,,,,,,,,,,,,,,,,,,,
,,,,11,3,6,2,,,,,,,,,,,,,,,,,,,
,,,,12,4,6,2,,,,,,,,,,,,,,,,,,,
,,,,13,5,6,2,,,,,,,,,,,,,,,,,,,
,,,,14,6,6,1,,,,,,,,,,,,,,,,,,,
,,,,15,7,6,,,,,,,,,,,,,,,,,,,,
,,,,16,8,6,,,,,,,,,,,,,,,,,,,,
Site,Date,Block,Plot,Subplot,X,Y,HolVir,,,,,,,,,,,,,,,,,,,
MCL,6/28/2017,3,2,1,1,7,2,,,,,,,,,,,,,,,,,,,
,,,,2,2,7,2,,,,,,,,,,,,,,,,,,,
,,,,3,3,7,,,,,,,,,,,,,,,,,,,,
,,,,4,4,7,2,,,,,,,,,,,,,,,,,,,
,,,,5,5,7,,,,,,,,,,,,,,,,,,,,
,,,,6,6,7,,,,,,,,,,,,,,,,,,,,
,,,,7,7,7,,,,,,,,,,,,,,,,,,,,
,,,,8,8,7,,,,,,,,,,,,,,,,,,,,
,,,,9,1,8,1,,,,,,,,,,,,,,,,,,,
,,,,10,2,8,2,,,,,,,,,,,,,,,,,,,
,,,,11,3,8,1,,,,,,,,,,,,,,,,,,,
,,,,12,4,8,2,,,,,,,,,,,,,,,,,,,
,,,,13,5,8,,,,,,,,,,,,,,,,,,,,
,,,,14,6,8,,,,,,,,,,,,,,,,,,,,
,,,,15,7,8,,,,,,,,,,,,,,,,,,,,
,,,,16,8,8,,,,,,,,,,,,,,,,,,,,
Site,Date,Block,Plot,Subplot,X,Y,HolVir,,,,,,,,,,,,,,,,,,,
MCL,6/28/2017,4,1,1,1,1,3,,,,,,,,,,,,,,,,,,,
,,,,2,2,1,2,,,,,,,,,,,,,,,,,,,
,,,,3,3,1,,,,,,,,,,,,,,,,,,,,
,,,,4,4,1,,,,,,,,,,,,,,,,,,,,
,,,,5,5,1,4,,,,,,,,,,,,,,,,,,,
,,,,6,6,1,4,,,,,,,,,,,,,,,,,,,
,,,,7,7,1,3,,,,,,,,,,,,,,,,,,,
,,,,8,8,1,3,,,,,,,,,,,,,,,,,,,
,,,,9,1,2,4,,,,,,,,,,,,,,,,,,,
,,,,10,2,2,3,,,,,,,,,,,,,,,,,,,
,,,,11,3,2,2,,,,,,,,,,,,,,,,,,,
,,,,12,4,2,2,,,,,,,,,,,,,,,,,,,
,,,,13,5,2,3,,,,,,,,,,,,,,,,,,,
,,,,14,6,2,3,,,,,,,,,,,,,,,,,,,
,,,,15,7,2,3,,,,,,,,,,,,,,,,,,,
,,,,16,8,2,3,,,,,,,,,,,,,,,,,,,
Site,Date,Block,Plot,Subplot,X,Y,HolVir,,,,,,,,,,,,,,,,,,,
MCL,6/28/2017,4,1,1,1,3,3,,,,,,,,,,,,,,,,,,,
,,,,2,2,3,3,,,,,,,,,,,,,,,,,,,
,,,,3,3,3,3,,,,,,,,,,,,,,,,,,,
,,,,4,4,3,2,,,,,,,,,,,,,,,,,,,
,,,,5,5,3,3,,,,,,,,,,,,,,,,,,,
,,,,6,6,3,3,,,,,,,,,,,,,,,,,,,
,,,,7,7,3,3,,,,,,,,,,,,,,,,,,,
,,,,8,8,3,2,,,,,,,,,,,,,,,,,,,
,,,,9,1,4,3,,,,,,,,,,,,,,,,,,,
,,,,10,2,4,3,,,,,,,,,,,,,,,,,,,
,,,,11,3,4,3,,,,,,,,,,,,,,,,,,,
,,,,12,4,4,3,,,,,,,,,,,,,,,,,,,
,,,,13,5,4,3,,,,,,,,,,,,,,,,,,,
,,,,14,6,4,3,,,,,,,,,,,,,,,,,,,
,,,,15,7,4,3,,,,,,,,,,,,,,,,,,,
,,,,16,8,4,4,,,,,,,,,,,,,,,,,,,
Site,Date,Block,Plot,Subplot,X,Y,HolVir,,,,,,,,,,,,,,,,,,,
MCL,6/28/2017,4,1,1,1,5,4,,,,,,,,,,,,,,,,,,,
,,,,2,2,5,4,,,,,,,,,,,,,,,,,,,
,,,,3,3,5,3,,,,,,,,,,,,,,,,,,,
,,,,4,4,5,4,,,,,,,,,,,,,,,,,,,
,,,,5,5,5,4,,,,,,,,,,,,,,,,,,,
,,,,6,6,5,4,,,,,,,,,,,,,,,,,,,
,,,,7,7,5,3,,,,,,,,,,,,,,,,,,,
,,,,8,8,5,3,,,,,,,,,,,,,,,,,,,
,,,,9,1,6,4,,,,,,,,,,,,,,,,,,,
,,,,10,2,6,3,,,,,,,,,,,,,,,,,,,
,,,,11,3,6,4,,,,,,,,,,,,,,,,,,,
,,,,12,4,6,4,,,,,,,,,,,,,,,,,,,
,,,,13,5,6,4,,,,,,,,,,,,,,,,,,,
,,,,14,6,6,5,,,,,,,,,,,,,,,,,,,
,,,,15,7,6,3,,,,,,,,,,,,,,,,,,,
,,,,16,8,6,4,,,,,,,,,,,,,,,,,,,
Site,Date,Block,Plot,Subplot,X,Y,HolVir,,,,,,,,,,,,,,,,,,,
MCL,6/28/2017,4,1,1,1,7,3,,,,,,,,,,,,,,,,,,,
,,,,2,2,7,3,,,,,,,,,,,,,,,,,,,
,,,,3,3,7,4,,,,,,,,,,,,,,,,,,,
,,,,4,4,7,4,,,,,,,,,,,,,,,,,,,
,,,,5,5,7,4,,,,,,,,,,,,,,,,,,,
,,,,6,6,7,4,,,,,,,,,,,,,,,,,,,
,,,,7,7,7,3,,,,,,,,,,,,,,,,,,,
,,,,8,8,7,2,,,,,,,,,,,,,,,,,,,
,,,,9,1,8,3,,,,,,,,,,,,,,,,,,,
,,,,10,2,8,4,,,,,,,,,,,,,,,,,,,
,,,,11,3,8,4,,,,,,,,,,,,,,,,,,,
,,,,12,4,8,4,,,,,,,,,,,,,,,,,,,
,,,,13,5,8,4,,,,,,,,,,,,,,,,,,,
,,,,14,6,8,3,,,,,,,,,,,,,,,,,,,
,,,,15,7,8,3,,,,,,,,,,,,,,,,,,,
,,,,16,8,8,2,,,,,,,,,,,,,,,,,,,
Site,Date,Block,Plot,Subplot,X,Y,HolVir,,,,,,,,,,,,,,,,,,,
MCL,6/28/2017,4,2,1,1,1,2,,,,,,,,,,,,,,,,,,,
,,,,2,2,1,2,,,,,,,,,,,,,,,,,,,
,,,,3,3,1,3,,,,,,,,,,,,,,,,,,,
,,,,4,4,1,2,,,,,,,,,,,,,,,,,,,
,,,,5,5,1,2,,,,,,,,,,,,,,,,,,,
,,,,6,6,1,2,,,,,,,,,,,,,,,,,,,
,,,,7,7,1,3,,,,,,,,,,,,,,,,,,,
,,,,8,8,1,3,,,,,,,,,,,,,,,,,,,
,,,,9,1,2,3,,,,,,,,,,,,,,,,,,,
,,,,10,2,2,3,,,,,,,,,,,,,,,,,,,
,,,,11,3,2,3,,,,,,,,,,,,,,,,,,,
,,,,12,4,2,3,,,,,,,,,,,,,,,,,,,
,,,,13,5,2,2,,,,,,,,,,,,,,,,,,,
,,,,14,6,2,2,,,,,,,,,,,,,,,,,,,
,,,,15,7,2,2,,,,,,,,,,,,,,,,,,,
,,,,16,8,2,0,,,,,,,,,,,,,,,,,,,
Site,Date,Block,Plot,Subplot,X,Y,HolVir,,,,,,,,,,,,,,,,,,,
MCL,6/28/2017,4,2,1,1,3,3,,,,,,,,,,,,,,,,,,,
,,,,2,2,3,3,,,,,,,,,,,,,,,,,,,
,,,,3,3,3,4,,,,,,,,,,,,,,,,,,,
,,,,4,4,3,4,,,,,,,,,,,,,,,,,,,
,,,,5,5,3,3,,,,,,,,,,,,,,,,,,,
,,,,6,6,3,3,,,,,,,,,,,,,,,,,,,
,,,,7,7,3,3,,,,,,,,,,,,,,,,,,,
,,,,8,8,3,2,,,,,,,,,,,,,,,,,,,
,,,,9,1,4,3,,,,,,,,,,,,,,,,,,,
,,,,10,2,4,3,,,,,,,,,,,,,,,,,,,
,,,,11,3,4,4,,,,,,,,,,,,,,,,,,,
,,,,12,4,4,4,,,,,,,,,,,,,,,,,,,
,,,,13,5,4,4,,,,,,,,,,,,,,,,,,,
,,,,14,6,4,3,,,,,,,,,,,,,,,,,,,
,,,,15,7,4,2,,,,,,,,,,,,,,,,,,,
,,,,16,8,4,1,,,,,,,,,,,,,,,,,,,
Site,Date,Block,Plot,Subplot,X,Y,HolVir,,,,,,,,,,,,,,,,,,,
MCL,6/28/2017,4,2,1,1,5,3,,,,,,,,,,,,,,,,,,,
,,,,2,2,5,3,,,,,,,,,,,,,,,,,,,
,,,,3,3,5,4,,,,,,,,,,,,,,,,,,,
,,,,4,4,5,4,,,,,,,,,,,,,,,,,,,
,,,,5,5,5,3,,,,,,,,,,,,,,,,,,,
,,,,6,6,5,3,,,,,,,,,,,,,,,,,,,
,,,,7,7,5,2,,,,,,,,,,,,,,,,,,,
,,,,8,8,5,1,,,,,,,,,,,,,,,,,,,
,,,,9,1,6,3,,,,,,,,,,,,,,,,,,,
,,,,10,2,6,3,,,,,,,,,,,,,,,,,,,
,,,,11,3,6,3,,,,,,,,,,,,,,,,,,,
,,,,12,4,6,4,,,,,,,,,,,,,,,,,,,
,,,,13,5,6,3,,,,,,,,,,,,,,,,,,,
,,,,14,6,6,2,,,,,,,,,,,,,,,,,,,
,,,,15,7,6,2,,,,,,,,,,,,,,,,,,,
,,,,16,8,6,3,,,,,,,,,,,,,,,,,,,
Site,Date,Block,Plot,Subplot,X,Y,HolVir,,,,,,,,,,,,,,,,,,,
MCL,6/28/2017,4,2,1,1,7,3,,,,,,,,,,,,,,,,,,,
,,,,2,2,7,1,,,,,,,,,,,,,,,,,,,
,,,,3,3,7,2,,,,,,,,,,,,,,,,,,,
,,,,4,4,7,2,,,,,,,,,,,,,,,,,,,
,,,,5,5,7,3,,,,,,,,,,,,,,,,,,,
,,,,6,6,7,3,,,,,,,,,,,,,,,,,,,
,,,,7,7,7,2,,,,,,,,,,,,,,,,,,,
,,,,8,8,7,2,,,,,,,,,,,,,,,,,,,
,,,,9,1,8,3,,,,,,,,,,,,,,,,,,,
,,,,10,2,8,3,,,,,,,,,,,,,,,,,,,
,,,,11,3,8,3,,,,,,,,,,,,,,,,,,,
,,,,12,4,8,3,,,,,,,,,,,,,,,,,,,
,,,,13,5,8,3,,,,,,,,,,,,,,,,,,,
,,,,14,6,8,3,,,,,,,,,,,,,,,,,,,
,,,,15,7,8,3,,,,,,,,,,,,,,,,,,,
,,,,16,8,8,2,,,,,,,,,,,,,,,,,,,
