SiteName,BlockNo,PlotNo,Subplot No,Subplot X,Subplot Y,EroCic,GerDis,TriEri,VicSat,Bare,GalPar,MicCal,,
MCLA,1,1,1,1,1,1,2,,,,,,,
MCLA,1,1,2,2,1,2,1,,,,,,,
MCLA,1,1,3,3,1,2,1,,3,,,,,
MCLA,1,1,4,4,1,2,1,,,,,,,
MCLA,1,1,5,5,1,2,1,,,,,,,
MCLA,1,1,6,6,1,2,1,,,,,,,
MCLA,1,1,7,7,1,1,2,,,20,1,1,,
MCLA,1,1,8,8,1,2,1,,,10,,,,
MCLA,1,1,9,1,2,1,1,,2,,,,,
MCLA,1,1,10,2,2,1,1,,3,,,,,
MCLA,1,1,11,3,2,1,2,,4,,,,,
MCLA,1,1,12,4,2,1,1,,3,,,,,
MCLA,1,1,13,5,2,1,1,,2,,,,,
MCLA,1,1,14,6,2,3,1,,,,,,,
MCLA,1,1,15,7,2,2,1,,,10,1,,,
MCLA,1,1,16,8,2,2,1,,,,,,,
SiteName,BlockNo,PlotNo,Subplot No,Subplot X,Subplot Y,EroCic,GerDis,VicSat,Bare,GalPar,LupBic,,,
MCLA,1,1,1,1,3,2,2,2,,,,,,
MCLA,1,1,2,2,3,1,1,2,,,,,,
MCLA,1,1,3,3,3,,2,3,,2,,,,
MCLA,1,1,4,4,3,1,2,3,,,,,,
MCLA,1,1,5,5,3,1,1,3,,,1,,,
MCLA,1,1,6,6,3,1,1,2,,,,,,
MCLA,1,1,7,7,3,3,1,,,1,,,,
MCLA,1,1,8,8,3,2,,,,1,,,,
MCLA,1,1,9,1,4,1,,2,,,1,,,
MCLA,1,1,10,2,4,2,1,4,7,,,,,
MCLA,1,1,11,3,4,,1,6,,,,,,
MCLA,1,1,12,4,4,,1,6,5,,,,,
MCLA,1,1,13,5,4,,2,5,,,1,,,
MCLA,1,1,14,6,4,2,1,2,,,,,,
MCLA,1,1,15,7,4,,1,2,,,,,,
MCLA,1,1,16,8,4,2,,2,,,,,,
SiteName,BlockNo,PlotNo,Subplot No,Subplot X,Subplot Y,EroCic,GerDis,LupBic,VicSat,Bare,GalPar,,,
MCLA,1,1,1,1,5,,1,,2,,,,,
MCLA,1,1,2,2,5,,1,,3,,,,,
MCLA,1,1,3,3,5,1,1,,5,,,,,
MCLA,1,1,4,4,5,,2,,5,7,,,,
MCLA,1,1,5,5,5,2,2,,4,,,,,
MCLA,1,1,6,6,5,1,,,4,,,,,
MCLA,1,1,7,7,5,,,,3,,,,,
MCLA,1,1,8,8,5,2,,1,2,,,,,
MCLA,1,1,9,1,6,,,,3,,,,,
MCLA,1,1,10,2,6,1,1,,4,,,,,
MCLA,1,1,11,3,6,2,,,3,,,,,
MCLA,1,1,12,4,6,2,,,4,,,,,
MCLA,1,1,13,5,6,2,1,,5,,,,,
MCLA,1,1,14,6,6,1,,,4,,,,,
MCLA,1,1,15,7,6,,,,4,,,,,
MCLA,1,1,16,8,6,2,,,3,,,,,
SiteName,BlockNo,PlotNo,Subplot No,Subplot X,Subplot Y,EroCic,GerDis,VicSat,Bare,LupBic,,,,
MCLA,1,1,1,1,7,,,4,,,,,,
MCLA,1,1,2,2,7,,,3,,,,,,
MCLA,1,1,3,3,7,2,,3,,,,,,
MCLA,1,1,4,4,7,2,,3,,,,,,
MCLA,1,1,5,5,7,1,,5,,,,,,
MCLA,1,1,6,6,7,1,,4,,,,,,
MCLA,1,1,7,7,7,,1,5,,,,,,
MCLA,1,1,8,8,7,,,3,,1,,,,
MCLA,1,1,9,1,8,,,5,,,,,,
MCLA,1,1,10,2,8,,,3,,,,,,
MCLA,1,1,11,3,8,2,,3,,,,,,
MCLA,1,1,12,4,8,1,,4,,1,,,,
MCLA,1,1,13,5,8,,,5,,,,,,
MCLA,1,1,14,6,8,,,3,,,,,,
MCLA,1,1,15,7,8,1,,3,,2,,,,
MCLA,1,1,16,8,8,2,,3,,,,,,
SiteName,BlockNo,PlotNo,Subplot No,Subplot X,Subplot Y,EroCic,GerDis,VicSat,LupBic,Bare,GalPar,,,
MCLA,1,2,1,1,1,,,,,10,1,,,
MCLA,1,2,2,2,1,,,,,3,1,,,
MCLA,1,2,3,3,1,2,,,2,,1,,,
MCLA,1,2,4,4,1,3,,,2,20,,,,
MCLA,1,2,5,5,1,1,,,,,,,,
MCLA,1,2,6,6,1,3,,,,,,,,
MCLA,1,2,7,7,1,2,,,2,20,,,,
MCLA,1,2,8,8,1,2,,,2,20,1,,,
MCLA,1,2,9,1,2,1,,,,30,1,,,
MCLA,1,2,10,2,2,2,,,,15,,,,
MCLA,1,2,11,3,2,2,,,1,,,,,
MCLA,1,2,12,4,2,2,,,1,,,,,
MCLA,1,2,13,5,2,3,,,1,,,,,
MCLA,1,2,14,6,2,4,,,,30,,,,
MCLA,1,2,15,7,2,3,,,,20,1,,,
MCLA,1,2,16,8,2,3,,,,30,2,,,
SiteName,BlockNo,PlotNo,Subplot No,Subplot X,Subplot Y,EroCic,GerDis,VicSat,Bare,LupBic,GalPar,TriEri,,
MCLA,1,2,1,1,3,,,,,,1,,,
MCLA,1,2,2,2,3,2,,,,,,,,
MCLA,1,2,3,3,3,2,,,7,,,,,
MCLA,1,2,4,4,3,2,2,,,,1,,,
MCLA,1,2,5,5,3,3,,,,,1,1,,
MCLA,1,2,6,6,3,3,,,10,,1,,,
MCLA,1,2,7,7,3,,,,3,,1,,,
MCLA,1,2,8,8,3,,,,,,,,,
MCLA,1,2,9,1,4,,1,,,,,,,
MCLA,1,2,10,2,4,2,,,10,,,,,
MCLA,1,2,11,3,4,,,,,,,,,
MCLA,1,2,12,4,4,3,,,,1,,,,
MCLA,1,2,13,5,4,2,,,3,,,1,,
MCLA,1,2,14,6,4,1,,,,,,,,
MCLA,1,2,15,7,4,2,1,,,,,,,
MCLA,1,2,16,8,4,1,,,30,,,,,
SiteName,BlockNo,PlotNo,Subplot No,Subplot X,Subplot Y,EroCic,GerDis,LupBic,VicSat,Bare,GalPar,TriFuc,,
MCLA,1,2,1,1,5,2,,,,,,,,
MCLA,1,2,2,2,5,3,,,,7,,,,
MCLA,1,2,3,3,5,2,,,,,1,,,
MCLA,1,2,4,4,5,,,,,,,,,
MCLA,1,2,5,5,5,,,,,5,1,,,
MCLA,1,2,6,6,5,1,,,,6,,,,
MCLA,1,2,7,7,5,2,,,,40,,1,,
MCLA,1,2,8,8,5,2,,,,5,,,,
MCLA,1,2,9,1,6,,,,,,,,,
MCLA,1,2,10,2,6,,,,,,,,,
MCLA,1,2,11,3,6,,,,,,,,,
MCLA,1,2,12,4,6,,,,,,,,,
MCLA,1,2,13,5,6,,,,,,,,,
MCLA,1,2,14,6,6,,,,,,,,,
MCLA,1,2,15,7,6,,,,,,,,,
MCLA,1,2,16,8,6,,,,,,,,,
SiteName,BlockNo,PlotNo,Subplot No,Subplot X,Subplot Y,EroCic,GerDis,LupBic,VicSat,Bare,GalPar,,,
MCLA,1,2,1,1,7,1,,,2,,1,,,
MCLA,1,2,2,2,7,2,,1,,,,,,
MCLA,1,2,3,3,7,2,,1,,,,,,
MCLA,1,2,4,4,7,2,,,,,,,,
MCLA,1,2,5,5,7,2,,,,40,2,,,
MCLA,1,2,6,6,7,2,,1,,25,,,,
MCLA,1,2,7,7,7,,,,,70,,,,
MCLA,1,2,8,8,7,2,,1,,,,,,
MCLA,1,2,9,1,8,1,,,1,,,,,
MCLA,1,2,10,2,8,2,,,2,,,,,
MCLA,1,2,11,3,8,1,,2,,,,,,
MCLA,1,2,12,4,8,1,,1,,,,,,
MCLA,1,2,13,5,8,1,,1,,,1,,,
MCLA,1,2,14,6,8,,,1,,,,,,
MCLA,1,2,15,7,8,,,,,70,,,,
MCLA,1,2,16,8,8,2,,,,40,,,,
SiteName,BlockNo,PlotNo,Subplot No,Subplot X,Subplot Y,EroCic,GerDis,VicSat,Bare,LupBic,,,,
MCLA,2,1,1,1,1,,1,2,35,1,,,,
MCLA,2,1,2,2,1,,2,3,15,,,,,
MCLA,2,1,3,3,1,,2,2,10,1,,,,
MCLA,2,1,4,4,1,,3,2,15,,,,,
MCLA,2,1,5,5,1,,2,3,25,1,,,,
MCLA,2,1,6,6,1,,2,3,,1,,,,
MCLA,2,1,7,7,1,1,2,4,5,2,,,,
MCLA,2,1,8,8,1,,2,4,,,,,,
MCLA,2,1,9,1,2,,,3,15,,,,,
MCLA,2,1,10,2,2,,2,3,10,,,,,
MCLA,2,1,11,3,2,1,3,2,20,,,,,
MCLA,2,1,12,4,2,,2,2,,,,,,
MCLA,2,1,13,5,2,,2,2,4,,,,,
MCLA,2,1,14,6,2,,1,3,5,,,,,
MCLA,2,1,15,7,2,,2,3,20,,,,,
MCLA,2,1,16,8,2,,3,3,15,,,,,
SiteName,BlockNo,PlotNo,Subplot No,Subplot X,Subplot Y,EroCic,GerDis,VicSat,Bare,LupBic,Collinsia,,,
MCLA,2,1,1,1,3,,2,2,,,,,,
MCLA,2,1,2,2,3,,2,3,,,,,,
MCLA,2,1,3,3,3,,2,3,,,,,,
MCLA,2,1,4,4,3,,2,3,18,,,,,
MCLA,2,1,5,5,3,,1,4,,1,,,,
MCLA,2,1,6,6,3,,1,3,7,,,,,
MCLA,2,1,7,7,3,,2,4,,,,,,
MCLA,2,1,8,8,3,,2,3,,,,,,
MCLA,2,1,9,1,4,,2,3,7,,,,,
MCLA,2,1,10,2,4,,2,2,,,,,,
MCLA,2,1,11,3,4,,1,2,,,,,,
MCLA,2,1,12,4,4,,,2,,1,,,,
MCLA,2,1,13,5,4,,,4,4,,,,,
MCLA,2,1,14,6,4,,,2,,,,,,
MCLA,2,1,15,7,4,,1,2,,,,,,
MCLA,2,1,16,8,4,,2,3,5,,1,,,
SiteName,BlockNo,PlotNo,Subplot No,Subplot X,Subplot Y,EroCic,GerDis,LupBic,VicSat,Bare,,,,
MCLA,2,1,1,1,5,,1,,2,,,,,
MCLA,2,1,2,2,5,,,,1,2,,,,
MCLA,2,1,3,3,5,,,,2,,,,,
MCLA,2,1,4,4,5,,2,1,3,,,,,
MCLA,2,1,5,5,5,,,,2,,,,,
MCLA,2,1,6,6,5,,,,2,,,,,
MCLA,2,1,7,7,5,,1,,3,,,,,
MCLA,2,1,8,8,5,,2,,4,,,,,
MCLA,2,1,9,1,6,,,,3,,,,,
MCLA,2,1,10,2,6,,,,3,,,,,
MCLA,2,1,11,3,6,,,,2,,,,,
MCLA,2,1,12,4,6,,,2,,,,,,
MCLA,2,1,13,5,6,,,,4,,,,,
MCLA,2,1,14,6,6,,1,,3,,,,,
MCLA,2,1,15,7,6,,1,,2,,,,,
MCLA,2,1,16,8,6,,1,,3,,,,,
SiteName,BlockNo,PlotNo,Subplot No,Subplot X,Subplot Y,EroCic,LupVic,VicSat,GerDis,Bare,,,,
MCLA,2,1,1,1,7,,,2,,,,,,
MCLA,2,1,2,2,7,,,2,,,,,,
MCLA,2,1,3,3,7,1,2,2,2,10,,,,
MCLA,2,1,4,4,7,,,2,2,,,,,
MCLA,2,1,5,5,7,,,3,,,,,,
MCLA,2,1,6,6,7,,,3,2,,,,,
MCLA,2,1,7,7,7,,,2,1,,,,,
MCLA,2,1,8,8,7,,,3,1,,,,,
MCLA,2,1,9,1,8,,,2,,,,,,
MCLA,2,1,10,2,8,,,2,1,,,,,
MCLA,2,1,11,3,8,,,2,1,,,,,
MCLA,2,1,12,4,8,,,,1,,,,,
MCLA,2,1,13,5,8,,,2,1,,,,,
MCLA,2,1,14,6,8,,,1,1,,,,,
MCLA,2,1,15,7,8,,,2,1,,,,,
MCLA,2,1,16,8,8,,,2,1,,,,,
SiteName,BlockNo,PlotNo,Subplot No,Subplot X,Subplot Y,GerDis,EroCic,VicSat,Bare,GalPar,,,,
MCLA,2,2,1,1,1,2,,,,,,,,
MCLA,2,2,2,2,1,,,,5,1,,,,
MCLA,2,2,3,3,1,2,,,15,,,,,
MCLA,2,2,4,4,1,2,,,10,1,,,,
MCLA,2,2,5,5,1,1,,1,5,,,,,
MCLA,2,2,6,6,1,,,,15,,,,,
MCLA,2,2,7,7,1,,,2,30,,,,,
MCLA,2,2,8,8,1,,,1,8,,,,,
MCLA,2,2,9,1,2,2,,1,20,,,,,
MCLA,2,2,10,2,2,1,,,,,,,,
MCLA,2,2,11,3,2,2,,,10,,,,,
MCLA,2,2,12,4,2,2,,1,3,,,,,
MCLA,2,2,13,5,2,1,,,,,,,,
MCLA,2,2,14,6,2,2,,1,20,,,,,
MCLA,2,2,15,7,2,,,1,8,,,,,
MCLA,2,2,16,8,2,,2,,7,,,,,
SiteName,BlockNo,PlotNo,Subplot No,Subplot X,Subplot Y,GerDis,EroCic,VicSat,Bare,LupBic,GalPar,,,
MCLA,2,2,1,1,3,4,,1,,,,,,
MCLA,2,2,2,2,3,2,,1,,1,,,,
MCLA,2,2,3,3,3,1,,2,,,,,,
MCLA,2,2,4,4,3,2,,,7,,,,,
MCLA,2,2,5,5,3,1,,,7,,,,,
MCLA,2,2,6,6,3,,,2,,,,,,
MCLA,2,2,7,7,3,,,1,,,,,,
MCLA,2,2,8,8,3,,1,,,,,,,
MCLA,2,2,9,1,4,2,,2,8,,,,,
MCLA,2,2,10,2,4,,,2,,,,,,
MCLA,2,2,11,3,4,1,,3,,,,,,
MCLA,2,2,12,4,4,,,1,,,,,,
MCLA,2,2,13,5,4,,,1,,,1,,,
MCLA,2,2,14,6,4,,,1,,,,,,
MCLA,2,2,15,7,4,,,1,,,,,,
MCLA,2,2,16,8,4,1,,,,,,,,
SiteName,BlockNo,PlotNo,Subplot No,Subplot X,Subplot Y,GerDis,EroCic,VicSat,Bare,,,,,
MCLA,2,2,1,1,5,,,2,,,,,,
MCLA,2,2,2,2,5,1,,1,,,,,,
MCLA,2,2,3,3,5,,,1,,,,,,
MCLA,2,2,4,4,5,,,3,,,,,,
MCLA,2,2,5,5,5,,,2,,,,,,
MCLA,2,2,6,6,5,,,1,,,,,,
MCLA,2,2,7,7,5,1,,2,,,,,,
MCLA,2,2,8,8,5,,,2,,,,,,
MCLA,2,2,9,1,6,1,,2,,,,,,
MCLA,2,2,10,2,6,,,2,,,,,,
MCLA,2,2,11,3,6,1,,2,,,,,,
MCLA,2,2,12,4,6,2,2,2,7,,,,,
MCLA,2,2,13,5,6,2,,2,,,,,,
MCLA,2,2,14,6,6,,,1,,,,,,
MCLA,2,2,15,7,6,1,,,,,,,,
MCLA,2,2,16,8,6,,,,,,,,,
SiteName,BlockNo,PlotNo,Subplot No,Subplot X,Subplot Y,GerDis,EroCic,VicSat,Bare,,,,,
MCLA,2,2,1,1,7,,,2,,,,,,
MCLA,2,2,2,2,7,1,,1,,,,,,
MCLA,2,2,3,3,7,,,1,,,,,,
MCLA,2,2,4,4,7,,,3,,,,,,
MCLA,2,2,5,5,7,,,2,,,,,,
MCLA,2,2,6,6,7,,,1,,,,,,
MCLA,2,2,7,7,7,1,,2,,,,,,
MCLA,2,2,8,8,7,,,2,,,,,,
MCLA,2,2,9,1,8,1,,2,,,,,,
MCLA,2,2,10,2,8,,,2,,,,,,
MCLA,2,2,11,3,8,1,,2,,,,,,
MCLA,2,2,12,4,8,2,2,2,7,,,,,
MCLA,2,2,13,5,8,2,,2,,,,,,
MCLA,2,2,14,6,8,,,1,,,,,,
MCLA,2,2,15,7,8,1,,,,,,,,
MCLA,2,2,16,8,8,,,,,,,,,
SiteName,BlockNo,PlotNo,Subplot No,Subplot X,Subplot Y,VicSat,EroCic,Bare,LupBic,,,,,
MCLA,3,1,1,1,1,2,,,,,,,,
MCLA,3,1,2,2,1,3,,,,,,,,
MCLA,3,1,3,3,1,4,,,,,,,,
MCLA,3,1,4,4,1,3,,,,,,,,
MCLA,3,1,5,5,1,4,,,,,,,,
MCLA,3,1,6,6,1,4,,,,,,,,
MCLA,3,1,7,7,1,4,,,,,,,,
MCLA,3,1,8,8,1,2,3,,1,,,,,
MCLA,3,1,9,1,2,3,,,,,,,,
MCLA,3,1,10,2,2,5,,,,,,,,
MCLA,3,1,11,3,2,5,,,,,,,,
MCLA,3,1,12,4,2,4,,,,,,,,
MCLA,3,1,13,5,2,4,,,,,,,,
MCLA,3,1,14,6,2,5,,,,,,,,
MCLA,3,1,15,7,2,4,,,,,,,,
MCLA,3,1,16,8,2,3,2,,,,,,,
SiteName,BlockNo,PlotNo,Subplot No,Subplot X,Subplot Y,EroCic,LupBic,VicSat,Bare,Collinsia,,,,
MCLA,3,1,1,1,3,,,3,,,,,,
MCLA,3,1,2,2,3,,,4,,1,,,,
MCLA,3,1,3,3,3,,,4,,,,,,
MCLA,3,1,4,4,3,,,5,,,,,,
MCLA,3,1,5,5,3,,,4,,,,,,
MCLA,3,1,6,6,3,,,4,,,,,,
MCLA,3,1,7,7,3,,,5,,,,,,
MCLA,3,1,8,8,3,1,,4,,,,,,
MCLA,3,1,9,1,4,,,2,,,,,,
MCLA,3,1,10,2,4,,,4,,,,,,
MCLA,3,1,11,3,4,,,5,,1,,,,
MCLA,3,1,12,4,4,,,5,,,,,,
MCLA,3,1,13,5,4,,,4,6,,,,,
MCLA,3,1,14,6,4,,,3,,,,,,
MCLA,3,1,15,7,4,,,4,,,,,,
MCLA,3,1,16,8,4,4,1,3,,,,,,
SiteName,BlockNo,PlotNo,Subplot No,Subplot X,Subplot Y,EroCic,LupBic,VicSat,Bare,Collinsia,GalPar,,,
MCLA,3,1,1,1,5,3,,,,,,,,
MCLA,3,1,2,2,5,3,,,,,,,,
MCLA,3,1,3,3,5,4,,,,1,,,,
MCLA,3,1,4,4,5,4,,,5,,,,,
MCLA,3,1,5,5,5,4,,,,,,,,
MCLA,3,1,6,6,5,3,,2,,,,,,
MCLA,3,1,7,7,5,3,,3,,,2,,,
MCLA,3,1,8,8,5,3,2,2,,,1,,,
MCLA,3,1,9,1,6,3,,,,,,,,
MCLA,3,1,10,2,6,3,,1,5,,,,,
MCLA,3,1,11,3,6,4,,,10,,,,,
MCLA,3,1,12,4,6,4,1,,,,,,,
MCLA,3,1,13,5,6,4,,2,,,,,,
MCLA,3,1,14,6,6,4,2,,,,2,,,
MCLA,3,1,15,7,6,3,2,3,,,,,,
MCLA,3,1,16,8,6,2,2,3,,,,,,
SiteName,BlockNo,PlotNo,Subplot No,Subplot X,Subplot Y,VicSat,LupBic,EroCic,Bare,GalPar,,,,
MCLA,3,1,1,1,7,3,,1,,,,,,
MCLA,3,1,2,2,7,3,,1,,,,,,
MCLA,3,1,3,3,7,3,,,,,,,,
MCLA,3,1,4,4,7,3,,,,,,,,
MCLA,3,1,5,5,7,3,,,,,,,,
MCLA,3,1,6,6,7,3,,1,,,,,,
MCLA,3,1,7,7,7,2,,1,,,,,,
MCLA,3,1,8,8,7,2,2,2,,1,,,,
MCLA,3,1,9,1,8,3,,,,,,,,
MCLA,3,1,10,2,8,4,,,,,,,,
MCLA,3,1,11,3,8,3,,,,,,,,
MCLA,3,1,12,4,8,3,,,,,,,,
MCLA,3,1,13,5,8,3,,,,,,,,
MCLA,3,1,14,6,8,5,,,,,,,,
MCLA,3,1,15,7,8,3,,2,,1,,,,
MCLA,3,1,16,8,8,2,,1,,,,,,
SiteName,BlockNo,PlotNo,Subplot No,Subplot X,Subplot Y,EroCic,VicSat,LupBic,Bare,GalPar,TriEri,White Owl-Clover,,
MCLA,3,2,1,1,1,4,,3,,,,,,
MCLA,3,2,2,2,1,4,2,3,,1,,,,
MCLA,3,2,3,3,1,2,,,,,,,,
MCLA,3,2,4,4,1,2,,1,,,,,,
MCLA,3,2,5,5,1,3,,1,,,,,,
MCLA,3,2,6,6,1,3,1,1,,,,,,
MCLA,3,2,7,7,1,2,2,2,,1,,,,
MCLA,3,2,8,8,1,2,,1,,2,,,,
MCLA,3,2,9,1,2,4,1,2,,1,1,,,
MCLA,3,2,10,2,2,4,,2,,1,,1,,
MCLA,3,2,11,3,2,4,,,,,,,,
MCLA,3,2,12,4,2,1,1,1,,1,,,,
MCLA,3,2,13,5,2,4,,2,,,,,,
MCLA,3,2,14,6,2,3,,2,,,,,,
MCLA,3,2,15,7,2,4,,1,,,,,,
MCLA,3,2,16,8,2,2,2,,,2,,,,
SiteName,BlockNo,PlotNo,Subplot No,Subplot X,Subplot Y,EroCic,VicSat,LupBic,White Owl-Clover,Galpar,TriEri,Bare,,
MCLA,3,2,1,1,3,3,3,1,1,1,,,,
MCLA,3,2,2,2,3,3,2,2,1,1,,,,
MCLA,3,2,3,3,3,3,2,2,,,,,,
MCLA,3,2,4,4,3,3,2,2,,1,,,,
MCLA,3,2,5,5,3,4,,2,1,1,1,,,
MCLA,3,2,6,6,3,2,2,2,,,,,,
MCLA,3,2,7,7,3,2,2,2,,,,,,
MCLA,3,2,8,8,3,2,2,,,2,,,,
MCLA,3,2,9,1,4,2,5,3,,1,,,,
MCLA,3,2,10,2,4,2,,2,2,,,,,
MCLA,3,2,11,3,4,3,,1,,2,,,,
MCLA,3,2,12,4,4,3,2,2,,,,,,
MCLA,3,2,13,5,4,2,2,,,1,,,,
MCLA,3,2,14,6,4,2,4,,,,,,,
MCLA,3,2,15,7,4,2,,1,,,,3,,
MCLA,3,2,16,8,4,2,2,2,,,,,,
SiteName,BlockNo,PlotNo,Subplot No,Subplot X,Subplot Y,EroCic,LupBic,LupBic,GalPar,White Owl-Clover,TriEri,,,
MCLA,3,2,1,1,5,2,2,2,2,1,,,,
MCLA,3,2,2,2,5,2,3,,2,1,,,,
MCLA,3,2,3,3,5,3,1,,,,1,,,
MCLA,3,2,4,4,5,3,3,2,1,,,,,
MCLA,3,2,5,5,5,3,4,1,1,,,,,
MCLA,3,2,6,6,5,2,3,1,1,,,,,
MCLA,3,2,7,7,5,,3,,,,,,,
MCLA,3,2,8,8,5,2,3,,,,,,,
MCLA,3,2,9,1,6,1,2,2,1,,,,,
MCLA,3,2,10,2,6,1,3,3,1,,,,,
MCLA,3,2,11,3,6,1,3,2,1,,,,,
MCLA,3,2,12,4,6,1,4,1,1,,,,,
MCLA,3,2,13,5,6,2,4,,,,,,,
MCLA,3,2,14,6,6,2,4,2,,,,,,
MCLA,3,2,15,7,6,,5,,,,,,,
MCLA,3,2,16,8,6,,4,,,,,,,
SiteName,BlockNo,PlotNo,Subplot No,Subplot X,Subplot Y,VicSat,LupBic,EroCic,GalPar,Rock,Bare,,,
MCLA,3,2,1,1,7,4,3,,,,,,,
MCLA,3,2,2,2,7,4,3,1,1,,,,,
MCLA,3,2,3,3,7,5,2,1,,,,,,
MCLA,3,2,4,4,7,4,2,1,,,,,,
MCLA,3,2,5,5,7,5,,1,1,,,,,
MCLA,3,2,6,6,7,5,1,1,,,,,,
MCLA,3,2,7,7,7,5,,1,,,,,,
MCLA,3,2,8,8,7,4,,,,8,8,,,
MCLA,3,2,9,1,8,4,,,,,,,,
MCLA,3,2,10,2,8,5,1,1,,,,,,
MCLA,3,2,11,3,8,5,,,,,,,,
MCLA,3,2,12,4,8,5,1,1,,,,,,
MCLA,3,2,13,5,8,4,3,4,,,,,,
MCLA,3,2,14,6,8,4,2,,,,,,,
MCLA,3,2,15,7,8,4,,,,,,,,
MCLA,3,2,16,8,8,4,,,,,,,,
SiteName,BlockNo,PlotNo,Subplot No,Subplot X,Subplot Y,VicSat,EroCic,LupBic,GalPar,Bare,DelphiniumGracilentum(?),WhiteCalandrinia,,
MCLA,4,1,1,1,1,3,1,2,1,,,,,
MCLA,4,1,2,2,1,3,,,1,,,,,
MCLA,4,1,3,3,1,2,,,,10,,,,
MCLA,4,1,4,4,1,,,,,30,,,,
MCLA,4,1,5,5,1,1,,,,30,,,,
MCLA,4,1,6,6,1,1,,,1,,,,,
MCLA,4,1,7,7,1,2,2,,,,,,,
MCLA,4,1,8,8,1,,,1,1,7,2,,,
MCLA,4,1,9,1,2,5,,,,,,,,
MCLA,4,1,10,2,2,2,,,1,,,,,
MCLA,4,1,11,3,2,1,1,,1,,,,,
MCLA,4,1,12,4,2,,,,,,,,,
MCLA,4,1,13,5,2,,,,,4,,,,
MCLA,4,1,14,6,2,,,,1,4,,1,,
MCLA,4,1,15,7,2,,,1,,2,,,,
MCLA,4,1,16,8,2,,,1,1,8,2,,,
SiteName,BlockNo,PlotNo,Subplot No,Subplot X,Subplot Y,VicSat,EroCic,LupBic,GerDis,GalPar,Bare,DelGra,Collinsia,
MCLA,4,1,1,1,3,3,2,,2,1,,,,
MCLA,4,1,2,2,3,,2,,1,1,,,,
MCLA,4,1,3,3,3,,1,1,,1,,,,
MCLA,4,1,4,4,3,,2,,,,,,,
MCLA,4,1,5,5,3,,,,,1,10,,,
MCLA,4,1,6,6,3,,,,,,7,1,,
MCLA,4,1,7,7,3,,,,,1,6,,,
MCLA,4,1,8,8,3,1,,1,,,,,,
MCLA,4,1,9,1,4,1,2,,,,,,,
MCLA,4,1,10,2,4,1,2,2,,1,,,,
MCLA,4,1,11,3,4,2,4,,,,,,,
MCLA,4,1,12,4,4,,4,1,,,,,,
MCLA,4,1,13,5,4,,,1,,2,,,,
MCLA,4,1,14,6,4,,2,2,,,,,,
MCLA,4,1,15,7,4,,1,1,,2,,1,,
MCLA,4,1,16,8,4,,,1,,,3,,,
SiteName,BlockNo,PlotNo,Subplot No,Subplot X,Subplot Y,VicSat,EroCic,LupBic,Bare,GerDis,GalPar,Collinsia,,
MCLA,4,1,1,1,5,,2,1,,,,,,
MCLA,4,1,2,2,5,,3,1,,1,1,,,
MCLA,4,1,3,3,5,1,3,1,,,1,,,
MCLA,4,1,4,4,5,,2,,10,,1,,,
MCLA,4,1,5,5,5,,2,,10,,,,,
MCLA,4,1,6,6,5,,2,1,,,,1,,
MCLA,4,1,7,7,5,2,,,,,,,,
MCLA,4,1,8,8,5,,,1,3,,,2,,
MCLA,4,1,9,1,6,,2,,,2,,,,
MCLA,4,1,10,2,6,,2,,,,,,,
MCLA,4,1,11,3,6,,2,2,,1,,,,
MCLA,4,1,12,4,6,,2,2,,,2,,,
MCLA,4,1,13,5,6,,,,4,,2,,,
MCLA,4,1,14,6,6,,1,,8,,1,,,
MCLA,4,1,15,7,6,2,,1,2,,,,,
MCLA,4,1,16,8,6,,,,,,,,,
SiteName,BlockNo,PlotNo,Subplot No,Subplot X,Subplot Y,EroCic,VicSat,LupBic,Bare,DelVar,GerDis,GalPar,DelGra,DaucPusil
MCLA,4,1,1,1,7,3,,1,,2,2,,,
MCLA,4,1,2,2,7,2,,,,,2,,,
MCLA,4,1,3,3,7,2,,2,,,,,,
MCLA,4,1,4,4,7,1,,2,,,,1,,
MCLA,4,1,5,5,7,,,1,,,,1,3,
MCLA,4,1,6,6,7,,,,,,,1,,
MCLA,4,1,7,7,7,,,,3,,,,,
MCLA,4,1,8,8,7,,,,10,,,1,,
MCLA,4,1,9,1,8,2,,1,,2,,,,2
MCLA,4,1,10,2,8,1,,,20,3,,,,
MCLA,4,1,11,3,8,2,,1,35,2,,,,
MCLA,4,1,12,4,8,,,3,,,1,1,,
MCLA,4,1,13,5,8,,,,,,,2,,
MCLA,4,1,14,6,8,,,,,,,,,
MCLA,4,1,15,7,8,,,,,,,,,
MCLA,4,1,16,8,8,,,,10,,,,,
SiteName,BlockNo,PlotNo,Subplot No,Subplot X,Subplot Y,EroCic,LupBic,VicSat,Galpar,CerGlo,Collinsia,Bare,,
MCLA,4,2,1,1,1,,1,,1,,,,,
MCLA,4,2,2,2,1,,2,,1,2,1,,,
MCLA,4,2,3,3,1,1,1,,,1,,,,
MCLA,4,2,4,4,1,,2,,1,,,,,
MCLA,4,2,5,5,1,,2,,1,,,,,
MCLA,4,2,6,6,1,,1,,,,,,,
MCLA,4,2,7,7,1,,1,,1,,,,,
MCLA,4,2,8,8,1,,2,2,,,,,,
MCLA,4,2,9,1,2,,2,2,,,,,,
MCLA,4,2,10,2,2,,2,,1,,,,,
MCLA,4,2,11,3,2,1,1,,1,,,10,,
MCLA,4,2,12,4,2,,1,,,,,,,
MCLA,4,2,13,5,2,,,,,,,,,
MCLA,4,2,14,6,2,,2,,1,,,,,
MCLA,4,2,15,7,2,,1,,,,,,,
MCLA,4,2,16,8,2,,1,,,,,,,
SiteName,BlockNo,PlotNo,Subplot No,Subplot X,Subplot Y,EroCic,LupBic,VicSat,Bare,GalPar,DaucPusil,Collinsia,,
MCLA,4,2,1,1,3,,2,,7,1,,,,
MCLA,4,2,2,2,3,,1,,,1,,,,
MCLA,4,2,3,3,3,,2,,20,1,,,,
MCLA,4,2,4,4,3,,1,,,,1,,,
MCLA,4,2,5,5,3,,1,,2,,,,,
MCLA,4,2,6,6,3,1,1,,,,,,,
MCLA,4,2,7,7,3,,1,,,,,,,
MCLA,4,2,8,8,3,1,2,,,1,,,,
MCLA,4,2,9,1,4,,1,,20,1,,1,,
MCLA,4,2,10,2,4,,1,,,1,,,,
MCLA,4,2,11,3,4,1,2,,4,,,,,
MCLA,4,2,12,4,4,2,2,,10,,,,,
MCLA,4,2,13,5,4,,2,,,,,,,
MCLA,4,2,14,6,4,,2,,,1,,,,
MCLA,4,2,15,7,4,,1,,,,,,,
MCLA,4,2,16,8,4,,,,,,,,,
SiteName,BlockNo,PlotNo,Subplot No,Subplot X,Subplot Y,LupBic,EroCic,VicSat,Bare,Rock,Collinsia,GalPar,,
MCLA,4,2,1,1,5,,,,5,5,,,,
MCLA,4,2,2,2,5,,2,,,,2,,,
MCLA,4,2,3,3,5,,1,,15,,,,,
MCLA,4,2,4,4,5,2,,,20,,,,,
MCLA,4,2,5,5,5,,,,15,,,1,,
MCLA,4,2,6,6,5,1,,,,,,,,
MCLA,4,2,7,7,5,,1,,,,,,,
MCLA,4,2,8,8,5,1,,,,,,1,,
MCLA,4,2,9,1,6,,1,,7,,,,,
MCLA,4,2,10,2,6,1,,,,,,,,
MCLA,4,2,11,3,6,1,,,,,,,,
MCLA,4,2,12,4,6,,,,,,,,,
MCLA,4,2,13,5,6,2,,,,,,,,
MCLA,4,2,14,6,6,,,,,,,,,
MCLA,4,2,15,7,6,1,,,,,,,,
MCLA,4,2,16,8,6,2,,,,,,,,
SiteName,BlockNo,PlotNo,Subplot No,Subplot X,Subplot Y,EroCic,LupBic,GalPar,Bare,,,,,
MCLA,4,2,1,1,7,1,,,,,,,,
MCLA,4,2,2,2,7,2,,,,,,,,
MCLA,4,2,3,3,7,1,,,,,,,,
MCLA,4,2,4,4,7,,,,,,,,,
MCLA,4,2,5,5,7,,,,,,,,,
MCLA,4,2,6,6,7,,2,,,,,,,
MCLA,4,2,7,7,7,,2,,,,,,,
MCLA,4,2,8,8,7,1,2,,,,,,,
MCLA,4,2,9,1,8,1,1,1,,,,,,
MCLA,4,2,10,2,8,2,2,,15,,,,,
MCLA,4,2,11,3,8,,,,,,,,,
MCLA,4,2,12,4,8,2,,,,,,,,
MCLA,4,2,13,5,8,2,2,2,10,,,,,
MCLA,4,2,14,6,8,2,1,,,,,,,
MCLA,4,2,15,7,8,1,2,,,,,,,
MCLA,4,2,16,8,8,2,2,,,,,,,
