Site	Date	BlockNo	PlotNo	SubplotNo	SubplotX	SubplotY	BroHor	AegTri	BriMax	BroDia	AveBar	MadSat	MicCal	DaucPusil	ClaPur	TriRefLarge	Torilis	Sidalcea	TriPlate	Bare	Gopher	CarPac	HypGla	TriCupcake	EupSpa	BroSter	AirCar	GalPar										
HREC	5/17/2017	1	1	1	1	1	2	3	4	2		5	2	2	2																							
				2	2	1	2		5	2	2	4		2	1		1						1															
				3	3	1	3		3	2	2	3				2		2	1	3	3		1															
				4	4	1	3		5	2	2	3			2			2	2			1	2															
				5	5	1	2		4	2	2	3		1	2	1								1														
				6	6	1	2	1	4	3	2	4							1						2													
				7	7	1	2	2	4		2	2			2	2	2					2			2													
				8	8	1	2	1	4	2	2	3				2	2					2			2													
				9	1	2	3	3	3		2	4	2	2	2	1							2															
				10	2	2	3	2	3	1	2	5		2		2							2															
				11	3	2	3		4	2	2	4			1	1		1	1						1													
				12	4	2	3		4	3	2	4		1	1		2								1													
				13	5	2	3		3	2	2	3		2	3	1		2	2	4	4				1													
				14	6	2	2		4	2	2	2		2		2		2	1				2		1	3												
				15	7	2	3		4	2	2				2	3	2	1	3			2			2		2											
				16	8	2	3		4		1				2	3			2			2			2	2		1										
Site	Date	BlockNo	PlotNo	SubplotNo	SubplotX	SubplotY	AveBar	AegTri	BriMax	BroHor	BroDia	BroSter	AirCar	MadSat	Torilis	MicCal	HypGla	ClaPur	DaucPusil	Sidalcea	GalPar	TriPlate	TriRefLarge	TriCupcake	Bare/Gopher	EupSpa	BriMin	ElyGla	CarPac									
HREC	5/17/2017	1	1	1	1	3	1	3	4	2				2	2		2	2	0	2		3	1															
				2	2	3	2	4	3	2				5				1	2	1			1			1												
				3	3	3	2		2	3	2			4				2	2			1	2															
				4	4	3	2		3	3	2			4	1				2	2		1	1		3													
				5	5	3	2		3	3	2			3				1	2						4													
				6	6	3	2		4	3	3			2			1		2	1		2	2		2	2	1	2										
				7	7	3	2		4	2	1	1		2			2	2	1			3	2			2		2										
				8	8	3	2		4	3		3		1			2	3	1	2	1	3				2			1									
				9	1	4	2	4	3	3	2			2	2		1	1	0		1	2			2	2												
				10	2	4		2	4	2	2			5	1		3		1										2									
				11	3	4		2	3	3	2			5					2				2		2													
				12	4	4	1		4	2	3			4					3			1	1															
				13	5	4	2		4	3	3			3	1				2	2	1		2		3													
				14	6	4	2		3	3	2			2	1			2	1			1	2					2										
				15	7	4			4	3		3		1	1		2	1	1	1	1		2						3									
				16	8	4	1		4	3		2		1			2	3	2	1	2	1	2															
Site	Date	BlockNo	PlotNo	SubplotNo	SubplotX	SubplotY	AveBar	AegTri	BriMax	BroHor	BroDia	BroSter	AirCar	MadSat	HypGla	ClaPur	DaucPusil	MicCal	Sidalcea	GalPar	Torilis	TriPlate	TriRefLarge	TriCupcake	Bare/Gopher	Gopher	CarPac	EupSpa	LotusSmall	AirCar	AnaArv	TriRefSmall	Linanthus					
HREC	5/17/2017	1	1	1	1	5	2	3	3	1				4	3		2			1		3	2															
				2	2	5	2		3	3	2			3	2	2	4		2	1	1	3	1				1	1										
				3	3	5	2	2	4	2	2			4	2		3		1		1						1		1									
				4	4	5	2	3	4	2	2			2			2		2	1		2	2						1									
				5	5	5	2		4	2						1	2		1	1	1				3	3			2									
				6	6	5	2		4	3		1		1	1		1			1			2				1		2									
				7	7	5	1		4	2	1	2		2		2	1				1	1	1				2											
				8	8	5	2		4	2				3	1	3	2			1		2	1		3	3												
				9	1	6	1		4	2	2			4	2		3				1	2							1									
				10	2	6	2		4	3	2			3	2	1	4		1	1		1					1		1	1								
				11	3	6	2	2	4	3	2			3			1		1			3	2				2		2		1							
				12	4	6	2	1	4	2	3								1		2	2	1						2									
				13	5	6	2		3	3	1			1					2	1	1	2	2						2									
				14	6	6	2		4	2	1			2		1	1		1	1	1		2						2									
				15	7	6	2		4	2				1		3	2			1		1	1						2			2						
				16	8	6		3	4	2	1			2		3	2		2		1	3	2				1						1					
Site	Date	BlockNo	PlotNo	SubplotNo	SubplotX	SubplotY	AveBar	AegTri	BriMax	BroHor	BroDia	BroSter	AirCar	MadSat	DaucPusil	Sidalcea	HypGla	ClaPur	CarPac	GalPar	Torilis	TriPlate	TriRefLarge	TriCupcake	TriRefSmall	Bare	Gopher	EupSpa	Scandix	LotusSmall	Rock	MicCal						
HREC	5/17/2017	1	1	1	1	7	1		4	2	3			3	3		1	2		1						2	2	1	2									
				2	2	7			4	3	2			2	4			2				2	2					1		2								
				3	3	7	1		4	3	2			2	2			2		2		3				3	3	2										
				4	4	7	2		4	3	2			2	1	1		2				2	1					2		1								
				5	5	7	2		4	3	2			2	1	1		2			2		2							2								
				6	6	7	2		4	3	3			2	1	2	2		1	1	1							1		1								
				7	7	7		2	4	2				1	2	2	2	2				1	2							2								
				8	8	7		3	4	2				3	2	1	1	1			2	2								1								
				9	1	8	1		4	3	3			4		2		1		2		2																
				10	2	8	1		3	3	2			2	2	1		1		2	1	1				3					3							
				11	3	8			4	3	2			2	2		2	2	2		2							1		2								
				12	4	8	1		4	3	2			1	3	1	1					2	2							3								
				13	5	8		2	4	2	2			2	2	1	2		1			2						1		3								
				14	6	8	1		4	2	2				2	2	1	1	2	1			2															
				15	7	8	2		4	2				2	2		1		1		1		3							3		2						
				16	8	8	1	2	4	2				3	2	2	1					2	2							2								
Site	Date	BlockNo	PlotNo	SubplotNo	SubplotX	SubplotY	AveBar	AegTri	BriMax	BroHor	BroDia	BroSter	AirCar	MadSat	DaucPusil	Sidalcea	HypGla	ClaPur	CarPac	GalPar	Torilis	TriPlate	TriRefLarge	TriCupcake	TriRefSmall	Bare	Gopher	EupSpa	LotusSmall	TaeCap	Linanthus	MicCal	Lotus					
HREC	5/17/2017	1	2	1	1	1	2	2	3	2	2			3	2	2			3		2					4	4											
				2	2	1	1	3	3	2	2			4	2	2		1					1															
				3	3	1	1	3	4	1				3	1			3				1				2	2			2								
				4	4	1		4	3	1				3	1	2		1		2																		
				5	5	1		4	4	1				2	3	1		2	1	1																		
				6	6	1	1	4	4	1	1			3	2			1	1	1	1										2							
				7	7	1		3	4	1				3	3			2								2	2		2		1	2						
				8	8	1		2	5	2				2	3		3	2														2	2					
				9	1	2	2	3	3	3	3			2				2	2	1	1					3	3											
				10	2	2		3	3	2				3		2					2							1										
				11	3	2		4	3	2				3	2		1	1	1	1		1				3	3											
				12	4	2		4	4	2				3	2		2			1																		
				13	5	2		4	3	2				3	2		1	3																				
				14	6	2		3	4	2				2	3	2		4															2					
				15	7	2	2	2	4	2				2	3	2	3	3													2	2						
				16	8	2			4			2		2	3	1	2	3	2	2					1	3	3											
Site	Date	BlockNo	PlotNo	SubplotNo	SubplotX	SubplotY	AveBar	AegTri	BriMax	BroHor	BroDia	BroSter	AirCar	MadSat	DaucPusil	Sidalcea	HypGla	ClaPur	CarPac	GalPar	Torilis	TriPlate	TriRefLarge	TriCupcake	TriRefSmall	EupSpa	Bare	Gopher	Linanthus	MicCal	LotusSmall	Lotus	TriAlbo					
HREC	5/17/2017	1	2	1	1	3		4	3	3	1			3		2		3	1				1			2	3	3										
				2	2	3		3	4	2				2		2	1	1		1							3	3										
				3	3	3	1	3	3					3			1					1	2			2	3	3	2									
				4	4	3		5	2	2				3		1		1	1								2	2		1								
				5	5	3	1	4	3	2				2	3	2	2	2			1																	
				6	6	3	1	4	4	2				2	3			3												2	1							
				7	7	3	2	3	4	2				2	3			4				2			1		2	2	1									
				8	8	3		3	4	2			2	2	3		3	3											1	2		2						
				9	1	4	1	4	3	2				2	2	2							2			2	3	3										
				10	2	4		3	4	2				2	1	2	1	2				2							1				1					
				11	3	4		4	3	2				3	3		1		1																			
				12	4	4		4	3	2				2	2			2		1																		
				13	5	4		4	3	3				2	2					1					2													
				14	6	4		4	4	2				2	3		3												1	2								
				15	7	4		4	4	1					2			1											1	2								
				16	8	4		4	4					2	3						2		1						2									
Site	Date	BlockNo	PlotNo	SubplotNo	SubplotX	SubplotY	AveBar	AegTri	BriMax	BroHor	BroDia	BroSter	AirCar	MadSat	DaucPusil	Sidalcea	HypGla	ClaPur	CarPac	GalPar	Torilis	TriPlate	TriRefLarge	TriCupcake	TriRefSmall	EupSpa	Bare	Gopher	Linanthus	LotusSmall	Lotus	MicCal	TriHir					
HREC	5/17/2017	1	2	1	1	5	1	4	4	3				2		2		2	2	1						1												
				2	2	5	1	4	5	2				2	1											1												
				3	3	5	1	3	4	2				2	2		3	2		1			2							1	1							
				4	4	5	1	4	4	2					4	1	2	1					2															
				5	5	5		3	5					2	2	1	2	2					1															
				6	6	5		4	5					2	2	2	3	1		1																		
				7	7	5		3	5					2	3		2	2														2						
				8	8	5		4	5						3	2		2				1							1									
				9	1	6	1	5	4	1				3	1	2		2	2			1																
				10	2	6	1	4	4	1				2	2			2		1																		
				11	3	6	2	3	5	2	3			2				2		1						1												
				12	4	6	1	3	4	2	1	1		2	2	1	2	2											1	1			1					
				13	5	6	1	3	4	3	2			3	3	2	1				1																	
				14	6	6		3	4	1	2			2	2			2									3	3				2						
				15	7	6		3	5	2	2	1		2	2			2					1							1								
				16	8	6		3	4	1	2			1	2			3							2													
Site	Date	BlockNo	PlotNo	SubplotNo	SubplotX	SubplotY	AveBar	AegTri	BriMax	BroHor	BroDia	BroSter	AirCar	MadSat	DaucPusil	Sidalcea	HypGla	ClaPur	CarPac	GalPar	Torilis	TriPlate	TriRefLarge	TriCupcake	TriRefSmall	EupSpa	Bare	Gopher	Linanthus	MicCal	LotusSmall	Lotus	TriAlbo	NasPul	PlaNot			
HREC	5/17/2017	1	2	1	1	7		3	5	2				2			3	1	2						1													
				2	2	7	1	3	5	2	2			1	2		2	2					1		2													
				3	3	7		2	6	2								2		1	1				1													
				4	4	7	2	2	3	3	3			2	3	2	2			1																		
				5	5	7	1	3	3	3	3			2	2		3						2				2	2			1							
				6	6	7		2	5	2	2			2	2		2	1									2	2										
				7	7	7		1	4	2	2			2	2	1		2		1							4	4			2			3				
				8	8	7		1	4	2	1			2	3	2	3	3									2	2	1									
				9	1	8	2	4	4	1				3	2	1	3	2		1		1	1			1			1		1							
				10	2	8	1	3	5	2	2		1	2	2								2															
				11	3	8	2	2	6	2	2				3			2							1						1							
				12	4	8	2	2	5	2	3	1			2	3	2																					
				13	5	8	2		3	4	3			2	2		3			1		1													1			
				14	6	8	2		4	3				3	3		3	1					2															
				15	7	8	1		4	3	1			3	3		2					2	2		1						2							
				16	8	8	1		2	3				3	3		3			1		1	2				4	4										
Site	Date	BlockNo	PlotNo	SubplotNo	SubplotX	SubplotY	AveBar	AegTri	BriMax	BriMin	BroDis	BroHor	ElyGla	Torilis	MadSat	GalPar	TriRefLarge	CerGlo	CenMil	HypGla	DicCap	DaucPusil	AmsMen	Athysanus (Shield)	CarPac	BroSter												
HREC	5/16/2017	2	1	1	1	1	2	3	4		3	3		3	2																							
				2	2	1	2	4	4		3	2		4	3																							
				3	3	1	1	4	4			2		3	2	1																						
				4	4	1	2	4	3		2			4	2	1																						
				5	5	1	2	3	2		4	2		3	3	1	1	1																				
				6	6	1	2	3	2		4	2		3	2																							
				7	7	1	3	2			4	2		4	0				3	3																		
				8	8	1	2		2		4	3		3	2	1				3																		
				9	1	2	3	2	4		3	4		3	2																							
				10	2	2	3	3	3		4	2		3	2	1				3																		
				11	3	2	2	4	3		3	2		3	2	1				2																		
				12	4	2	2	3	2		4	3		3	2	1					2	2																
				13	5	2	2	3	2		5	3		3	0	1			2	1			2															
				14	6	2	2	0	2		5	2		4	2	1				2				2														
				15	7	2	3	2	2		4	2		4	2					2		3			1													
				16	8	2	3		3		3	2	2	3	2					2						1												
Site	Date	BlockNo	PlotNo	SubplotNo	SubplotX	SubplotY	AveBar	AegTri	BroHor	BroDia	BroSter	BriMax	Torilis	HypGla	MadSat	GalPar	CarPac	TriPlate	DaucPusil	ElyGla	TriHir																	
HREC	5/16/2017	2	1	1	1	3	2	4	3	4		4	2		2																							
				2	2	3	2	3	3	3		3	2																									
				3	3	3	2		4	3		3	2		2	1																						
				4	4	3	2	2	3	3		3	3	2	2		3	2																				
				5	5	3	2		3	4		3	4	1	3																							
				6	6	3	3		3	5		2	3		2		3		1																			
				7	7	3	1		1	5		2	4				2																					
				8	8	3	1	2	2	4		3	2				2		3	3																		
				9	1	4	2		4	3		3	2			1			2																			
				10	2	4	1		3	3		3	3	2	2																							
				11	3	4	1		3	4		3	2	1		1																						
				12	4	4	2		2	4		3	3		3	1		1		2																		
				13	5	4	3		2	3		3	4	1	3	1	3			2																		
				14	6	4	3		2	4		2	2		2	1	3																					
				15	7	4	2		2	5		3	2		2		3	1																				
				16	8	4	2	3	2	3	2	4	4		2		2		3	3	2																	
Site	Date	BlockNo	PlotNo	SubplotNo	SubplotX	SubplotY	AveBar	AegTri	BroHor	BroDia	BroSter	BriMax	ElyGla	Torilis	HypGla	MadSat	GalPar	CarPac	TriPlate	TriHir	DaucPusil	Bare	Gopher	CynEch	TriRefLarge													
HREC	5/16/2017	2	1	1	1	5	2		3	4		4	2	2			2																					
				2	2	5	2		2	4		5		2		2	1	2				3	3															
				3	3	5	2		4	3		3		4		3	1		1		3																	
				4	4	5	2	2	3	4		2		4		2				2																		
				5	5	5	2		3	4		3		4		2	1	3																				
				6	6	5	3		3	4		2		4		1	1	2						1														
				7	7	5	2	2	3	3		3	3	4		4		2																				
				8	8	5	2	4	3	3		1		4		2		2																				
				9	1	6	2		3	3		3		4		3			1		2																	
				10	2	6	3		3	3		4		3	3	2	1		1						1													
				11	3	6	3		2	4		3		4	3	3	1		1																			
				12	4	6	2	3	2	4		0		4	1	2	1																					
				13	5	6	3	3	2	4		1		4	2	3	1		1																			
				14	6	6	3	2	2	4		3		4		2	1	3																				
				15	7	6	3	3	3	3		2		4		2	1	2	1																			
				16	8	6	3	1	3	3	2	3		3		1				2																		
Site	Date	BlockNo	PlotNo	SubplotNo	SubplotX	SubplotY	AveBar	BroHor	BroDia	BriMax	AegTri	BroSter	ElyGla	Torilis	MadSat	HypGla	CarPac	GalPar	TriPlate	TriHir	DaucPusil	TriRefLarge	Log	Bare	Gopher													
HREC	5/16/2017	2	1	1	1	7	2	2	2	4				3	3				3																			
				2	2	7	2	3	4	4				4	3																							
				3	3	7	2	3	3	4				4	3			1																				
				4	4	7	2	3	4	3	3			3	2	3																						
				5	5	7	3	2	3	3				3	3	3		1			3	1	3															
				6	6	7	2	2	4	2	4			3	2		2																					
				7	7	7	2	3	3	3	2			3	1	1																						
				8	8	7	2	3	3	4		2		3	3		2																					
				9	1	8	3	2	3	3				3	2			1																				
				10	2	8	2	4	2	3				2	3	3			1					3	3													
				11	3	8	2	4	3	4				4	2	3		1			2																	
				12	4	8	2	3	2	4	2			3	3	2		1	2		1																	
				13	5	8	2	3	4	3	1			2	3	2		1	2		4																	
				14	6	8	2	2	4	2	3			3	2		2																					
				15	7	8	1	3	3	3	4		3	3	2	3		1																				
				16	8	8	1	3	2	2	3			3	2	3																						
Site	Date	BlockNo	PlotNo	SubplotNo	SubplotX	SubplotY	AveBar	AegTri	BriMax	BroHor	BroDia	BroSter	ElyGla	Torilis	MadSat	HypGla	DaucPusil	GalPar	TriPlate	TriHir	LacSer	CarPac	Bare	Gopher	ClaPur													
HREC	5/16/2017	2	2	1	1	1	4	4		2				3	3	2		1																				
				2	2	1	3	5	2	2				3	2	2					2																	
				3	3	1	2	3	2	4	3			3	3	2																						
				4	4	1	2	1		3	3			2	3	3		1																				
				5	5	1	2	2	2	3	2			4	3	2																						
				6	6	1	2	4	2	3	2			4	2	2	2					2																
				7	7	1	2	3	2	3	3			3	3	2	1		1																			
				8	8	1	2	2	2	3	3			4	2	2	2																					
				9	1	2	2	5	2	2	2			4	2			1																				
				10	2	2	1	5	1	2		2		3	2	2			1				3	3														
				11	3	2	2	4	3	3	2			3	3	3																						
				12	4	2	2		3	4	3			4	4							2																
				13	5	2	2		1	4	2			4	3		1								2													
				14	6	2	2		2	3	3			4	3	3																						
				15	7	2	2		2	3	3			4	2	4			1		2																	
				16	8	2	3		2	3	2			4	1	3		1		2		2																
Site	Date	BlockNo	PlotNo	SubplotNo	SubplotX	SubplotY	AveBar	AegTri	BriMax	BroHor	BroDia	BroSter	ElyGla	Torilis	MadSat	HypGla	DaucPusil	GalPar	TriPlate	TriHir	CarPac	Bare	Gopher	LotusSmall	TriRefLarge	ClaPur												
HREC	5/16/2017	2	2	1	1	3	3	3		2	3			2	3						4																	
				2	2	3	2	3	2	3	3			4	4		3		1	1	2																	
				3	3	3	2	2	2	4	2			3	1	3	1	1				3	3	1														
				4	4	3	2		3	4	2			4	3	1	3								2													
				5	5	3	3		2	3	2			3	3	2	1	1	2		3	3	3		2													
				6	6	3	2		2	3	3			4	2	2										1												
				7	7	3	3		3	3				5	3	3																						
				8	8	3	3		2	3	3			5	2	3				1	4																	
				9	1	4	2	4	1	3	3			4	3		2	1			2																	
				10	2	4	2	3	2	3	3			3	3		1																					
				11	3	4	2	2	4	3	3			3	4	3	2		1	2																		
				12	4	4	2	1		3	2	2		2	3							4	4															
				13	5	4	2	4	3	3	2	1		3	2	1																						
				14	6	4	3	2	1	3	2	2		3	2	3		1		1																		
				15	7	4	3		3	2	2	2		4	2	2	2			2					2													
				16	8	4	2		3	2	3			3	3	3	2	1		2					2													
Site	Date	BlockNo	PlotNo	SubplotNo	SubplotX	SubplotY	AveBar	AegTri	BriMax	BroHor	BroDia	BroSter	ElyGla	Torilis	MadSat	HypGla	DaucPusil	GalPar	TriPlate	TriHir	CarPac	Bare	Gopher	LotusSmall	ClaPur	TriRefLarge	LacSer	ClaPur	AnaArv									
HREC	5/16/2017	2	2	1	1	5	2	3	3	2	1			3	1	2	2				2	3	3															
				2	2	5	2		1	3	2			3		2	3			1	4	2	2															
				3	3	5	1	3	2	3	2			1	2	1	2	1				3	3															
				4	4	5	2	4	1	3	2			2	1	2		1																				
				5	5	5	2	3	1	3	1	2		2	2	2	1					3	3															
				6	6	5	2	3		4	2	1		3	3	2																						
				7	7	5	2	2	3	2	2			3	3	3	2									2												
				8	8	5	2	1	3	2	4			2	2	3	1					3	3															
				9	1	6	2	3	2	3	2			3		2	2		2	1	2						2											
				10	2	6	2	4		2	2		3	3		2					2	2	2															
				11	3	6	2	4		2	2			2	2	2		1																				
				12	4	6	2	4		3				3	2	2		1		2		3	3															
				13	5	6	2	5	1	2				3	2	3													1									
				14	6	6	2	3	1	2	1			2	2	2	2																					
				15	7	6	2	3	2	3	1			4	2	2	2											2										
				16	8	6	2	2	3	3	2			2	3	3	1	1				4	4															
Site	Date	BlockNo	PlotNo	SubplotNo	SubplotX	SubplotY	AveBar	AegTri	BriMax	BroHor	BroDia	BroSter	ElyGla	Torilis	MadSat	HypGla	DaucPusil	GalPar	TriHir	TriPlate	TriRefLarge	Bare	Gopher	CarPac	AnaArv	LinPar	TriCupcake	ClaPur										
HREC	5/17/2017	2	2	1	1	7	2	5	2	2				3		2	3		2					2														
				2	2	7	3	3	3	1	2			3	1	3	1	1	2					2														
				3	3	7	2	4	2					3	3	2		2						1														
				4	4	7	2	4	2					2	2	1	1	1							1													
				5	5	7	2	5	1		1				2	2		1							1													
				6	6	7	2	4	3					3		3		2																				
				7	7	7		4	3					1	2	3	2	1		1					1													
				8	8	7	1	4	3	2	2			1	2	4	3	1		1																		
				9	1	8	2	4	3	2				2	2	3	3	1	2						2	2												
				10	2	8	3	4	3					3	2	3	1	1																				
				11	3	8	2	4	3				3	2	3	2	3								1													
				12	4	8	2	5	2					3	2	1		2																				
				13	5	8	2	6	2					2		2		1																				
				14	6	8		6	2					2		3	1																					
				15	7	8		4	3	2				2		3	3	1									1											
				16	8	8		4	4	2				1		3	2	2		2					2			2										
Site	Date	BlockNo	PlotNo	SubplotNo	SubplotX	SubplotY	AveBar	BriMax	NasPul	AirCar	BroDia	BriMin	BroHor	HypGla	DaucPusil	Sidalcea	SisBel	GalPar	Bare	Gopher	Lotus	AnaArv	MicCal	ClaPur	TriPlate	AgoHet	Linanthus Sp	FilagoGallica										
HREC	5/14/2017	3	1	1	1	1	3	2	3		1		1	6	2			1				1		1														
				2	2	1	3	3	3	2		1	1	6	2			1						1	1													
				3	3	1	2		4		3		2	5	2			1			2	1		1	1													
				4	4	1	2	2	4	1	3		2	5	2			1					1	1														
				5	5	1	3	2			4		1	4	3			1			2	1				1												
				6	6	1	2	4			4		1	3	2			1				1		1														
				7	7	1	3	3			3		1	5	2			1			2	1		1	2													
				8	8	1	3	2	3		2		2	5	3		2	1					1	1														
				9	1	2	3	2			2		2	6	3			1			1																	
				10	2	2	3	3			2		2	6	3			1						1	1													
				11	3	2	2		3		2		1	5	2			1				2	2	2			2											
				12	4	2	2				2		1	6	2			1						2		1	2	1										
				13	5	2	3	2	3		4		2	3	4			1								1												
				14	6	2	2	3	4	1	3	1	1	5	2			1			1	1																
				15	7	2	2	1			2			6	2			1				1		2				1										
				16	8	2	2	2	4	1	1			6	3			1				1																
Site	Date	BlockNo	PlotNo	SubplotNo	SubplotX	SubplotY	AveBar	BriMax	NasPul	AirCar	BroDia	BriMin	BroHor	HypGla	DaucPusil	Sidalcea	SisBel	GalPar	Bare	Gopher	Lotus	AnaArv	MicCal	ClaPur	TriPlate	AgoHet	Linanthus Sp	FilagoGallica	TriRefNoBract	Navarretia	TriEri	MadSat	TaeCap	SanBip	BroMad			
HREC	5/14/2017	3	1	1	1	3	3	1			3	1	1	6	2			2				1				1												
				2	2	3	3	1			4	2	2	6	3			2			2			1	1													
				3	3	3	3		3		3		2	4	4			1				1		2	2			1	2									
				4	4	3	3	2	3		3	1	1	4	3			1			2			2		1	1											
				5	5	3	2		3		3		2	5	4			2																				
				6	6	3	3	2		1	2	1	1	6	2			2						2			1			1								
				7	7	3	2	1		1		1	2	6	3			1				1						1			1							
				8	8	3	2	2		1		2	1	6	3									1								2	1					
				9	1	4	2	3	3	1	3	1	2	4	3	2		1				1	1															
				10	2	4	3	1			3		2	4	4	1		1					1	1														
				11	3	4	3	2	4		3		1	3	3	2		1						1														
				12	4	4	3		2		3		2	4	4	1		1					2	2						1								
				13	5	4	3		3		2		1	5	3			2						1	1													
				14	6	4	4		2		3			5	2			1						2			1							2				
				15	7	4	3				2	1	1	6	3			1				1	2	2		1								1	1			
				16	8	4	3	1			2			6	2			1					2	1														
Site	Date	BlockNo	PlotNo	SubplotNo	SubplotX	SubplotY	AveBar	BriMax	NasPul	AirCar	BroDia	BriMin	BroHor	HypGla	DaucPusil	Sidalcea	GalPar	Lotus	AnaArv	MicCal	ClaPur	TriPlate	AgoHet(CenMil?)	FilGal	MadSat	Linanthus	Navarretia	Torilis	LongawnBrome									
HREC	5/14/2017	3	1	1	1	5	2	3	4		3			2	3		1			1	2	2			3	1												
				2	2	5	4	1			2		3	3	4		1		1		2	1																
				3	3	5	4		2		2		2	3	5		2																					
				4	4	5	3		3		2		1	4	3		1		2	1	2																	
				5	5	5	4				3		1	3	4		1		1			1					2											
				6	6	5	4	2	4		2		1	4	3		1		1	1			2				1	1										
				7	7	5	3	3		2	2		1	4	4		2		1		2								1									
				8	8	5	3	1	3	1	2		1	5	4	1	2		1		1				2													
				9	1	6	2		4		2		2	3	4		1		1	2	1				2													
				10	2	6	3	2	3	1	2		2	4	4		1		1		3	2						1										
				11	3	6	3				2		2	4	3		2		2		2							1										
				12	4	6	4				3		2	4	3		2		2		3				2													
				13	5	6	5		3		3		2	3	4		2		1		1							1	1									
				14	6	6	3			2	3	1	1	5	4		2				1	1	1		1		2											
				15	7	6	2		5		2	1		3	2		2		1		1		2		2													
				16	8	6	4	1			3	2	2	5	2	1	2				2	1		1	1													
Site	Date	BlockNo	PlotNo	SubplotNo	SubplotX	SubplotY	AveBar	BriMax	NasPul	AirCar	BroDia	BriMin	BroHor	HypGla	DaucPusil	Sidalcea	SisBel	GalPar	Bare	Gopher	Lotus	AnaArv	MicCal	ClaPur	TriPlate	AgoHet	FilGal	MadSat	Torilis	BroMad	SanBip	LongawnBrome						
HREC	5/14/2017	3	1	1	1	7	3	3	3		3		1	3	4	2		2								1	1	1	1									
				2	2	7	4				3			4	4			2						2			1	2		3								
				3	3	7	3	3		1	2		1	3	3			2				2		3			2											
				4	4	7	3	3			2		2	3	4			2									1	2			2							
				5	5	7	4	2			3		2	3	3			3						1	1													
				6	6	7	3		3		3		1	3	3	2		3						1	2													
				7	7	7	3		3		3		2	4	3			2						2	2													
				8	8	7	3				4		1	4	2	2		1						2			1	1		1								
				9	1	8	3				3		2	5	3	2		2				1						3										
				10	2	8	4				2		2	5	3			1				1										1						
				11	3	8	4	3			2		1	5	2			2				1		2		2												
				12	4	8	4	2			2		1	5	3	2		2				1			1	1	2			1								
				13	5	8	3	2			3		1	4	3			3				1		2	1													
				14	6	8	4				4		1	3	2			2				2		2	1													
				15	7	8	4				3		2	4	2			1				2																
				16	8	8	4				4		2	4	3	2		2				3		2			1	1										
Site	Date	BlockNo	PlotNo	SubplotNo	SubplotX	SubplotY	BroHor	BroDia	BroMad	BriMax	BriMin	AveBar	NasPul	TaeCap	AirCar	HypGla	AgoHet (Lagophylla?)	DaucPusil	ClaPur	TriPlate	GalPar	SanBip	AnaArv	FilGal	Sidalcea	MadSat	MicCal	GasVen	Plantago	Torilis	Linanthus	Bare	Gopher	SisBel	Navarretia			
HREC	5/14/2017	3	2	1	1	1	2	3		2		3		2		4	2	3	2	2		2																
				2	2	1	2	3		2		2			1	5		2	3		2																	
				3	3	1	2	2		2		3				5		2	2		2			1	1													
				4	4	1	2	2			1	2			1	5	1	2			1			1	2	2	1	1	1									
				5	5	1	2	1			1	1	4			4		3	1		1			1	1	3												
				6	6	1	1	3				2	3		2	5		2	1		1			1	1	1	1			1								
				7	7	1	1	3				3	3			5		2			1			2		2				2								
				8	8	1	1	3				3				5		2	2		1			2		2	1			1	1							
				9	1	2	2	2				3			1	4		3	2		1	1		1		2												
				10	2	2	1	2				2				4		2	2	1	1											4	4					
				11	3	2	2	2				3				5		4	1		1				1	3				1								
				12	4	2	1	1				2	2			4		3		1	1			2		3	3					3						
				13	5	2	1	2				2	5			4		2			2		2	3	2	2	2											
				14	6	2	1	2		2		1	3			5		2			1			2	2							2	2					
				15	7	2	0	1		2		1	4			4		3			1	2	1											3				
				16	8	2	1					1	3			6		1	1					1						1					1			
Site	Date	BlockNo	PlotNo	SubplotNo	SubplotX	SubplotY	BroHor	BroDia	BroMad	BriMax	AveBar	NasPul	TaeCap	AirCar	HypGla	AgoHet	DaucPusil	ClaPur	TriPlate	GalPar	FilGal	AnaArv	Sidalcea	MadSat	MicCal	Torilis	Bare	Gopher	Lotus	SisBel	BriMin	Plantago						
HREC	5/14/2017	3	2	1	1	3	2	2			3				5		4	2		2				2														
				2	2	3	2	2			2			1	5		2	2		2				2			3											
				3	3	3	1	2			2	3			5		3	2		1	1		1		1				1									
				4	4	3	1	3			2				5		3	2		1		1		3					2									
				5	5	3	1	2			3	3		1	5		3		1	1	1	1	2	3														
				6	6	3	1	1			2	4		1	5		3		1	1	1	2		3						2								
				7	7	3	1	1			1				6		2	1		1	1	1		2						2								
				8	8	3	1	2			2	2			5		2		1	2		2		2														
				9	1	4	1	2			2				6		2	2		1	1			2							1							
				10	2	4	1	3			2				6		2	2		1				1	1													
				11	3	4					2				6		2	2		1	1			1	3													
				12	4	4		2			2				6	1	2	1		2	2			1	2							1						
				13	5	4	1	3			2				5	1	3	1		1				1	2					2								
				14	6	4	1	3			2				5	2	2			2	1			2	1					2								
				15	7	4	1	3			2	2			6	1	2			1	1																	
				16	8	4	1	3		1	1	2			6		2			1	1	1		2	2	1												
Site	Date	BlockNo	PlotNo	SubplotNo	SubplotX	SubplotY	BroHor	BroDia	BriMax	AveBar	NasPul	AirCar	BriMin	HypGla	DaucPusil	GalPar	MadSat	ClaPur	FilGal	MicCal	AgoHet	TriPlate	Torilis	Bare	Gopher	Sidalcea	SanBip	Lotus(small)	TriHir	TaeCap	AnaArv	PurpleCup	BroMad	Navarretia				
HREC	5/14/2017	3	2	1	1	5	1	2		2				6	2	1		2	1	1	2					2												
				2	2	5	1	2		2				5	3	1	2	2	1		1					2	2											
				3	3	5		2		2				5	3	2	2	2			1																	
				4	4	5		2		2				6	2	1	2	1	1	1	1																	
				5	5	5		2		2				6	3	1		1	1	2	1	1																
				6	6	5		1	2	3	2			5	2	1	3									2												
				7	7	5		1		2	3			5	2	1	3	2	2	2	3					2		1										
				8	8	5		2		3				4		1	2		3		2			3		4			2	1								
				9	1	6	1	1	2	3	3			5	3	2	2	1			1						1				1							
				10	2	6		2		2				6	3	2	2	2	1		1										2	1						
				11	3	6		2		2				5	4	2	1	2	2														1					
				12	4	6		2		2				6	3	1	2	2	2		2																	
				13	5	6		2		2				6	2	1	2	1	1		2								1									
				14	6	6		3		2				5	2	1	1	2	1		2								1									
				15	7	6		3		3				5	2	2	2	2	2		1	1										1						
				16	8	6		2		3				4					3	2	3			2		1							1	2				
Site	Date	BlockNo	PlotNo	SubplotNo	SubplotX	SubplotY	BroHor	BroDia	BriMax	BriMin	AveBar	NasPul	AirCar	TaeCap	HypGla	DaucPusil	ClaPur	AgoHet	GalPar	FilGal	AnaArv	MadSat	MicCal	Torilis	AnaArv	Lotus	TriPlate	PurpleCup	SanBip	BroMad	Sidalcea	TriHir	SisBel	LotusSmall	Navarretia			
HREC	5/14/2017	3	2	1	1	7	1	2			2				5	4	2	2	1	1		1						1										
				2	2	7	1	2			2				5	3	2	1	1			2																
				3	3	7		1			2				5	3	2	1	1	1		2							2									
				4	4	7		1			2				6	3	2	2	1			2					1	1		2	2							
				5	5	7		2			2				6	2		2	1	1		2								2		3						
				6	6	7		2			2				5	2	1	2		1		2						1		1			3					
				7	7	7		2			2				5	2	2	2		2		2								1	2		3					
				8	8	7		1			3				5	2		2		1		2								2				2	1			
				9	1	8		2	2		3				5	3	3	1	2	2								1										
				10	2	8		2			2				5	4	2	1	1			3					2				2							
				11	3	8		2			2				5	2	2	1	1			3	2				1											
				12	4	8		2			2				4	5	2	2	2	1		2							2	1								
				13	5	8		2			2				6	3	1	2	2	2		2				2		1		1								
				14	6	8		2			2				5	2	1	2	1	2		3								2								
				15	7	8		2			3				6	2	2	3	1	2		1								1	2				1			
				16	8	8		2			3				6	3		2	1	1										2								
Site	Date	BlockNo	PlotNo	SubplotNo	SubplotX	SubplotY	AveBar	BriMax	BroDia	AirCar	NasPul	BroHor	Sidalcea	MadSat	TriAlbo	TriHir	HypGla	ClaPur	DaucPusil	Lotus	LotusSmall	MicCal	VulMyu	TriRefHairy	Torilis	Filago	YellowApiaceae	CynEch	Linanthus	TriPlate	TriWil	Navarretia	Plantago	TaeCap	AnaArv			
HREC	5/16/2017	4	1	1	1	1	3			2		2		2			3	3	2	2	1	4																
				2	2	1	3			3	2	3		3			3	3	1	2		3	1															
				3	3	1	3			1	3	1	3		1		2	4	2	2		3		1	2	2												
				4	4	1	3			1	3	2					2	2	2	3		4		1	2													
				5	5	1	3	2		3	3	2	1	2	2		3	2	1	3		3		2	2		2	1	1	2	2							
				6	6	1	3			3	3	2	3	2	3		3	2	1	3	1	2		1	3		2		2		1	1						
				7	7	1	4			2		1	2	1	1		2	2		2	1	4							2				2					
				8	8	1	4			2			2	2	1		2	2	1	2	1	5			1				1				1	2				
				9	1	2	3	2		1		2	2	3			2	3		1	2	3		2	2													
				10	2	2	3			2		3	2	2	3		3	2	1	3	1	3			2					1	1	1						
				11	3	2	2	2		2	4	3	3	3	1		3	2		3	1	2			3													
				12	4	2	3			1	3	3	2	3	2		3	2		4		3			2													
				13	5	2	3			1	2	2	2	2			2	2	1	3		4		1	2				2	1					1			
				14	6	2	3			2	2	2	2	2	2		2	3		3		3		2	2				2									
				15	7	2	4			2		2	2	2	2		2	3	2	3		4			2				1				1					
				16	8	2	3					2		1			2	2	1	3		5												1				
Site	Date	BlockNo	PlotNo	SubplotNo	SubplotX	SubplotY	AveBar	BroHor	BriMax	AirCar	NasPul	TaeCap	HypGla	ClaPur	DaucPusil	Lotus	MicCal	Torilis	Linanthus	TriAlbo	TriRefHairy	TriPlate	TriWil	CynEch	Sidalcea	MadSat	Plantago	TriCupcake	Navarretia	LotusSmall	GalPar							
HREC	5/16/2017	4	1	1	1	3	3	3	2				2	3		2	1	2		3	2	2	1		2	3												
				2	2	3	3	3	3	2			3	3		2	2	3		3	2				2	3												
				3	3	3	2	3	3				1	2		3	1	3		2	1					3												
				4	4	3	2	3	3		4		1	2	1		2			2	2	1			2	3												
				5	5	3	4	3	1	1			1	2	2		3	2	2			2				2												
				6	6	3	2	3		1	3		2	2		3	3	2	3	3	1	1	1	2	1	3												
				7	7	3	4	2		1			2	2	1	2	3	2								2	1											
				8	8	3	4	2		1			1	3	2	2	4			1						3												
				9	1	4	4	2			2		3	2	1	2	2	1		3	2				2	4												
				10	2	4	3	4					2	2		2		4		3	2	2			3	4												
				11	3	4	2	4	2				2	2		3	2	3		3	2				3	0												
				12	4	4	3	4		1			2				1	4		2						4		1										
				13	5	4	4	3				2	2			3	2	4		3	2	4			2	2			1									
				14	6	4	4	3					2	2		3	2	3	1	1	2					2		1										
				15	7	4	3	4				2	2	2	1		3	3		1	2					3		1		1	1							
				16	8	4	3	3				2		2			3	2		2			1			3												
Site	Date	BlockNo	PlotNo	SubplotNo	SubplotX	SubplotY	AveBar	BroHor	BriMax	AirCar	NasPul	TaeCap	HypGla	ClaPur	MadSat	Sidalcea	MicCal	Torilis	Linanthus	Lotus	TriAlbo	TriRefHairy	TriPlate	TriWil	TriCupcake	DaucPusil	LotusSmall	GalPar	CynEch	Navarretia								
HREC	5/16/2017	4	1	1	1	5	3	2				2	2		4	3		2		2						2	2											
				2	2	5	3	3	2				3	3	3	2	2	2		2			1			2												
				3	3	5	3	4				2	2		3			2		2	2		1			2												
				4	4	5	3	4			3	1	1	1	4			4			1	1	2		1													
				5	5	5	3	3			3	3	3		4			4			3	2		1														
				6	6	5	3	3			4	2			3		2	3		2		1	2		1													
				7	7	5	4	3	3			3			3			3				2							2									
				8	8	5	4	3				3		3	3		2	3				2																
				9	1	6	3	3	2					2	4			2			2	3			1	1	2	1		2								
				10	2	6	3	3					3	2	4			2				2				2												
				11	3	6	1	4			4	2	2		4			2				2																
				12	4	6	3	3				3	3		5			3		3	2	1																
				13	5	6	3	3	4			2			3		1	4				3			3	2												
				14	6	6	3	2	5		4	2						3			1	1		1	2													
				15	7	6	3	2	4			3			2		2	4				2			1				2									
				16	8	6	3	2	2			3		2				3		3		2			1													
Site	Date	BlockNo	PlotNo	SubplotNo	SubplotX	SubplotY	AveBar	BroHor	BriMax	AirCar	NasPul	TaeCap	HypGla	ClaPur	MadSat	Torilis	Sidalcea	MicCal	Linanthus	Lotus	TriAlbo	TriRefHairy	TriPlate	TriWil	TriCupcake	LotusSmall	GalPar	CynEch	Navarretia	BigYellow	DaucPusil	SisBel	BroDia	CarPac	BriMin	VulMyu	4-Way Brush	
HREC	5/16/2017	4	1	1	1	7	3	3	3		4		3	2	3	2		1		1	1	1	2						1									
				2	2	7	2	4	2		3	1		2	3	2		2		1	2	2	2						2									
				3	3	7	2	4				2		2	3	3		2			2	2	2															
				4	4	7	3	3	2		5	2			3	4		1		2		2	1								2							
				5	5	7	3	3	3		5	2		2	2	3					1	2	2															
				6	6	7	3	4	3			3		2	3	3		2				1	2		1						1							
				7	7	7	3	4	2	1	2	4	2	2	3	4	2			2		2			1	1					1							
				8	8	7	3	3	2		5	3		1	3	3	2			2		1						1				1						
				9	1	8	3	2	2					2	4	2				1		2								2								
				10	2	8	3	3		1	2				4	3		2			1	2	1		1				1	1			2					
				11	3	8	3	3	2	1					4	4	2	1	1		2	3	1		1	1								2	1			
				12	4	8	2	3	3	1				3	3	4		1				3	2		2						1							
				13	5	8	3	3	3			2		2	3	4		2		3		2	2			1		1								1		
				14	6	8	3	4	3			2		2	2	4		1			2	2	2		1												2	
				15	7	8	2	4	3		4	2		2	2	3						2	1		2													
				16	8	8	4	3	3		3	2		1	3	2						2			2			1			1						2	
Site	Date	BlockNo	PlotNo	SubplotNo	SubplotX	SubplotY	AveBar	AegTri	BroHor	BriMax	AirCar	TaeCap	CynEch	HypGla	MadSat	Sidalcea	Torilis	ClaPur	MicCal	Linanthus	Lotus	TriAlbo	TriRefHairy	TriWil	TriPlate	LotusSmall	Navarretia	DaucPusil	Plantago	VulMyu	NasPul	CynEch	AgoHet	TriCupcake	Plantago	4-Way Brush	AnaArv	Achyrachaena
HREC	5/16/2017	4	2	1	1	1	3	3	2		2	2			2		2	2	4		2						2	1	2									
				2	2	1	3	2	2		1				2			1	4		2	2	1			2		2	2									
				3	3	1	3				2	1			2			1	4		2	2	2			2		1										
				4	4	1	3		2	2	2				2		1	2	3		2	1	2			2				1								
				5	5	1	3		1	3	2	1						2	3		3		2			2		1										
				6	6	1	2		1	3	2				1			2	4		3	1	2	1	2	2					3							
				7	7	1	2		1	4	2							2	4		3	2	2	1		2	1	2			3	2						
				8	8	1	2			3	2							2	4		4	3				2					3	1		1	1			
				9	1	2	3		2		1				2		1	2	4		2		3			2		1										
				10	2	2	3		1		2				2	2		2	4		2	3	1			2		2			3		1					
				11	3	2	4		1		1							2	3		2		2			2		2								1	1	2
				12	4	2	3		1	2	1	1			2		1	1	3		3		2			1		1										
				13	5	2	3		2	3	2	1			2			2	4		2		1			2												
				14	6	2	3		2	2	2	1					2	3	3		3	2				2		2										
				15	7	2	2		2	2	3	2					2	3	4		2	2	2			3					2			1				
				16	8	2	3		1	3	2	1					3	2	4		4	3	2			3					3	1		2				
Site	Date	BlockNo	PlotNo	SubplotNo	SubplotX	SubplotY	AveBar	BroHor	BriMax	NasPul	TaeCap	AirCar	CynEch	ClaPur	Torilis	MadSat	HypGla	MicCal	TriAlbo	TriRefHairy	TriWil	TriPlate	TriCupcake	Lotus	LotusSmall	DaucPusil	Sidalcea	Achyracaena	AegTri	Navarretia	GalPar							
HREC	5/16/2017	4	2	1	1	3	4	3	2		1	2			3			3		2			1	3	2	2	2											
				2	2	3	3	3	2			1		2	3			3	2	1				2	1	4												
				3	3	3	3	3	1		2	1		1	3			3		1				2		3			2									
				4	4	3	4	2	2			1	1	1	2	2		2		2				2	1	3	2											
				5	5	3	4	2	2		1	1		2	1	2		3						2	2	2												
				6	6	3	4	2	3		3	2			2			3	2	2							2	2										
				7	7	3	2	2	4	3	2	2		2	3			3	2	2	2				2					1								
				8	8	3	2	2	4	3		3	1					3	3				3	3	2													
				9	1	4	3	3	3	2		1	1	2	3			3	1	2			1	2	2													
				10	2	4	3	3	3		2	1		2	3			3	2	2			1	1	1													
				11	3	4	3	2	3			2		2	2	2		2							1	2												
				12	4	4	4	2	3		2	1	1	1	2	2		4	2	2			1	1	2	2	2											
				13	5	4	3	2	3		2	2	1	2	3	1		3		2			3	3	2													
				14	6	4	3	2	4		2	3		2	2			3					3	3	2			1										
				15	7	4	2		5	2	2	1		2	2			2					2		2													
				16	8	4	2		5	3					2			2					2	2	2	2					1							
Site	Date	BlockNo	PlotNo	SubplotNo	SubplotX	SubplotY	AveBar	BroHor	BriMax	NasPul	TaeCap	AirCar	CynEch	ClaPur	Torilis	MadSat	MicCal	TriAlbo	TriRefHairy	TriWil	TriPlate	TriCupcake	Lotus	LotusSmall	DaucPusil	Sidalcea	SisBel	Sedge	Achyracaena	Navarretia	GalPar	ElyGla						
HREC	5/16/2017	4	2	1	1	6	2	1	5		2			2	2	2	3					2	2	2			2											
				2	2	6	2	2	3		2		1	1	2	1	4		1			3	2	2		2	2											
				3	3	6	3	2	4	3	2				2	1	2					2	2															
				4	4	6	2	2	5	2	3				2		2																					
				5	5	6	3	2	4	3	2		1		2		2					1	1			1		1										
				6	6	6	3	3	3			1	2		2		3		1			3	3	1	1	2			1									
				7	7	6	2	2	4	3		2			3		3	1	2			2	2						2									
				8	8	6	2	2	5		2		1	1	3		2		1			3		1					2									
				9	1	5	2	1	3				2		2		3		2			2	2	2			3											
				10	2	5	2	1	5	2	1		2		2		2	2				1	3	2			1											
				11	3	5	2	2	4	3					2	2	2		1			2					2											
				12	4	5	3	2	4		2		1		2	2	3					2																
				13	5	5	2	3	4			1			2		2					3	2															
				14	6	5	3	3	3		2	2	1	2	2		3					2	2						1	1	1							
				15	7	5	2	2	5	3	3				2		2		1		1	2	1									2						
				16	8	5	2	2	5	3	2				2							1		1				1										
Site	Date	BlockNo	PlotNo	SubplotNo	SubplotX	SubplotY	AveBar	BroHor	BriMax	NasPul	TaeCap	AirCar	CynEch	ClaPur	Torilis	MadSat	HypGla	MicCal	TriAlbo	TriWil	TriPlate	TriCupcake	Lotus	LotusSmall	DaucPusil	Sidalcea	SisBel	Achyracaena	TriReflexed	4-Cross Flower	ElyGla	Linanthus	BriMin	BroCar	GalPar	UnkGrass	Sedge	
HREC	5/16/2017	4	2	1	1	7	2	3	3				1		3	2		2				2				2	1											
				2	2	7	2	2	4	3			1	1	3	2		3				2	2				1	1										
				3	3	7	2	3	4				1	1	2	3		2	1			2	1						2	1								
				4	4	7	2	3	4	2			1		2	3		3				3				2		2										
				5	5	7	2	2	4	3		1	2		2			3	1	1		4	2	2				2	2		3							
				6	6	7	2	2	4	3		1	2	1	2			2				3	2			2		1			3	1						
				7	7	7	2	1	4	2		1	2	2	2			2				2	2	2				1	2		2	1						
				8	8	7	1	2	3	2					3			2				2	2	2					2	1	3	1	1	2	1			
				9	1	8	3	3	3				1		3	3						1		1		2	2		1							2		
				10	2	8	3	3	3	4					3	3		2					1					1	1	1								
				11	3	8	2	3	3	3					2	4		3	2			2							2	1						3		
				12	4	8	2	3	3						3	3		3	1			3						1	2									
				13	5	8	2	3	3	4		1	2		3			2				2						1	2			2						
				14	6	8	2	3	2	3		2	2		3			2	1			1							3	1	3	1						
				15	7	8	1	2	3	2			2		3			2	1							2			2		4	2		2	1		1	
				16	8	8	1	0	3	3					3			2	2			2							2		2	2		3	1		1	
Site	Date	BlockNo	PlotNo	SubplotNo	SubplotX	SubplotY	GerMol	LupBic	AchMil	MicCal	VicSat	Bare	DiskSeed	EupSpa	Gopher	DicCap	Rock	EroCic	LasCal	GerDis	GalPar																	
HREC	4/10/2017	1	1	1	1	1	3	3	3	2	1	3																										
				2	2	1	3	2	2		2		1	1																								
				3	3	1	3	2	2		2	3		1	2	2																						
				4	4	1	3	2	1		0	2					2	1																				
				5	5	1	3	2	1		1			1			0	0	2																			
				6	6	1	3	2	1		2			1					0																			
				7	7	1	4	1			1			1						2																		
				8	8	1	3	1						2						2	1																	
				9	1	2	2	2	2		1	3			3																							
				10	2	2	2	2	3		1		1	1				1																				
				11	3	2	3	2			1	3			3																							
				12	4	2	3	1	2		2	2				1																						
				13	5	2	3	2	2		2																											
				14	6	2	3	2	2	1	2							2		2																		
				15	7	2	3	2			2									2	1																	
				16	8	2	2	2	1		2									1	1																	
Site	Date	BlockNo	PlotNo	SubplotNo	SubplotX	SubplotY	GerMol	VicSat	AchMil	LupBic	GerDis	GalPar	EupSpa	EroCic	Bare	Gopher	MadSat	Note																				
HREC	4/10/2017	1	1	1	1	3	3	2	2	2	1	1																										
				2	2	3	3	1	3	2			2	1																								
				3	3	3	2	2	1	2																												
				4	4	3	3	2	2	1			1		3	3																						
				5	5	3	2	2	1	2	2				4	4	1																					
				6	6	3	3	2		2	2		1	2	3			Step on 15%																				
				7	7	3	3	2	1	2	3		1		2			Step on 4%																				
				8	8	3	4	2	1	2	2	2		1																								
				9	1	4	2	1	3	2			2		3	3																						
				10	2	4	2	2	3	2		1			3	3																						
				11	3	4	2	1	3	2				1	2			Step on 4%																				
				12	4	4	2	2	2	3							1	Step on 4%																				
				13	5	4	3	2	1	2	2	1		2	3	3																						
				14	6	4	3	1	2	2	2		1																									
				15	7	4	2	2	1	3	2			2																								
				16	8	4	4	1	2	2	2			2			1																					
Site	Date	BlockNo	PlotNo	SubplotNo	SubplotX	SubplotY	GerMol	GerDis	AchMil	LupBic	Bare	Gopher	VicSat	GalPar	EupSpa	MicCal	EroCic	DicCap	PlaNot	Note																		
HREC	4/10/2017	1	1	1	1	5	0		2	3			2	1	1																							
				2	2	5	1		4	3	3	3	2	2	1	1																						
				3	3	5	1		3	3			2	1	1		2																					
				4	4	5	2		2	2			2	1			2																					
				5	5	5	3	2	1	0			2	1	1		2	1																				
				6	6	5	2	1	1	2			2	1			3																					
				7	7	5	2	2	2	3			2	1			2		1																			
				8	8	5	2	2	1	2	3	3	1	1			1			Step on 2%																		
				9	1	6			3	2	2			1																								
				10	2	6		1	3	3			1	1			2																					
				11	3	6	1	2	2	2			2	2	1		1	1																				
				12	4	6			1				2	1			2	2																				
				13	5	6			1	2			2	1	1		3																					
				14	6	6	2	1	1	1			2	1			2	1																				
				15	7	6	1	2	2	2			2	1			2																					
				16	8	6	2	1	3	2			1	2			2																					
Site	Date	BlockNo	PlotNo	SubplotNo	SubplotX	SubplotY	GerMol	GerDis	AchMil	LupBic	VicSat	Bare	Gopher	GalPar	EroCic	EupSpa	DicCap	Rock	MicCal																			
HREC	4/10/2017	1	1	1	1	7	2		3	2	1	3	3	2																								
				2	2	7			3	3				1	2	1	1																					
				3	3	7		2	1	2	2	4	4	1	1	2																						
				4	4	7		2		2	3	3	3	1																								
				5	5	7	1		1	2	2				2																							
				6	6	7	1			1	2			1	3																							
				7	7	7	2		1	2	1			1	2		1																					
				8	8	7	2			2	2			1	2																							
				9	1	8				2	2			1	2																							
				10	2	8			2	3		4		1	2			3																				
				11	3	8			2	2	2	2		1	2																							
				12	4	8		1	2	1	3			1	3																							
				13	5	8			1	1	2	2		1	3																							
				14	6	8	2		1	2	3				3																							
				15	7	8	1		2	1	2			1	3		1		2																			
				16	8	8	2	1	2	2	2			1	2		1																					
Site	Date	BlockNo	PlotNo	SubplotNo	SubplotX	SubplotY	ClaPer	GerMol	GerDis	AchMil	EupSpa	EroCic	VicSat	LupBic	Bare	Gopher	GalPar	DicCap	PlaNot	Note																		
HREC	4/11/2017	1	2	1	1	1	2	3	2	2	2	1	1																									
				2	2	1		3	2	1	1	2	2	2																								
				3	3	1		3	2	1		2	2	2	3	3																						
				4	4	1		3	2	1			1	1		1	1	1																				
				5	5	1		3	1	2		2	1	2		0	1			Step on 4%																		
				6	6	1		4	2	1		2	2	2																								
				7	7	1		3	1	2			2	2	3	3			2																			
				8	8	1		3		3		1	2		2				2	Step on 10%																		
				9	1	2	2	4	2	1		1	1	1	3			2		Step on 8%																		
				10	2	2	1	4	2		1	1		2																								
				11	3	2		4	2	1		1	2	2			1																					
				12	4	2		3	2	2		1	1	2	2		2																					
				13	5	2		3	2	2		1	2	1			1	1		Step on 8%																		
				14	6	2		4	2	2	1		2																									
				15	7	2		3	1	2	1	2	1	2																								
				16	8	2		3	1	2		2	2	2	4	4																						
Site	Date	BlockNo	PlotNo	SubplotNo	SubplotX	SubplotY	GerMol	GerDis	EupSpa	AchMil	LupBic	DicCap	VicSat	EroCic	Bare	Gopher	GalPar	MicCal	Red Eriophyllium	PlaNot	CerGlo	PurpleClover	Dung	Note														
HREC	4/11/2017	1	2	1	1	3	4	2	2	1	2	1	2		2	3								AchMil likely scandix														
				2	2	3	3	2		1	2	1	2		3	3	1																					
				3	3	3	3	2	1	1	1		2		2		1																					
				4	4	3	2	1		2	2		2		3		2																					
				5	5	3	3	2	1	3	2			2			1																					
				6	6	3	3	2		2	1		1	1			1							Step on 8%														
				7	7	3	3		1	3	2			1				1																				
				8	8	3	2	1		3	2			2	3		1							Step on 10%														
				9	1	4	3	3	2	1	2		1	1	3	3	1																					
				10	2	4	3	2		1				2	3	3	2							Step on 2%														
				11	3	4	3	2		2	2	1	2		2		1																					
				12	4	4	3	1		2	2	1		2			1																					
				13	5	4	2			2	2			1			1		2																			
				14	6	4	2	1		2				2			1																					
				15	7	4	2			2			1	2																								
				16	8	4	2			3	2		1	2			1																					
Site	Date	BlockNo	PlotNo	SubplotNo	SubplotX	SubplotY	GerMol	GerDis	AchMil	VicSat	LupBic	Bare	Gopher	GalPar	EroCic	DicCap	EupSpa	PlaNot	Note																			
HREC	4/11/2017	1	2	1	1	5	3	2	1	2		3	3	1																								
				2	2	5	3	2		1	1			1	1																							
				3	3	5	2	1	2	2	2			1	2																							
				4	4	5	2	1	3	2	1			1	2																							
				5	5	5	2	1	3	1	2			1	2																							
				6	6	5	1	1	2		1			1	2																							
				7	7	5	1		3	1				1	2	1			Step on 4%																			
				8	8	5	1		3		2			1	2																							
				9	1	6	3	2	1	2	3			1	2		1																					
				10	2	6	2	2		3				1	2	1	1																					
				11	3	6	1			2				1	2	1																						
				12	4	6	1		2	2	2			1	3	2																						
				13	5	6	1		2		2			1	3	2																						
				14	6	6	1		2		2	3	3	1	3																							
				15	7	6			2		1			1	2	1																						
				16	8	6		1	3					1	3																							
Site	Date	BlockNo	PlotNo	SubplotNo	SubplotX	SubplotY	GerMol	GerDis	EupSpa	AchMil	LupBic	DicCap	VicSat	EroCic	Bare	Gopher	GalPar	MicCal	Red Eriophyllium	PlaNot	CerGlo	PurpleClover	Dung	Note														
HREC	4/11/2017	1	2	1	1	7	3			2	3			2			1																					
				2	2	7	2	1		1	2		2	3			1																					
				3	3	7	2				2		2	2			1																					
				4	4	7	1	2		3	3		1	3			1																					
				5	5	7	1		1		3			3	3	3	1			2																		
				6	6	7				2				3	2	2	1			1																		
				7	7	7			2	2	1			2	4	4	1																					
				8	8	7	1			3	1			2	3	3																						
				9	1	8	2				3		1	3	3	3	1																					
				10	2	8	2	1		2	2			3			1			2																		
				11	3	8	1			3	2		2	2			1																					
				12	4	8	2	1		2	3			2			2				2																	
				13	5	8				2	2			2			1			2																		
				14	6	8				3	2			2			1					3																
				15	7	8				3				3		3	1						2	Step on 4%														
				16	8	8				3	1			2	5	5	1																					
Site	Date	BlockNo	PlotNo	SubplotNo	SubplotX	SubplotY	GerMol	GerDis	VicSat	GalPar	ClaPer	CerGlo	ShieldSeed	LupBic	Bare	AchMil	Wood	Note																				
HREC	4/11/2017	2	1	1	1	1	1	3	2																													
				2	2	1	1	2	2	1																												
				3	3	1		2	1									Step on 4%																				
				4	4	1		2	2	1																												
				5	5	1		3			3	1	2																									
				6	6	1		2	2		3																											
				7	7	1		2			2																											
				8	8	1		3	2		2			2																								
				9	1	2		2	2																													
				10	2	2		2	2	1				2																								
				11	3	2		2		1				3	2																							
				12	4	2		2	2		2					2																						
				13	5	2		3	2		3				2			Step on 5%																				
				14	6	2		2	2		2																											
				15	7	2		2	2		2					1																						
				16	8	2		3	1		2		2																									
Site	Date	BlockNo	PlotNo	SubplotNo	SubplotX	SubplotY	GerMol	GerDis	VicSat	GalPar	ClaPer	CerGlo	ShieldSeed	LupBic	Bare	AchMil	Wood	Note	EroCic	Note																		
HREC	4/11/2017	2	1	1	1	3		2	1		1																											
				2	2	3		2	2	1																												
				3	3	3	1	2	2	1																												
				4	4	3		2	2	1																												
				5	5	3		2	1		1																											
				6	6	3		3	2		1																											
				7	7	3		2	2								3	Step on 4%																				
				8	8	3		2	1		1					2																						
				9	1	4	1	2	2	1									2																			
				10	2	4		3	2	2																												
				11	3	4			2	1																												
				12	4	4			2	1				2					1																			
				13	5	4		2		1																												
				14	6	4		2	3										1	Step on 5%																		
				15	7	4		2	2										1																			
				16	8	4			2							2			1																			
Site	Date	BlockNo	PlotNo	SubplotNo	SubplotX	SubplotY	GerMol	GerDis	EroCic	VicSat	GalPar	LupBic	AchMil	Bare	Gopher	Note																						
HREC	4/12/2017	2	1	1	1	5	3	2		2	1																											
				2	2	5	1	2		1	1	2		3	3																							
				3	3	5	2	1		2	1	1	3																									
				4	4	5				2	1																											
				5	5	5		2		2																												
				6	6	5		1		2	1	2				Step on 4%																						
				7	7	5		2		2	1																											
				8	8	5		2		2	1																											
				9	1	6	2	2		1	1			2	2																							
				10	2	6	1	2	1	2		3	2			Step on 2%																						
				11	3	6	1	2		2			1			Step on 4%																						
				12	4	6				2	1																											
				13	5	6				2	1																											
				14	6	6			1	2	1																											
				15	7	6		2		2	1	2																										
				16	8	6		1		2																												
Site	Date	BlockNo	PlotNo	SubplotNo	SubplotX	SubplotY	GerMol	GerDis	VicSat	LupBic	GalPar	CerGlo	ClaPer	AchMil	EroCic	Bare	Gopher	Wood	EupSpa	Note																		
HREC	4/12/2017	2	1	1	1	7	1	2	1	3	1		1	2	1	2	2																					
				2	2	7	1	2	2		1				1																							
				3	3	7		2	2		1				1																							
				4	4	7		2	2		1																											
				5	5	7			2	2	1			2	1	4	2	3		"Wood on 20%, step on 2%"																		
				6	6	7		1	2	1	1																											
				7	7	7			2		1			1																								
				8	8	7		2	2		1																											
				9	1	8	1	1	2	1	1																											
				10	2	8	1	1			1			2		3	3																					
				11	3	8		1	1	3	1			1	2																							
				12	4	8			1	3	1			2	1																							
				13	5	8		1	1		1			3	1					Step on 4%																		
				14	6	8		2	1		1																											
				15	7	8		2	2		1																											
				16	8	8		2	2		1																											
Site	Date	BlockNo	PlotNo	SubplotNo	SubplotX	SubplotY	GerMol	GerDis	VicSat	LupBic	GalPar	CerGlo	ClaPer	AchMil	EroCic	Bare	Gopher	Wood	EupSpa	Note	DicCap																	
HREC	4/12/2017	2	2	1	1	1		2	2		1								1																			
				2	2	1		1	2		1																											
				3	3	1		1	2						1																							
				4	4	1			2		1				2																							
				5	5	1		2	2	1	1				2	3				Step on 8%																		
				6	6	1		3	2					1	2																							
				7	7	1	1	3	2	1				2																								
				8	8	1		3	2		1			2																								
				9	1	2		1	2		1																											
				10	2	2		2	2	2										Step on 6%																		
				11	3	2			2	1	1				2																							
				12	4	2		2	2	1					1																							
				13	5	2		2	2		1				1																							
				14	6	2		2	2							2				Step on 4%																		
				15	7	2		3	3					2							1																	
				16	8	2		3	2											Step on 10%																		
Site	Date	BlockNo	PlotNo	SubplotNo	SubplotX	SubplotY	GerMol	GerDis	VicSat	LupBic	AchMil	EroCic	GalPar	Bare	DicCap	ShieldSeed	Note																					
HREC	4/12/2017	2	2	1	1	3		2	2				1				Step on 5%																					
				2	2	3		1	2	2	2	1																										
				3	3	3		2	2	2	1		1																									
				4	4	3		1	2	1	2	1	1				Step on 4%																					
				5	5	3		2	2		1	2					Step on 4%																					
				6	6	3		3	2			1																										
				7	7	3		3	2			1	1			1																						
				8	8	3		3	2	1		1																										
				9	1	4		2	1	3	2						Step on 15%																					
				10	2	4		2	2		1	1																										
				11	3	4		3	2	2		1		2																								
				12	4	4	2	2	2		1	2	1																									
				13	5	4		2	3		1	1	1																									
				14	6	4		3	2			2	1				Step on 6%																					
				15	7	4		3	2		2		1	2																								
				16	8	4		3	2		2																											
Site	Date	BlockNo	PlotNo	SubplotNo	SubplotX	SubplotY	GerDis	GerMol	LupBic	AchMil	GalPar	VicSat	EroCic	Bare	Gopher	LasCal	FuzzyGreen	DicCap	Note																			
HREC	4/12/2017	2	2	1	1	5	1			2	1	1	2																									
				2	2	5			2	2		2	1	2					Step on 8%																			
				3	3	5	2	1		1	1	2		3	3																							
				4	4	5	2		1		2	2																										
				5	5	5	2			1	1	2		4	4																							
				6	6	5	2				1	2	2	2	2				Step on 5%																			
				7	7	5	3		1	2	1	2				1																						
				8	8	5	3			2	1	2		2	2	1																						
				9	1	6	2	2	2	1	1	2	2				1																					
				10	2	6	2	1				2	2	3	3																							
				11	3	6	2	2			1	2		2					Step on 8%																			
				12	4	6	2		1		2	2							Step on 8%																			
				13	5	6	2	1				2				1																						
				14	6	6	2			1	1	2		3	3				Step on 4%																			
				15	7	6	2	1	1	2	1	2		2	2	2																						
				16	8	6	2	2		1	1	2		2	2	2																						
Site	Date	BlockNo	PlotNo	SubplotNo	SubplotX	SubplotY	GerDis	GerMol	LupBic	AchMil	GalPar	VicSat	EroCic	Bare	Gopher	LasCal	FuzzyGreen	DicCap	Note																			
HREC	4/12/2017	2	2	1	1	7	2			2	1	2	1																									
				2	2	7	2	1		1	1	2	1																									
				3	3	7	2	1			1	2		2	2				Step on 5%																			
				4	4	7	2				1			2	2																							
				5	5	7	2	1			1	1		2	2																							
				6	6	7	2	2			2		1																									
				7	7	7	2			2	1	2				2		1	Step on 4%																			
				8	8	7	2			2	1	2							Step on 8%																			
				9	1	8	2	3		2	1		2	3					Step on 15%																			
				10	2	8		3		1	2	2																										
				11	3	8	2	2				2		2	2																							
				12	4	8	2	2		1	2			2	2																							
				13	5	8	2	2		1	1																											
				14	6	8	2	1		2																												
				15	7	8	2		1	3	2			2	2																							
				16	8	8	3			2	1	2		3	3																							
Site	Date	BlockNo	PlotNo	SubplotNo	SubplotX	SubplotY	DicCap	MicCal	EroCic	SanBip	LupBic	LinPar	Scandix	Bare	Gopher	GalPar																						
HREC	4/21/2017	3	1	1	1	1			2				3																									
				2	2	1	2		2			2	3																									
				3	3	1	1		2		2	1	3			1																						
				4	4	1			2				3																									
				5	5	1			1				3	3	3																							
				6	6	1							2			1																						
				7	7	1	1				2		2	2		1																						
				8	8	1		1	1		1		3			1																						
				9	1	2	2		1			2	3			1																						
				10	2	2			1			1	3																									
				11	3	2	1	1				2	2	3	3																							
				12	4	2			2	1		2	2	2	2																							
				13	5	2							3			1																						
				14	6	2			1				2	2	2	1																						
				15	7	2	2		2				3			1																						
				16	8	2	1				1		3			1																						
Site	Date	BlockNo	PlotNo	SubplotNo	SubplotX	SubplotY	DicCap	MicCal	EroCic	LinPar	LupBic	Scandix	Bare	Gopher	GalPar	Yellow/White Brush																						
HREC	4/21/2017	3	1	1	1	3					2	2																										
				2	2	3				1	2	3			1																							
				3	3	3	2			1	1	4	2	2	1																							
				4	4	3	1			2	1	3			1																							
				5	5	3			2			4			1																							
				6	6	3	1		1	2	2	3			1																							
				7	7	3				2	2	3	2	2	1	1																						
				8	8	3					1	3			1																							
				9	1	4	2	1	2	1	1	3			1																							
				10	2	4	2	2	1	1		4			1																							
				11	3	4	2	1	1			3	2	2	1																							
				12	4	4		2			1	3			2																							
				13	5	4			1	1	1	3			2																							
				14	6	4	2	1	2	1		3			1																							
				15	7	4	2	2	1	2		3			1																							
				16	8	4	2	2	1			3			1																							
Site	Date	BlockNo	PlotNo	SubplotNo	SubplotX	SubplotY	Scandix	DicCap	MicCal	EroCic	LupBic	LinPar	Bare	Gopher	GalPar	SanBip	VicSat																					
HREC	4/21/2017	3	1	1	1	5	4		2	1	2	2	3																									
				2	2	5	4				1	1	2		1																							
				3	3	5	5				2				2																							
				4	4	5	3		1						1																							
				5	5	5	4			2					2																							
				6	6	5	3			1		1			2																							
				7	7	5	3	2	1	2		1			2	1																						
				8	8	5	4	2				1			1																							
				9	1	6	3	1	2	1							2																					
				10	2	6	3				1				1																							
				11	3	6	3				1		2	2	2																							
				12	4	6	3	2			2				2		1																					
				13	5	6	4			1					1																							
				14	6	6	4	2	1	1	2	1			1																							
				15	7	6	2	1	1	1					2																							
				16	8	6	2								2																							
Site	Date	BlockNo	PlotNo	SubplotNo	SubplotX	SubplotY	Scandix	MicCal	EroCic	LinPar	DicCap	GalPar	VicSat	Bare	Gopher	LupBic	AirCar	SanBip																				
HREC	4/21/2017	3	1	1	1	7	3				1	2	2	2	2	1																						
				2	2	7	3	1			1	2		2																								
				3	3	7	3					2	2	3	3	2	1																					
				4	4	7	4					2				2																						
				5	5	7	3					2				2																						
				6	6	7	3				2	3				1																						
				7	7	7	2		1		3	2				1																						
				8	8	7	2				1				1	1																						
				9	1	8	3		1		2	2																										
				10	2	8	3					1		2	2																							
				11	3	8	3					2	1	2	2																							
				12	4	8	3					2		2				1																				
				13	5	8	3				1	2																										
				14	6	8	2				2	2																										
				15	7	8	2				2	1		2	2	2																						
				16	8	8	3		2			2				1																						
Site	Date	BlockNo	PlotNo	SubplotNo	SubplotX	SubplotY	Scandix	LupBic	DicCap	GalPar	Bare	Gopher	MicCal	LinPar	SisBel																							
HREC	4/21/2017	3	2	1	1	1	4		2	1	2																											
				2	2	1	3			1																												
				3	3	1	3	2		2																												
				4	4	1	3	2	2	1			2																									
				5	5	1	3		2	1																												
				6	6	1	2	2		1			1																									
				7	7	1	1		2	1	2	2																										
				8	8	1	1	2		1			1	1																								
				9	1	2	4		2	2	2	2																										
				10	2	2	3	3	2	1	2	2	1																									
				11	3	2	3	1		1			1																									
				12	4	2	3	2		1	2		3																									
				13	5	2	2	2	1	2			2																									
				14	6	2	2	1	2	1	2	2																										
				15	7	2	3	1	2	2					3																							
				16	8	2	0			1	2	2																										
Site	Date	BlockNo	PlotNo	SubplotNo	SubplotX	SubplotY	Scandix	EroCic	DicCap	GalPar	Bare	Gopher	LupBic	MicCal	WhiteBrush	SisBel	SanBip																					
HREC	4/21/2017	3	2	1	1	3	4		2	2	2		3																									
				2	2	3	3		2	1				1																								
				3	3	3	3		1	1	2	2		2																								
				4	4	3	3			1																												
				5	5	3	3			2																												
				6	6	3	4		2	1			2																									
				7	7	3	2							1																								
				8	8	3	2			1																												
				9	1	4	3		1	1				1																								
				10	2	4	3		1	1				1																								
				11	3	4	3		2	1				3																								
				12	4	4	3	1	2	3	2			2																								
				13	5	4	3		1	2				2	3																							
				14	6	4	3			1	3					2																						
				15	7	4	2			1																												
				16	8	4	2	1		1			2	2			1																					
Site	Date	BlockNo	PlotNo	SubplotNo	SubplotX	SubplotY	Scandix	EroCic	DicCap	GalPar	LupBic	MicCal	Bare	Gopher	WhiteBrush	Rock	UnkForb(photo) Vic?																					
HREC	4/21/2017	3	2	1	1	5	3		1	1	1		1																									
				2	2	5	3		1	1	1																											
				3	3	5	3		1	2																												
				4	4	5	3			2		2	2																									
				5	5	5	3			1		2			1																							
				6	6	5	2			1	1																											
				7	7	5	3			1	2	2	2	2																								
				8	8	5	2		2	1	1	2	3			2																						
				9	1	6	4			1	1																											
				10	2	6	4			2																												
				11	3	6	4			2			3																									
				12	4	6	3			1																												
				13	5	6	2		1	1		1																										
				14	6	6	2			1		1																										
				15	7	6	2			2							1																					
				16	8	6	2		2			2	3	2			2																					
Site	Date	BlockNo	PlotNo	SubplotNo	SubplotX	SubplotY	Scandix	GalPar	LupBic	DicCap	SisBel	Bare	Gopher	RedLotus (pic)	MicCal																							
HREC	4/21/2017	3	2	1	1	7	4	2																														
				2	2	7	3	1																														
				3	3	7	4	1	2																													
				4	4	7	3	1																														
				5	5	7	3	1																														
				6	6	7	2	1	2		3																											
				7	7	7	3			2		2																										
				8	8	7	3	1		2			1																									
				9	1	8	4	1		2		2																										
				10	2	8	4	1	1																													
				11	3	8	3	1							2																							
				12	4	8	5	1	2	1																												
				13	5	8	3	2		2																												
				14	6	8	2	1	2																													
				15	7	8	2	1	2	1					2																							
				16	8	8	4	1																														
Site	Date	BlockNo	PlotNo	SubplotNo	SubplotX	SubplotY	MicCal	LupBic	DicCap	GerMol(LARGE)	YellowApiaceae	LinPar	Scandix	Bare																								
HREC	4/21/2017	4	1	1	1	1	4	2	3																													
				2	2	1	3	2	3				1																									
				3	3	1	2	3	1	3			2																									
				4	4	1	4	2	2				2																									
				5	5	1	3	2	2		2	1	2																									
				6	6	1	2	2	2	2		3	1																									
				7	7	1	3	2				2	1																									
				8	8	1	5	1	1				2																									
				9	1	2	3	3	1	2																												
				10	2	2	2	3					1																									
				11	3	2	2	3	1	2			1																									
				12	4	2	3	2	2	2				3																								
				13	5	2	3	2	2			2																										
				14	6	2	2		2			3																										
				15	7	2	3		1			1	2																									
				16	8	2	5		1				1																									
Site	Date	BlockNo	PlotNo	SubplotNo	SubplotX	SubplotY	MicCal	DicCap	LupBic	NotGerMol	Scandix	LinPar	Bare	Gopher																								
HREC	4/21/2017	4	1	1	1	3			2	1																												
				2	2	3	2		3	1	1																											
				3	3	3		2																														
				4	4	3	2		2																													
				5	5	3	3	2			2	2																										
				6	6	3	2	2	2	1		3																										
				7	7	3	3	2	2		2																											
				8	8	3	3	2	1		1																											
				9	1	4			3		2																											
				10	2	4		1	3	1			2	2																								
				11	3	4	1		3	2																												
				12	4	4	1		1																													
				13	5	4	1	1	2	2		1																										
				14	6	4	1	2	2	1		1																										
				15	7	4	2	1			2																											
				16	8	4	3		2			1																										
Site	Date	BlockNo	PlotNo	SubplotNo	SubplotX	SubplotY	MicCal	DicCap	LupBic	NotGerMol	Scandix	LinPar	Bare	Gopher	White/Pink Brush																							
HREC	4/21/2017	4	1	1	1	5			2	2	2																											
				2	2	5	2	1	2		2																											
				3	3	5			2																													
				4	4	5																																
				5	5	5			1	1																												
				6	6	5	2																															
				7	7	5	1		1																													
				8	8	5	2		1		1																											
				9	1	6		2	2	2	1																											
				10	2	6			2		2																											
				11	3	6		1	2																													
				12	4	6			3																													
				13	5	6	1																															
				14	6	6																																
				15	7	6			2						1																							
				16	8	6			2																													
Site	Date	BlockNo	PlotNo	SubplotNo	SubplotX	SubplotY	MicCal	LupBic	DicCap	Scandix	White/Pink Brush	EroCic																										
HREC	4/21/2017	4	1	1	1	7		3																														
				2	2	7	1	2	1																													
				3	3	7	2	1	1	1																												
				4	4	7																																
				5	5	7				1																												
				6	6	7	1		1	2																												
				7	7	7	1	2		2																												
				8	8	7			1		1																											
				9	1	8		1	1																													
				10	2	8	2	2																														
				11	3	8	1	2		2	1																											
				12	4	8	1	3	1																													
				13	5	8	1	1	1		2																											
				14	6	8		2	1		1																											
				15	7	8	1	2																														
				16	8	8	1	2			2	1																										
Site	Date	BlockNo	PlotNo	SubplotNo	SubplotX	SubplotY	MicCal	LupBic	DicCap	Scandix	LinPar	Bare	Gopher	White/Pink Brush																								
HREC	4/21/2017	4	2	1	1	1	4	2	1		1																											
				2	2	1	4	1		2																												
				3	3	1	4	2	1																													
				4	4	1	4																															
				5	5	1	3	1	1	2																												
				6	6	1	4		1			2	2																									
				7	7	1	4			2																												
				8	8	1	4			1																												
				9	1	2	4	3		2																												
				10	2	2	4	3		3																												
				11	3	2	3	3	1	2				1																								
				12	4	2	3	3		1																												
				13	5	2	4	2	2	2																												
				14	6	2	3		2	2																												
				15	7	2	3		2	1																												
				16	8	2	4	1																														
Site	Date	BlockNo	PlotNo	SubplotNo	SubplotX	SubplotY	MicCal	LupBic	DicCap	Scandix	Bare	Gopher	LasCal																									
HREC	4/21/2017	4	2	1	1	3	3	3		3																												
				2	2	3	3	4	1	3																												
				3	3	3	4	2		2																												
				4	4	3	1		1	2																												
				5	5	3	3	2	1	2																												
				6	6	3	3		1																													
				7	7	3	2		1																													
				8	8	3	2		1																													
				9	1	4	3	3	2	2	3	3																										
				10	2	4	2	2		2																												
				11	3	4	1			2																												
				12	4	4	4			2																												
				13	5	4	3	2					2																									
				14	6	4	3	1		1			2																									
				15	7	4	2		1																													
				16	8	4				2																												
Site	Date	BlockNo	PlotNo	SubplotNo	SubplotX	SubplotY	MicCal	DicCap	LupBic	SisBel	Scandix	EroCic	VicSat	LasCal	Gopher	Bare																						
HREC	4/21/2017	4	2	1	1	5	3		3	2																												
				2	2	5						1																										
				3	3	5			2				1																									
				4	4	5	2		1					2																								
				5	5	5	1		1					2																								
				6	6	5	3		2						2	2																						
				7	7	5	2		1																													
				8	8	5																																
				9	1	6	3																															
				10	2	6	4		3																													
				11	3	6	1		2																													
				12	4	6		2	2																													
				13	5	6	2																															
				14	6	6	2		2					2																								
				15	7	6	2		2					2																								
				16	8	6								2																								
Site	Date	BlockNo	PlotNo	SubplotNo	SubplotX	SubplotY	MicCal	LupBic	DicCap	Scandix	White/Pink Brush	LinPar	LasCal	GalPar																								
HREC	4/21/2017	4	2	1	1	7	2	3																														
				2	2	7	2	2	1																													
				3	3	7		2			1																											
				4	4	7	2																															
				5	5	7	2	2			1																											
				6	6	7	2			1		1																										
				7	7	7		2				1	2	1																								
				8	8	7		1	1			1	3																									
				9	1	8		2																														
				10	2	8		2					1																									
				11	3	8		3			2	1																										
				12	4	8	2	1			1																											
				13	5	8		2				1																										
				14	6	8					1	2	2	1																								
				15	7	8		1	1	1		2	3																									
				16	8	8		1		2		2	3	1																								
Site	Date	BlockNo	PlotNo	SubplotNo	SubplotX	SubplotY	LotPur																															
HREC	6/29/2017	4	1	1	1	1	3																															
				2	2	1	3																															
				3	3	1	4																															
				4	4	1	4																															
				5	5	1	4																															
				6	6	1	4																															
				7	7	1	3																															
				8	8	1	3																															
				9	1	2	2																															
				10	2	2	4																															
				11	3	2	4																															
				12	4	2	4																															
				13	5	2	3																															
				14	6	2	3																															
				15	7	2	4																															
				16	8	2	3																															
Site	Date	BlockNo	PlotNo	SubplotNo	SubplotX	SubplotY	LotPur																															
HREC	6/29/2017	4	1	1	1	3	3																															
				2	2	3	3																															
				3	3	3	3																															
				4	4	3	2																															
				5	5	3	2																															
				6	6	3	3																															
				7	7	3	3																															
				8	8	3	3																															
				9	1	4																																
				10	2	4																																
				11	3	4	2																															
				12	4	4	2																															
				13	5	4	3																															
				14	6	4	3																															
				15	7	4	3																															
				16	8	4	3																															
Site	Date	BlockNo	PlotNo	SubplotNo	SubplotX	SubplotY	LotPur																															
HREC	6/29/2017	4	1	1	1	5																																
				2	2	5	2																															
				3	3	5	2																															
				4	4	5																																
				5	5	5	2																															
				6	6	5	3																															
				7	7	5	2																															
				8	8	5	2																															
				9	1	6																																
				10	2	6	1																															
				11	3	6																																
				12	4	6	1																															
				13	5	6	2																															
				14	6	6	1																															
				15	7	6	1																															
				16	8	6	2																															
Site	Date	BlockNo	PlotNo	SubplotNo	SubplotX	SubplotY	LotPur																															
HREC	6/29/2017	4	1	1	1	7																																
				2	2	7																																
				3	3	7																																
				4	4	7																																
				5	5	7	1																															
				6	6	7	1																															
				7	7	7																																
				8	8	7	1																															
				9	1	8																																
				10	2	8																																
				11	3	8																																
				12	4	8	1																															
				13	5	8	1																															
				14	6	8																																
				15	7	8																																
				16	8	8																																
Site	Date	BlockNo	PlotNo	SubplotNo	SubplotX	SubplotY	LotPur																															
HREC	6/29/2017	4	2	1	1	1	2																															
				2	2	1	1																															
				3	3	1	1																															
				4	4	1	1																															
				5	5	1	2																															
				6	6	1																																
				7	7	1	2																															
				8	8	1	2																															
				9	1	2	2																															
				10	2	2	2																															
				11	3	2	1																															
				12	4	2	1																															
				13	5	2																																
				14	6	2	2																															
				15	7	2	1																															
				16	8	2	2																															
Site	Date	BlockNo	PlotNo	SubplotNo	SubplotX	SubplotY	LotPur																															
HREC	6/29/2017	4	2	1	1	3	4																															
				2	2	3	2																															
				3	3	3	2																															
				4	4	3																																
				5	5	3	3																															
				6	6	3	2																															
				7	7	3	2																															
				8	8	3	1																															
				9	1	4	2																															
				10	2	4	2																															
				11	3	4																																
				12	4	4	2																															
				13	5	4	4																															
				14	6	4	3																															
				15	7	4	2																															
				16	8	4																																
Site	Date	BlockNo	PlotNo	SubplotNo	SubplotX	SubplotY	LotPur																															
HREC	6/29/2017	4	2	1	1	6	3																															
				2	2	6	2																															
				3	3	6	2																															
				4	4	6	2																															
				5	5	6	3																															
				6	6	6	2																															
				7	7	6	1																															
				8	8	6																																
				9	1	5	2																															
				10	2	5	3																															
				11	3	5	2																															
				12	4	5																																
				13	5	5	1																															
				14	6	5	3																															
				15	7	5	1																															
				16	8	5																																
Site	Date	BlockNo	PlotNo	SubplotNo	SubplotX	SubplotY	LotPur	ElymusHairy?																														
HREC	6/29/2017	4	2	1	1	7	2																															
				2	2	7	1																															
				3	3	7																																
				4	4	7	1																															
				5	5	7																																
				6	6	7	2																															
				7	7	7	1																															
				8	8	7	1																															
				9	1	8																																
				10	2	8																																
				11	3	8		1																														
				12	4	8																																
				13	5	8																																
				14	6	8																																
				15	7	8																																
				16	8	8																																
Site	Date	BlockNo	PlotNo	SubplotNo	SubplotX	SubplotY	CenSol																															
HREC	6/29/2017	2	1	1	1	1																																
				2	2	1	2																															
				3	3	1																																
				4	4	1																																
				5	5	1	2																															
				6	6	1	3																															
				7	7	1	2																															
				8	8	1																																
				9	1	2																																
				10	2	2																																
				11	3	2	3																															
				12	4	2																																
				13	5	2																																
				14	6	2																																
				15	7	2																																
				16	8	2																																
Site	Date	BlockNo	PlotNo	SubplotNo	SubplotX	SubplotY	CenSol																															
HREC	6/29/2017	2	1	1	1	3																																
				2	2	3																																
				3	3	3																																
				4	4	3																																
				5	5	3																																
				6	6	3																																
				7	7	3																																
				8	8	3																																
				9	1	4																																
				10	2	4																																
				11	3	4																																
				12	4	4																																
				13	5	4	2																															
				14	6	4																																
				15	7	4																																
				16	8	4																																
Site	Date	BlockNo	PlotNo	SubplotNo	SubplotX	SubplotY	CenSol																															
HREC	6/29/2017	2	1	1	1	5																																
				2	2	5																																
				3	3	5																																
				4	4	5																																
				5	5	5																																
				6	6	5	2																															
				7	7	5																																
				8	8	5																																
				9	1	6																																
				10	2	6																																
				11	3	6																																
				12	4	6																																
				13	5	6																																
				14	6	6																																
				15	7	6																																
				16	8	6																																
