"","Site","Block","Plot","SubplotRes","Subplot","SubplotX","SubplotY"
"1","",4,6,4,1,NA,NA
"2","HREC",1,1,0.25,1,1,1
"3","HREC",1,1,0.25,2,2,2
"4","HREC",1,1,0.25,3,1,2
"5","HREC",1,1,0.25,4,2,1
"6","HREC",1,1,0.25,5,2,1
"7","HREC",1,1,0.25,6,2,2
"8","HREC",1,1,0.25,7,1,2
"9","HREC",1,1,0.25,8,2,1
"10","HREC",1,1,0.5,1,1,1
"11","HREC",1,1,0.5,2,2,1
"12","HREC",1,1,0.5,3,1,1
"13","HREC",1,1,0.5,4,2,1
"14","HREC",1,1,1,1,2,1
"15","HREC",1,1,1,2,2,2
"16","HREC",1,1,2,1,2,1
"17","HREC",1,2,0.25,1,1,2
"18","HREC",1,2,0.25,2,2,2
"19","HREC",1,2,0.25,3,1,1
"20","HREC",1,2,0.25,4,1,2
"21","HREC",1,2,0.25,5,1,1
"22","HREC",1,2,0.25,6,1,2
"23","HREC",1,2,0.25,7,2,1
"24","HREC",1,2,0.25,8,2,2
"25","HREC",1,2,0.5,1,1,1
"26","HREC",1,2,0.5,2,2,1
"27","HREC",1,2,0.5,3,2,1
"28","HREC",1,2,0.5,4,2,2
"29","HREC",1,2,1,1,1,2
"30","HREC",1,2,1,2,2,2
"31","HREC",1,2,2,1,1,2
"32","HREC",1,2,4,1,NA,NA
"33","HREC",1,3,0.25,1,1,1
"34","HREC",1,3,0.25,2,1,2
"35","HREC",1,3,0.25,3,1,1
"36","HREC",1,3,0.25,4,1,2
"37","HREC",1,3,0.25,5,2,1
"38","HREC",1,3,0.25,6,1,2
"39","HREC",1,3,0.25,7,2,1
"40","HREC",1,3,0.25,8,2,2
"41","HREC",1,3,0.5,1,2,1
"42","HREC",1,3,0.5,2,2,2
"43","HREC",1,3,0.5,3,1,1
"44","HREC",1,3,0.5,4,1,2
"45","HREC",1,3,1,1,1,1
"46","HREC",1,3,1,2,2,1
"47","HREC",1,3,2,1,2,3
"48","HREC",1,4,0.25,1,1,1
"49","HREC",1,4,0.25,2,1,2
"50","HREC",1,4,0.25,3,1,2
"51","HREC",1,4,0.25,4,2,1
"52","HREC",1,4,0.25,5,1,1
"53","HREC",1,4,0.25,6,1,2
"54","HREC",1,4,0.25,7,1,2
"55","HREC",1,4,0.25,8,2,2
"56","HREC",1,4,0.5,1,1,1
"57","HREC",1,4,0.5,2,2,2
"58","HREC",1,4,0.5,3,1,1
"59","HREC",1,4,0.5,4,2,2
"60","HREC",1,4,1,1,1,2
"61","HREC",1,4,1,2,2,2
"62","HREC",1,4,2,1,1,4
"63","HREC",1,4,4,1,NA,NA
"64","HREC",1,5,0.25,1,1,1
"65","HREC",1,5,0.25,2,1,2
"66","HREC",1,5,0.25,3,2,1
"67","HREC",1,5,0.25,4,2,2
"68","HREC",1,5,0.25,5,1,1
"69","HREC",1,5,0.25,6,1,2
"70","HREC",1,5,0.25,7,1,2
"71","HREC",1,5,0.25,8,2,2
"72","HREC",1,5,0.5,1,1,2
"73","HREC",1,5,0.5,2,2,2
"74","HREC",1,5,0.5,3,1,2
"75","HREC",1,5,0.5,4,2,1
"76","HREC",1,5,1,1,1,2
"77","HREC",1,5,1,2,2,2
"78","HREC",1,5,2,1,4,1
"79","HREC",1,6,0.25,1,1,1
"80","HREC",1,6,0.25,2,2,1
"81","HREC",1,6,0.25,3,2,1
"82","HREC",1,6,0.25,4,2,2
"83","HREC",1,6,0.25,5,1,1
"84","HREC",1,6,0.25,6,1,2
"85","HREC",1,6,0.25,7,1,1
"86","HREC",1,6,0.25,8,1,2
"87","HREC",1,6,0.5,1,1,2
"88","HREC",1,6,0.5,2,2,2
"89","HREC",1,6,0.5,3,2,1
"90","HREC",1,6,0.5,4,2,2
"91","HREC",1,6,1,1,1,2
"92","HREC",1,6,1,2,2,2
"93","HREC",1,6,2,1,3,2
"94","HREC",1,6,4,1,NA,NA
"95","HREC",1,7,0.25,1,1,1
"96","HREC",1,7,0.25,2,2,1
"97","HREC",1,7,0.25,3,1,2
"98","HREC",1,7,0.25,4,2,2
"99","HREC",1,7,0.25,5,1,1
"100","HREC",1,7,0.25,6,2,2
"101","HREC",1,7,0.25,7,1,1
"102","HREC",1,7,0.25,8,1,2
"103","HREC",1,7,0.5,1,2,1
"104","HREC",1,7,0.5,2,2,2
"105","HREC",1,7,0.5,3,1,1
"106","HREC",1,7,0.5,4,1,2
"107","HREC",1,7,1,1,2,1
"108","HREC",1,7,1,2,1,2
"109","HREC",1,7,2,1,NA,NA
"110","HREC",1,8,0.25,1,1,2
"111","HREC",1,8,0.25,2,2,2
"112","HREC",1,8,0.25,3,1,1
"113","HREC",1,8,0.25,4,2,2
"114","HREC",1,8,0.25,5,1,2
"115","HREC",1,8,0.25,6,2,1
"116","HREC",1,8,0.25,7,1,2
"117","HREC",1,8,0.25,8,2,1
"118","HREC",1,8,0.5,1,1,1
"119","HREC",1,8,0.5,2,2,1
"120","HREC",1,8,0.5,3,1,2
"121","HREC",1,8,0.5,4,2,1
"122","HREC",1,8,1,1,1,2
"123","HREC",1,8,1,2,2,2
"124","HREC",1,8,2,1,4,4
"125","HREC",1,8,4,1,NA,NA
"126","HREC",2,1,0.25,1,1,1
"127","HREC",2,1,0.25,2,2,2
"128","HREC",2,1,0.25,3,1,2
"129","HREC",2,1,0.25,4,2,1
"130","HREC",2,1,0.25,5,2,1
"131","HREC",2,1,0.25,6,2,2
"132","HREC",2,1,0.25,7,1,2
"133","HREC",2,1,0.25,8,2,1
"134","HREC",2,1,0.5,1,1,1
"135","HREC",2,1,0.5,2,2,1
"136","HREC",2,1,0.5,3,1,1
"137","HREC",2,1,0.5,4,2,1
"138","HREC",2,1,1,1,2,1
"139","HREC",2,1,1,2,2,2
"140","HREC",2,1,2,1,2,1
"141","HREC",2,2,0.25,1,1,2
"142","HREC",2,2,0.25,2,2,2
"143","HREC",2,2,0.25,3,1,1
"144","HREC",2,2,0.25,4,1,2
"145","HREC",2,2,0.25,5,1,1
"146","HREC",2,2,0.25,6,1,2
"147","HREC",2,2,0.25,7,2,1
"148","HREC",2,2,0.25,8,2,2
"149","HREC",2,2,0.5,1,1,1
"150","HREC",2,2,0.5,2,2,1
"151","HREC",2,2,0.5,3,2,1
"152","HREC",2,2,0.5,4,2,2
"153","HREC",2,2,1,1,1,2
"154","HREC",2,2,1,2,2,2
"155","HREC",2,2,2,1,1,2
"156","HREC",2,2,4,1,NA,NA
"157","HREC",2,3,0.25,1,1,1
"158","HREC",2,3,0.25,2,1,2
"159","HREC",2,3,0.25,3,1,1
"160","HREC",2,3,0.25,4,1,2
"161","HREC",2,3,0.25,5,2,1
"162","HREC",2,3,0.25,6,1,2
"163","HREC",2,3,0.25,7,2,1
"164","HREC",2,3,0.25,8,2,2
"165","HREC",2,3,0.5,1,2,1
"166","HREC",2,3,0.5,2,2,2
"167","HREC",2,3,0.5,3,1,1
"168","HREC",2,3,0.5,4,1,2
"169","HREC",2,3,1,1,1,1
"170","HREC",2,3,1,2,2,1
"171","HREC",2,3,2,1,2,3
"172","HREC",2,4,0.25,1,1,1
"173","HREC",2,4,0.25,2,1,2
"174","HREC",2,4,0.25,3,1,2
"175","HREC",2,4,0.25,4,2,1
"176","HREC",2,4,0.25,5,1,1
"177","HREC",2,4,0.25,6,1,2
"178","HREC",2,4,0.25,7,1,2
"179","HREC",2,4,0.25,8,2,2
"180","HREC",2,4,0.5,1,1,1
"181","HREC",2,4,0.5,2,2,2
"182","HREC",2,4,0.5,3,1,1
"183","HREC",2,4,0.5,4,2,2
"184","HREC",2,4,1,1,1,2
"185","HREC",2,4,1,2,2,2
"186","HREC",2,4,2,1,1,4
"187","HREC",2,4,4,1,NA,NA
"188","HREC",2,5,0.25,1,1,1
"189","HREC",2,5,0.25,2,1,2
"190","HREC",2,5,0.25,3,2,1
"191","HREC",2,5,0.25,4,2,2
"192","HREC",2,5,0.25,5,1,1
"193","HREC",2,5,0.25,6,1,2
"194","HREC",2,5,0.25,7,1,2
"195","HREC",2,5,0.25,8,2,2
"196","HREC",2,5,0.5,1,1,2
"197","HREC",2,5,0.5,2,2,2
"198","HREC",2,5,0.5,3,1,2
"199","HREC",2,5,0.5,4,2,1
"200","HREC",2,5,1,1,1,2
"201","HREC",2,5,1,2,2,2
"202","HREC",2,5,2,1,4,1
"203","HREC",2,6,0.25,1,1,1
"204","HREC",2,6,0.25,2,2,1
"205","HREC",2,6,0.25,3,2,1
"206","HREC",2,6,0.25,4,2,2
"207","HREC",2,6,0.25,5,1,1
"208","HREC",2,6,0.25,6,1,2
"209","HREC",2,6,0.25,7,1,1
"210","HREC",2,6,0.25,8,1,2
"211","HREC",2,6,0.5,1,1,2
"212","HREC",2,6,0.5,2,2,2
"213","HREC",2,6,0.5,3,2,1
"214","HREC",2,6,0.5,4,2,2
"215","HREC",2,6,1,1,1,2
"216","HREC",2,6,1,2,2,2
"217","HREC",2,6,2,1,3,2
"218","HREC",2,6,4,1,NA,NA
"219","HREC",2,7,0.25,1,1,1
"220","HREC",2,7,0.25,2,2,1
"221","HREC",2,7,0.25,3,1,2
"222","HREC",2,7,0.25,4,2,2
"223","HREC",2,7,0.25,5,1,1
"224","HREC",2,7,0.25,6,2,2
"225","HREC",2,7,0.25,7,1,1
"226","HREC",2,7,0.25,8,1,2
"227","HREC",2,7,0.5,1,2,1
"228","HREC",2,7,0.5,2,2,2
"229","HREC",2,7,0.5,3,1,1
"230","HREC",2,7,0.5,4,1,2
"231","HREC",2,7,1,1,2,1
"232","HREC",2,7,1,2,1,2
"233","HREC",2,7,2,1,NA,NA
"234","HREC",2,8,0.25,1,1,2
"235","HREC",2,8,0.25,2,2,2
"236","HREC",2,8,0.25,3,1,1
"237","HREC",2,8,0.25,4,2,2
"238","HREC",2,8,0.25,5,1,2
"239","HREC",2,8,0.25,6,2,1
"240","HREC",2,8,0.25,7,1,2
"241","HREC",2,8,0.25,8,2,1
"242","HREC",2,8,0.5,1,1,1
"243","HREC",2,8,0.5,2,2,1
"244","HREC",2,8,0.5,3,1,2
"245","HREC",2,8,0.5,4,2,1
"246","HREC",2,8,1,1,1,2
"247","HREC",2,8,1,2,2,2
"248","HREC",2,8,2,1,4,4
"249","HREC",2,8,4,1,NA,NA
"250","HREC",3,1,0.25,1,1,1
"251","HREC",3,1,0.25,2,2,2
"252","HREC",3,1,0.25,3,1,2
"253","HREC",3,1,0.25,4,2,1
"254","HREC",3,1,0.25,5,2,1
"255","HREC",3,1,0.25,6,2,2
"256","HREC",3,1,0.25,7,1,2
"257","HREC",3,1,0.25,8,2,1
"258","HREC",3,1,0.5,1,1,1
"259","HREC",3,1,0.5,2,2,1
"260","HREC",3,1,0.5,3,1,1
"261","HREC",3,1,0.5,4,2,1
"262","HREC",3,1,1,1,2,1
"263","HREC",3,1,1,2,2,2
"264","HREC",3,1,2,1,2,1
"265","HREC",3,2,0.25,1,1,2
"266","HREC",3,2,0.25,2,2,2
"267","HREC",3,2,0.25,3,1,1
"268","HREC",3,2,0.25,4,1,2
"269","HREC",3,2,0.25,5,1,1
"270","HREC",3,2,0.25,6,1,2
"271","HREC",3,2,0.25,7,2,1
"272","HREC",3,2,0.25,8,2,2
"273","HREC",3,2,0.5,1,1,1
"274","HREC",3,2,0.5,2,2,1
"275","HREC",3,2,0.5,3,2,1
"276","HREC",3,2,0.5,4,2,2
"277","HREC",3,2,1,1,1,2
"278","HREC",3,2,1,2,2,2
"279","HREC",3,2,2,1,1,2
"280","HREC",3,2,4,1,NA,NA
"281","HREC",3,3,0.25,1,1,1
"282","HREC",3,3,0.25,2,1,2
"283","HREC",3,3,0.25,3,1,1
"284","HREC",3,3,0.25,4,1,2
"285","HREC",3,3,0.25,5,2,1
"286","HREC",3,3,0.25,6,1,2
"287","HREC",3,3,0.25,7,2,1
"288","HREC",3,3,0.25,8,2,2
"289","HREC",3,3,0.5,1,2,1
"290","HREC",3,3,0.5,2,2,2
"291","HREC",3,3,0.5,3,1,1
"292","HREC",3,3,0.5,4,1,2
"293","HREC",3,3,1,1,1,1
"294","HREC",3,3,1,2,2,1
"295","HREC",3,3,2,1,2,3
"296","HREC",3,4,0.25,1,1,1
"297","HREC",3,4,0.25,2,1,2
"298","HREC",3,4,0.25,3,1,2
"299","HREC",3,4,0.25,4,2,1
"300","HREC",3,4,0.25,5,1,1
"301","HREC",3,4,0.25,6,1,2
"302","HREC",3,4,0.25,7,1,2
"303","HREC",3,4,0.25,8,2,2
"304","HREC",3,4,0.5,1,1,1
"305","HREC",3,4,0.5,2,2,2
"306","HREC",3,4,0.5,3,1,1
"307","HREC",3,4,0.5,4,2,2
"308","HREC",3,4,1,1,1,2
"309","HREC",3,4,1,2,2,2
"310","HREC",3,4,2,1,1,4
"311","HREC",3,4,4,1,NA,NA
"312","HREC",3,5,0.25,1,1,1
"313","HREC",3,5,0.25,2,1,2
"314","HREC",3,5,0.25,3,2,1
"315","HREC",3,5,0.25,4,2,2
"316","HREC",3,5,0.25,5,1,1
"317","HREC",3,5,0.25,6,1,2
"318","HREC",3,5,0.25,7,1,2
"319","HREC",3,5,0.25,8,2,2
"320","HREC",3,5,0.5,1,1,2
"321","HREC",3,5,0.5,2,2,2
"322","HREC",3,5,0.5,3,1,2
"323","HREC",3,5,0.5,4,2,1
"324","HREC",3,5,1,1,1,2
"325","HREC",3,5,1,2,2,2
"326","HREC",3,5,2,1,4,1
"327","HREC",3,6,0.25,1,1,1
"328","HREC",3,6,0.25,2,2,1
"329","HREC",3,6,0.25,3,2,1
"330","HREC",3,6,0.25,4,2,2
"331","HREC",3,6,0.25,5,1,1
"332","HREC",3,6,0.25,6,1,2
"333","HREC",3,6,0.25,7,1,1
"334","HREC",3,6,0.25,8,1,2
"335","HREC",3,6,0.5,1,1,2
"336","HREC",3,6,0.5,2,2,2
"337","HREC",3,6,0.5,3,2,1
"338","HREC",3,6,0.5,4,2,2
"339","HREC",3,6,1,1,1,2
"340","HREC",3,6,1,2,2,2
"341","HREC",3,6,2,1,3,2
"342","HREC",3,6,4,1,NA,NA
"343","HREC",3,7,0.25,1,1,1
"344","HREC",3,7,0.25,2,2,1
"345","HREC",3,7,0.25,3,1,2
"346","HREC",3,7,0.25,4,2,2
"347","HREC",3,7,0.25,5,1,1
"348","HREC",3,7,0.25,6,2,2
"349","HREC",3,7,0.25,7,1,1
"350","HREC",3,7,0.25,8,1,2
"351","HREC",3,7,0.5,1,2,1
"352","HREC",3,7,0.5,2,2,2
"353","HREC",3,7,0.5,3,1,1
"354","HREC",3,7,0.5,4,1,2
"355","HREC",3,7,1,1,2,1
"356","HREC",3,7,1,2,1,2
"357","HREC",3,7,2,1,NA,NA
"358","HREC",3,8,0.25,1,1,2
"359","HREC",3,8,0.25,2,2,2
"360","HREC",3,8,0.25,3,1,1
"361","HREC",3,8,0.25,4,2,2
"362","HREC",3,8,0.25,5,1,2
"363","HREC",3,8,0.25,6,2,1
"364","HREC",3,8,0.25,7,1,2
"365","HREC",3,8,0.25,8,2,1
"366","HREC",3,8,0.5,1,1,1
"367","HREC",3,8,0.5,2,2,1
"368","HREC",3,8,0.5,3,1,2
"369","HREC",3,8,0.5,4,2,1
"370","HREC",3,8,1,1,1,2
"371","HREC",3,8,1,2,2,2
"372","HREC",3,8,2,1,4,4
"373","HREC",3,8,4,1,NA,NA
"374","HREC",4,1,0.25,1,1,1
"375","HREC",4,1,0.25,2,2,2
"376","HREC",4,1,0.25,3,1,2
"377","HREC",4,1,0.25,4,2,1
"378","HREC",4,1,0.25,5,2,1
"379","HREC",4,1,0.25,6,2,2
"380","HREC",4,1,0.25,7,1,2
"381","HREC",4,1,0.25,8,2,1
"382","HREC",4,1,0.5,1,1,1
"383","HREC",4,1,0.5,2,2,1
"384","HREC",4,1,0.5,3,1,1
"385","HREC",4,1,0.5,4,2,1
"386","HREC",4,1,1,1,2,1
"387","HREC",4,1,1,2,2,2
"388","HREC",4,1,2,1,2,1
"389","HREC",4,2,0.25,1,1,2
"390","HREC",4,2,0.25,2,2,2
"391","HREC",4,2,0.25,3,1,1
"392","HREC",4,2,0.25,4,1,2
"393","HREC",4,2,0.25,5,1,1
"394","HREC",4,2,0.25,6,1,2
"395","HREC",4,2,0.25,7,2,1
"396","HREC",4,2,0.25,8,2,2
"397","HREC",4,2,0.5,1,1,1
"398","HREC",4,2,0.5,2,2,1
"399","HREC",4,2,0.5,3,2,1
"400","HREC",4,2,0.5,4,2,2
"401","HREC",4,2,1,1,1,2
"402","HREC",4,2,1,2,2,2
"403","HREC",4,2,2,1,1,2
"404","HREC",4,2,4,1,NA,NA
"405","HREC",4,3,0.25,1,1,1
"406","HREC",4,3,0.25,2,1,2
"407","HREC",4,3,0.25,3,1,1
"408","HREC",4,3,0.25,4,1,2
"409","HREC",4,3,0.25,5,2,1
"410","HREC",4,3,0.25,6,1,2
"411","HREC",4,3,0.25,7,2,1
"412","HREC",4,3,0.25,8,2,2
"413","HREC",4,3,0.5,1,2,1
"414","HREC",4,3,0.5,2,2,2
"415","HREC",4,3,0.5,3,1,1
"416","HREC",4,3,0.5,4,1,2
"417","HREC",4,3,1,1,1,1
"418","HREC",4,3,1,2,2,1
"419","HREC",4,3,2,1,2,3
"420","HREC",4,4,0.25,1,1,1
"421","HREC",4,4,0.25,2,1,2
"422","HREC",4,4,0.25,3,1,2
"423","HREC",4,4,0.25,4,2,1
"424","HREC",4,4,0.25,5,1,1
"425","HREC",4,4,0.25,6,1,2
"426","HREC",4,4,0.25,7,1,2
"427","HREC",4,4,0.25,8,2,2
"428","HREC",4,4,0.5,1,1,1
"429","HREC",4,4,0.5,2,2,2
"430","HREC",4,4,0.5,3,1,1
"431","HREC",4,4,0.5,4,2,2
"432","HREC",4,4,1,1,1,2
"433","HREC",4,4,1,2,2,2
"434","HREC",4,4,2,1,1,4
"435","HREC",4,4,4,1,NA,NA
"436","HREC",4,5,0.25,1,1,1
"437","HREC",4,5,0.25,2,1,2
"438","HREC",4,5,0.25,3,2,1
"439","HREC",4,5,0.25,4,2,2
"440","HREC",4,5,0.25,5,1,1
"441","HREC",4,5,0.25,6,1,2
"442","HREC",4,5,0.25,7,1,2
"443","HREC",4,5,0.25,8,2,2
"444","HREC",4,5,0.5,1,1,2
"445","HREC",4,5,0.5,2,2,2
"446","HREC",4,5,0.5,3,1,2
"447","HREC",4,5,0.5,4,2,1
"448","HREC",4,5,1,1,1,2
"449","HREC",4,5,1,2,2,2
"450","HREC",4,5,2,1,4,1
"451","HREC",4,6,0.25,1,1,1
"452","HREC",4,6,0.25,2,2,1
"453","HREC",4,6,0.25,3,2,1
"454","HREC",4,6,0.25,4,2,2
"455","HREC",4,6,0.25,5,1,1
"456","HREC",4,6,0.25,6,1,2
"457","HREC",4,6,0.25,7,1,1
"458","HREC",4,6,0.25,8,1,2
"459","HREC",4,6,0.5,1,1,2
"460","HREC",4,6,0.5,2,2,2
"461","HREC",4,6,0.5,3,2,1
"462","HREC",4,6,0.5,4,2,2
"463","HREC",4,6,1,1,1,2
"464","HREC",4,6,1,2,2,2
"465","HREC",4,6,2,1,3,2
"466","HREC",4,7,0.25,1,1,1
"467","HREC",4,7,0.25,2,2,1
"468","HREC",4,7,0.25,3,1,2
"469","HREC",4,7,0.25,4,2,2
"470","HREC",4,7,0.25,5,1,1
"471","HREC",4,7,0.25,6,2,2
"472","HREC",4,7,0.25,7,1,1
"473","HREC",4,7,0.25,8,1,2
"474","HREC",4,7,0.5,1,2,1
"475","HREC",4,7,0.5,2,2,2
"476","HREC",4,7,0.5,3,1,1
"477","HREC",4,7,0.5,4,1,2
"478","HREC",4,7,1,1,2,1
"479","HREC",4,7,1,2,1,2
"480","HREC",4,7,2,1,NA,NA
"481","HREC",4,8,0.25,1,1,2
"482","HREC",4,8,0.25,2,2,2
"483","HREC",4,8,0.25,3,1,1
"484","HREC",4,8,0.25,4,2,2
"485","HREC",4,8,0.25,5,1,2
"486","HREC",4,8,0.25,6,2,1
"487","HREC",4,8,0.25,7,1,2
"488","HREC",4,8,0.25,8,2,1
"489","HREC",4,8,0.5,1,1,1
"490","HREC",4,8,0.5,2,2,1
"491","HREC",4,8,0.5,3,1,2
"492","HREC",4,8,0.5,4,2,1
"493","HREC",4,8,1,1,1,2
"494","HREC",4,8,1,2,2,2
"495","HREC",4,8,2,1,4,4
"496","HREC",4,8,4,1,NA,NA
"497","MCL",1,1,0.25,1,1,1
"498","MCL",1,1,0.25,2,2,2
"499","MCL",1,1,0.25,3,1,2
"500","MCL",1,1,0.25,4,2,1
"501","MCL",1,1,0.25,5,2,1
"502","MCL",1,1,0.25,6,2,2
"503","MCL",1,1,0.25,7,1,2
"504","MCL",1,1,0.25,8,2,1
"505","MCL",1,1,0.5,1,1,1
"506","MCL",1,1,0.5,2,2,1
"507","MCL",1,1,0.5,3,1,1
"508","MCL",1,1,0.5,4,2,1
"509","MCL",1,1,1,1,2,1
"510","MCL",1,1,1,2,2,2
"511","MCL",1,1,2,1,2,1
"512","MCL",1,2,0.25,1,1,2
"513","MCL",1,2,0.25,2,2,2
"514","MCL",1,2,0.25,3,1,1
"515","MCL",1,2,0.25,4,1,2
"516","MCL",1,2,0.25,5,1,1
"517","MCL",1,2,0.25,6,1,2
"518","MCL",1,2,0.25,7,2,1
"519","MCL",1,2,0.25,8,2,2
"520","MCL",1,2,0.5,1,1,1
"521","MCL",1,2,0.5,2,2,1
"522","MCL",1,2,0.5,3,2,1
"523","MCL",1,2,0.5,4,2,2
"524","MCL",1,2,1,1,1,2
"525","MCL",1,2,1,2,2,2
"526","MCL",1,2,2,1,1,2
"527","MCL",1,2,4,1,NA,NA
"528","MCL",1,3,0.25,1,1,1
"529","MCL",1,3,0.25,2,1,2
"530","MCL",1,3,0.25,3,1,1
"531","MCL",1,3,0.25,4,1,2
"532","MCL",1,3,0.25,5,2,1
"533","MCL",1,3,0.25,6,1,2
"534","MCL",1,3,0.25,7,2,1
"535","MCL",1,3,0.25,8,2,2
"536","MCL",1,3,0.5,1,2,1
"537","MCL",1,3,0.5,2,2,2
"538","MCL",1,3,0.5,3,1,1
"539","MCL",1,3,0.5,4,1,2
"540","MCL",1,3,1,1,1,1
"541","MCL",1,3,1,2,2,1
"542","MCL",1,3,2,1,2,3
"543","MCL",1,4,0.25,1,1,1
"544","MCL",1,4,0.25,2,1,2
"545","MCL",1,4,0.25,3,1,2
"546","MCL",1,4,0.25,4,2,1
"547","MCL",1,4,0.25,5,1,1
"548","MCL",1,4,0.25,6,1,2
"549","MCL",1,4,0.25,7,1,2
"550","MCL",1,4,0.25,8,2,2
"551","MCL",1,4,0.5,1,1,1
"552","MCL",1,4,0.5,2,2,2
"553","MCL",1,4,0.5,3,1,1
"554","MCL",1,4,0.5,4,2,2
"555","MCL",1,4,1,1,1,2
"556","MCL",1,4,1,2,2,2
"557","MCL",1,4,2,1,1,4
"558","MCL",1,4,4,1,NA,NA
"559","MCL",1,5,0.25,1,1,1
"560","MCL",1,5,0.25,2,1,2
"561","MCL",1,5,0.25,3,2,1
"562","MCL",1,5,0.25,4,2,2
"563","MCL",1,5,0.25,5,1,1
"564","MCL",1,5,0.25,6,1,2
"565","MCL",1,5,0.25,7,1,2
"566","MCL",1,5,0.25,8,2,2
"567","MCL",1,5,0.5,1,1,2
"568","MCL",1,5,0.5,2,2,2
"569","MCL",1,5,0.5,3,1,2
"570","MCL",1,5,0.5,4,2,1
"571","MCL",1,5,1,1,1,2
"572","MCL",1,5,1,2,2,2
"573","MCL",1,5,2,1,4,1
"574","MCL",1,6,0.25,1,1,1
"575","MCL",1,6,0.25,2,2,1
"576","MCL",1,6,0.25,3,2,1
"577","MCL",1,6,0.25,4,2,2
"578","MCL",1,6,0.25,5,1,1
"579","MCL",1,6,0.25,6,1,2
"580","MCL",1,6,0.25,7,1,1
"581","MCL",1,6,0.25,8,1,2
"582","MCL",1,6,0.5,1,1,2
"583","MCL",1,6,0.5,2,2,2
"584","MCL",1,6,0.5,3,2,1
"585","MCL",1,6,0.5,4,2,2
"586","MCL",1,6,1,1,1,2
"587","MCL",1,6,1,2,2,2
"588","MCL",1,6,2,1,3,2
"589","MCL",1,6,4,1,NA,NA
"590","MCL",1,7,0.25,1,1,1
"591","MCL",1,7,0.25,2,2,2
"592","MCL",1,7,0.25,3,1,1
"593","MCL",1,7,0.25,4,1,2
"594","MCL",1,7,0.25,5,1,1
"595","MCL",1,7,0.25,6,2,1
"596","MCL",1,7,0.25,7,1,2
"597","MCL",1,7,0.25,8,2,2
"598","MCL",1,7,0.5,1,1,1
"599","MCL",1,7,0.5,2,1,2
"600","MCL",1,7,0.5,3,2,1
"601","MCL",1,7,0.5,4,2,2
"602","MCL",1,7,1,1,1,2
"603","MCL",1,7,1,2,2,1
"604","MCL",1,7,2,1,3,3
"605","MCL",1,8,0.25,1,1,2
"606","MCL",1,8,0.25,2,2,2
"607","MCL",1,8,0.25,3,1,1
"608","MCL",1,8,0.25,4,2,2
"609","MCL",1,8,0.25,5,1,2
"610","MCL",1,8,0.25,6,2,1
"611","MCL",1,8,0.25,7,1,2
"612","MCL",1,8,0.25,8,2,1
"613","MCL",1,8,0.5,1,1,1
"614","MCL",1,8,0.5,2,2,1
"615","MCL",1,8,0.5,3,1,2
"616","MCL",1,8,0.5,4,2,1
"617","MCL",1,8,1,1,1,2
"618","MCL",1,8,1,2,2,2
"619","MCL",1,8,2,1,4,4
"620","MCL",1,8,4,1,NA,NA
"621","MCL",2,1,0.25,1,1,1
"622","MCL",2,1,0.25,2,2,2
"623","MCL",2,1,0.25,3,1,2
"624","MCL",2,1,0.25,4,2,1
"625","MCL",2,1,0.25,5,2,1
"626","MCL",2,1,0.25,6,2,2
"627","MCL",2,1,0.25,7,1,2
"628","MCL",2,1,0.25,8,2,1
"629","MCL",2,1,0.5,1,1,1
"630","MCL",2,1,0.5,2,2,1
"631","MCL",2,1,0.5,3,1,1
"632","MCL",2,1,0.5,4,2,1
"633","MCL",2,1,1,1,2,1
"634","MCL",2,1,1,2,2,2
"635","MCL",2,1,2,1,2,1
"636","MCL",2,2,0.25,1,1,2
"637","MCL",2,2,0.25,2,2,2
"638","MCL",2,2,0.25,3,1,1
"639","MCL",2,2,0.25,4,1,2
"640","MCL",2,2,0.25,5,1,1
"641","MCL",2,2,0.25,6,1,2
"642","MCL",2,2,0.25,7,2,1
"643","MCL",2,2,0.25,8,2,2
"644","MCL",2,2,0.5,1,1,1
"645","MCL",2,2,0.5,2,2,1
"646","MCL",2,2,0.5,3,2,1
"647","MCL",2,2,0.5,4,2,2
"648","MCL",2,2,1,1,1,2
"649","MCL",2,2,1,2,2,2
"650","MCL",2,2,2,1,1,2
"651","MCL",2,2,4,1,NA,NA
"652","MCL",2,3,0.25,1,1,1
"653","MCL",2,3,0.25,2,1,2
"654","MCL",2,3,0.25,3,1,1
"655","MCL",2,3,0.25,4,1,2
"656","MCL",2,3,0.25,5,2,1
"657","MCL",2,3,0.25,6,1,2
"658","MCL",2,3,0.25,7,2,1
"659","MCL",2,3,0.25,8,2,2
"660","MCL",2,3,0.5,1,2,1
"661","MCL",2,3,0.5,2,2,2
"662","MCL",2,3,0.5,3,1,1
"663","MCL",2,3,0.5,4,1,2
"664","MCL",2,3,1,1,1,1
"665","MCL",2,3,1,2,2,1
"666","MCL",2,3,2,1,2,3
"667","MCL",2,4,0.25,1,1,1
"668","MCL",2,4,0.25,2,1,2
"669","MCL",2,4,0.25,3,1,2
"670","MCL",2,4,0.25,4,2,1
"671","MCL",2,4,0.25,5,1,1
"672","MCL",2,4,0.25,6,1,2
"673","MCL",2,4,0.25,7,1,2
"674","MCL",2,4,0.25,8,2,2
"675","MCL",2,4,0.5,1,1,1
"676","MCL",2,4,0.5,2,2,2
"677","MCL",2,4,0.5,3,1,1
"678","MCL",2,4,0.5,4,2,2
"679","MCL",2,4,1,1,1,2
"680","MCL",2,4,1,2,2,2
"681","MCL",2,4,2,1,1,4
"682","MCL",2,4,4,1,NA,NA
"683","MCL",2,5,0.25,1,1,1
"684","MCL",2,5,0.25,2,1,2
"685","MCL",2,5,0.25,3,2,1
"686","MCL",2,5,0.25,4,2,2
"687","MCL",2,5,0.25,5,1,1
"688","MCL",2,5,0.25,6,1,2
"689","MCL",2,5,0.25,7,1,2
"690","MCL",2,5,0.25,8,2,2
"691","MCL",2,5,0.5,1,1,2
"692","MCL",2,5,0.5,2,2,2
"693","MCL",2,5,0.5,3,1,2
"694","MCL",2,5,0.5,4,2,1
"695","MCL",2,5,1,1,1,2
"696","MCL",2,5,1,2,2,2
"697","MCL",2,5,2,1,4,1
"698","MCL",2,6,0.25,1,1,1
"699","MCL",2,6,0.25,2,2,1
"700","MCL",2,6,0.25,3,2,1
"701","MCL",2,6,0.25,4,2,2
"702","MCL",2,6,0.25,5,1,1
"703","MCL",2,6,0.25,6,1,2
"704","MCL",2,6,0.25,7,1,1
"705","MCL",2,6,0.25,8,1,2
"706","MCL",2,6,0.5,1,1,2
"707","MCL",2,6,0.5,2,2,2
"708","MCL",2,6,0.5,3,2,1
"709","MCL",2,6,0.5,4,2,2
"710","MCL",2,6,1,1,1,2
"711","MCL",2,6,1,2,2,2
"712","MCL",2,6,2,1,3,2
"713","MCL",2,6,4,1,NA,NA
"714","MCL",2,7,0.25,1,1,1
"715","MCL",2,7,0.25,2,2,2
"716","MCL",2,7,0.25,3,1,1
"717","MCL",2,7,0.25,4,1,2
"718","MCL",2,7,0.25,5,1,1
"719","MCL",2,7,0.25,6,2,1
"720","MCL",2,7,0.25,7,1,2
"721","MCL",2,7,0.25,8,2,2
"722","MCL",2,7,0.5,1,1,1
"723","MCL",2,7,0.5,2,1,2
"724","MCL",2,7,0.5,3,2,1
"725","MCL",2,7,0.5,4,2,2
"726","MCL",2,7,1,1,1,2
"727","MCL",2,7,1,2,2,1
"728","MCL",2,7,2,1,3,3
"729","MCL",2,8,0.25,1,1,2
"730","MCL",2,8,0.25,2,2,2
"731","MCL",2,8,0.25,3,1,1
"732","MCL",2,8,0.25,4,2,2
"733","MCL",2,8,0.25,5,1,2
"734","MCL",2,8,0.25,6,2,1
"735","MCL",2,8,0.25,7,1,2
"736","MCL",2,8,0.25,8,2,1
"737","MCL",2,8,0.5,1,1,1
"738","MCL",2,8,0.5,2,2,1
"739","MCL",2,8,0.5,3,1,2
"740","MCL",2,8,0.5,4,2,1
"741","MCL",2,8,1,1,1,2
"742","MCL",2,8,1,2,2,2
"743","MCL",2,8,2,1,4,4
"744","MCL",2,8,4,1,NA,NA
"745","MCL",3,1,0.25,1,1,1
"746","MCL",3,1,0.25,2,2,2
"747","MCL",3,1,0.25,3,1,2
"748","MCL",3,1,0.25,4,2,1
"749","MCL",3,1,0.25,5,2,1
"750","MCL",3,1,0.25,6,2,2
"751","MCL",3,1,0.25,7,1,2
"752","MCL",3,1,0.25,8,2,1
"753","MCL",3,1,0.5,1,1,1
"754","MCL",3,1,0.5,2,2,1
"755","MCL",3,1,0.5,3,1,1
"756","MCL",3,1,0.5,4,2,1
"757","MCL",3,1,1,1,2,1
"758","MCL",3,1,1,2,2,2
"759","MCL",3,1,2,1,2,1
"760","MCL",3,2,0.25,1,1,2
"761","MCL",3,2,0.25,2,2,2
"762","MCL",3,2,0.25,3,1,1
"763","MCL",3,2,0.25,4,1,2
"764","MCL",3,2,0.25,5,1,1
"765","MCL",3,2,0.25,6,1,2
"766","MCL",3,2,0.25,7,2,1
"767","MCL",3,2,0.25,8,2,2
"768","MCL",3,2,0.5,1,1,1
"769","MCL",3,2,0.5,2,2,1
"770","MCL",3,2,0.5,3,2,1
"771","MCL",3,2,0.5,4,2,2
"772","MCL",3,2,1,1,1,2
"773","MCL",3,2,1,2,2,2
"774","MCL",3,2,2,1,1,2
"775","MCL",3,2,4,1,NA,NA
"776","MCL",3,3,0.25,1,1,1
"777","MCL",3,3,0.25,2,1,2
"778","MCL",3,3,0.25,3,1,1
"779","MCL",3,3,0.25,4,1,2
"780","MCL",3,3,0.25,5,2,1
"781","MCL",3,3,0.25,6,1,2
"782","MCL",3,3,0.25,7,2,1
"783","MCL",3,3,0.25,8,2,2
"784","MCL",3,3,0.5,1,2,1
"785","MCL",3,3,0.5,2,2,2
"786","MCL",3,3,0.5,3,1,1
"787","MCL",3,3,0.5,4,1,2
"788","MCL",3,3,1,1,1,1
"789","MCL",3,3,1,2,2,1
"790","MCL",3,3,2,1,2,3
"791","MCL",3,4,0.25,1,1,1
"792","MCL",3,4,0.25,2,1,2
"793","MCL",3,4,0.25,3,1,2
"794","MCL",3,4,0.25,4,2,1
"795","MCL",3,4,0.25,5,1,1
"796","MCL",3,4,0.25,6,1,2
"797","MCL",3,4,0.25,7,1,2
"798","MCL",3,4,0.25,8,2,2
"799","MCL",3,4,0.5,1,1,1
"800","MCL",3,4,0.5,2,2,2
"801","MCL",3,4,0.5,3,1,1
"802","MCL",3,4,0.5,4,2,2
"803","MCL",3,4,1,1,1,2
"804","MCL",3,4,1,2,2,2
"805","MCL",3,4,2,1,1,4
"806","MCL",3,4,4,1,NA,NA
"807","MCL",3,5,0.25,1,1,1
"808","MCL",3,5,0.25,2,1,2
"809","MCL",3,5,0.25,3,2,1
"810","MCL",3,5,0.25,4,2,2
"811","MCL",3,5,0.25,5,1,1
"812","MCL",3,5,0.25,6,1,2
"813","MCL",3,5,0.25,7,1,2
"814","MCL",3,5,0.25,8,2,2
"815","MCL",3,5,0.5,1,1,2
"816","MCL",3,5,0.5,2,2,2
"817","MCL",3,5,0.5,3,1,2
"818","MCL",3,5,0.5,4,2,1
"819","MCL",3,5,1,1,1,2
"820","MCL",3,5,1,2,2,2
"821","MCL",3,5,2,1,4,1
"822","MCL",3,6,0.25,1,1,1
"823","MCL",3,6,0.25,2,2,1
"824","MCL",3,6,0.25,3,2,1
"825","MCL",3,6,0.25,4,2,2
"826","MCL",3,6,0.25,5,1,1
"827","MCL",3,6,0.25,6,1,2
"828","MCL",3,6,0.25,7,1,1
"829","MCL",3,6,0.25,8,1,2
"830","MCL",3,6,0.5,1,1,2
"831","MCL",3,6,0.5,2,2,2
"832","MCL",3,6,0.5,3,2,1
"833","MCL",3,6,0.5,4,2,2
"834","MCL",3,6,1,1,1,2
"835","MCL",3,6,1,2,2,2
"836","MCL",3,6,2,1,3,2
"837","MCL",3,6,4,1,NA,NA
"838","MCL",3,7,0.25,1,1,1
"839","MCL",3,7,0.25,2,2,2
"840","MCL",3,7,0.25,3,1,1
"841","MCL",3,7,0.25,4,1,2
"842","MCL",3,7,0.25,5,1,1
"843","MCL",3,7,0.25,6,2,1
"844","MCL",3,7,0.25,7,1,2
"845","MCL",3,7,0.25,8,2,2
"846","MCL",3,7,0.5,1,1,1
"847","MCL",3,7,0.5,2,1,2
"848","MCL",3,7,0.5,3,2,1
"849","MCL",3,7,0.5,4,2,2
"850","MCL",3,7,1,1,1,2
"851","MCL",3,7,1,2,2,1
"852","MCL",3,7,2,1,3,3
"853","MCL",3,8,0.25,1,1,2
"854","MCL",3,8,0.25,2,2,2
"855","MCL",3,8,0.25,3,1,1
"856","MCL",3,8,0.25,4,2,2
"857","MCL",3,8,0.25,5,1,2
"858","MCL",3,8,0.25,6,2,1
"859","MCL",3,8,0.25,7,1,2
"860","MCL",3,8,0.25,8,2,1
"861","MCL",3,8,0.5,1,1,1
"862","MCL",3,8,0.5,2,2,1
"863","MCL",3,8,0.5,3,1,2
"864","MCL",3,8,0.5,4,2,1
"865","MCL",3,8,1,1,1,2
"866","MCL",3,8,1,2,2,2
"867","MCL",3,8,2,1,4,4
"868","MCL",3,8,4,1,NA,NA
"869","MCL",4,1,0.25,1,1,1
"870","MCL",4,1,0.25,2,2,2
"871","MCL",4,1,0.25,3,1,2
"872","MCL",4,1,0.25,4,2,1
"873","MCL",4,1,0.25,5,2,1
"874","MCL",4,1,0.25,6,2,2
"875","MCL",4,1,0.25,7,1,2
"876","MCL",4,1,0.25,8,2,1
"877","MCL",4,1,0.5,1,1,1
"878","MCL",4,1,0.5,2,2,1
"879","MCL",4,1,0.5,3,1,1
"880","MCL",4,1,0.5,4,2,1
"881","MCL",4,1,1,1,2,1
"882","MCL",4,1,1,2,2,2
"883","MCL",4,1,2,1,2,1
"884","MCL",4,2,0.25,1,1,2
"885","MCL",4,2,0.25,2,2,2
"886","MCL",4,2,0.25,3,1,1
"887","MCL",4,2,0.25,4,1,2
"888","MCL",4,2,0.25,5,1,1
"889","MCL",4,2,0.25,6,1,2
"890","MCL",4,2,0.25,7,2,1
"891","MCL",4,2,0.25,8,2,2
"892","MCL",4,2,0.5,1,1,1
"893","MCL",4,2,0.5,2,2,1
"894","MCL",4,2,0.5,3,2,1
"895","MCL",4,2,0.5,4,2,2
"896","MCL",4,2,1,1,1,2
"897","MCL",4,2,1,2,2,2
"898","MCL",4,2,2,1,1,2
"899","MCL",4,2,4,1,NA,NA
"900","MCL",4,3,0.25,1,1,1
"901","MCL",4,3,0.25,2,1,2
"902","MCL",4,3,0.25,3,1,1
"903","MCL",4,3,0.25,4,1,2
"904","MCL",4,3,0.25,5,2,1
"905","MCL",4,3,0.25,6,1,2
"906","MCL",4,3,0.25,7,2,1
"907","MCL",4,3,0.25,8,2,2
"908","MCL",4,3,0.5,1,2,1
"909","MCL",4,3,0.5,2,2,2
"910","MCL",4,3,0.5,3,1,1
"911","MCL",4,3,0.5,4,1,2
"912","MCL",4,3,1,1,1,1
"913","MCL",4,3,1,2,2,1
"914","MCL",4,3,2,1,2,3
"915","MCL",4,4,0.25,1,1,1
"916","MCL",4,4,0.25,2,1,2
"917","MCL",4,4,0.25,3,1,2
"918","MCL",4,4,0.25,4,2,1
"919","MCL",4,4,0.25,5,1,1
"920","MCL",4,4,0.25,6,1,2
"921","MCL",4,4,0.25,7,1,2
"922","MCL",4,4,0.25,8,2,2
"923","MCL",4,4,0.5,1,1,1
"924","MCL",4,4,0.5,2,2,2
"925","MCL",4,4,0.5,3,1,1
"926","MCL",4,4,0.5,4,2,2
"927","MCL",4,4,1,1,1,2
"928","MCL",4,4,1,2,2,2
"929","MCL",4,4,2,1,1,4
"930","MCL",4,4,4,1,NA,NA
"931","MCL",4,5,0.25,1,1,1
"932","MCL",4,5,0.25,2,1,2
"933","MCL",4,5,0.25,3,2,1
"934","MCL",4,5,0.25,4,2,2
"935","MCL",4,5,0.25,5,1,1
"936","MCL",4,5,0.25,6,1,2
"937","MCL",4,5,0.25,7,1,2
"938","MCL",4,5,0.25,8,2,2
"939","MCL",4,5,0.5,1,1,2
"940","MCL",4,5,0.5,2,2,2
"941","MCL",4,5,0.5,3,1,2
"942","MCL",4,5,0.5,4,2,1
"943","MCL",4,5,1,1,1,2
"944","MCL",4,5,1,2,2,2
"945","MCL",4,5,2,1,4,1
"946","MCL",4,6,0.25,1,1,1
"947","MCL",4,6,0.25,2,2,1
"948","MCL",4,6,0.25,3,2,1
"949","MCL",4,6,0.25,4,2,2
"950","MCL",4,6,0.25,5,1,1
"951","MCL",4,6,0.25,6,1,2
"952","MCL",4,6,0.25,7,1,1
"953","MCL",4,6,0.25,8,1,2
"954","MCL",4,6,0.5,1,1,2
"955","MCL",4,6,0.5,2,2,2
"956","MCL",4,6,0.5,3,2,1
"957","MCL",4,6,0.5,4,2,2
"958","MCL",4,6,1,1,1,2
"959","MCL",4,6,1,2,2,2
"960","MCL",4,6,2,1,3,2
"961","MCL",4,6,4,1,NA,NA
"962","MCL",4,7,0.25,1,1,1
"963","MCL",4,7,0.25,2,2,2
"964","MCL",4,7,0.25,3,1,1
"965","MCL",4,7,0.25,4,1,2
"966","MCL",4,7,0.25,5,1,1
"967","MCL",4,7,0.25,6,2,1
"968","MCL",4,7,0.25,7,1,2
"969","MCL",4,7,0.25,8,2,2
"970","MCL",4,7,0.5,1,1,1
"971","MCL",4,7,0.5,2,1,2
"972","MCL",4,7,0.5,3,2,1
"973","MCL",4,7,0.5,4,2,2
"974","MCL",4,7,1,1,1,2
"975","MCL",4,7,1,2,2,1
"976","MCL",4,7,2,1,3,3
"977","MCL",4,8,0.25,1,1,2
"978","MCL",4,8,0.25,2,2,2
"979","MCL",4,8,0.25,3,1,1
"980","MCL",4,8,0.25,4,2,2
"981","MCL",4,8,0.25,5,1,2
"982","MCL",4,8,0.25,6,2,1
"983","MCL",4,8,0.25,7,1,2
"984","MCL",4,8,0.25,8,2,1
"985","MCL",4,8,0.5,1,1,1
"986","MCL",4,8,0.5,2,2,1
"987","MCL",4,8,0.5,3,1,2
"988","MCL",4,8,0.5,4,2,1
"989","MCL",4,8,1,1,1,2
"990","MCL",4,8,1,2,2,2
"991","MCL",4,8,2,1,4,4
"992","MCL",4,8,4,1,NA,NA
"993","SFREC",1,1,0.25,1,1,1
"994","SFREC",1,1,0.25,2,2,2
"995","SFREC",1,1,0.25,3,1,2
"996","SFREC",1,1,0.25,4,2,1
"997","SFREC",1,1,0.25,5,2,1
"998","SFREC",1,1,0.25,6,2,2
"999","SFREC",1,1,0.25,7,1,2
"1000","SFREC",1,1,0.25,8,2,1
"1001","SFREC",1,1,0.5,1,1,1
"1002","SFREC",1,1,0.5,2,2,1
"1003","SFREC",1,1,0.5,3,1,1
"1004","SFREC",1,1,0.5,4,2,1
"1005","SFREC",1,1,1,1,2,1
"1006","SFREC",1,1,1,2,2,2
"1007","SFREC",1,1,2,1,2,1
"1008","SFREC",1,2,0.25,1,1,2
"1009","SFREC",1,2,0.25,2,2,2
"1010","SFREC",1,2,0.25,3,1,1
"1011","SFREC",1,2,0.25,4,1,2
"1012","SFREC",1,2,0.25,5,1,1
"1013","SFREC",1,2,0.25,6,1,2
"1014","SFREC",1,2,0.25,7,2,1
"1015","SFREC",1,2,0.25,8,2,2
"1016","SFREC",1,2,0.5,1,1,1
"1017","SFREC",1,2,0.5,2,2,1
"1018","SFREC",1,2,0.5,3,2,1
"1019","SFREC",1,2,0.5,4,2,2
"1020","SFREC",1,2,1,1,1,2
"1021","SFREC",1,2,1,2,2,2
"1022","SFREC",1,2,2,1,1,2
"1023","SFREC",1,2,4,1,NA,NA
"1024","SFREC",1,3,0.25,1,1,1
"1025","SFREC",1,3,0.25,2,1,2
"1026","SFREC",1,3,0.25,3,1,1
"1027","SFREC",1,3,0.25,4,1,2
"1028","SFREC",1,3,0.25,5,2,1
"1029","SFREC",1,3,0.25,6,1,2
"1030","SFREC",1,3,0.25,7,2,1
"1031","SFREC",1,3,0.25,8,2,2
"1032","SFREC",1,3,0.5,1,2,1
"1033","SFREC",1,3,0.5,2,2,2
"1034","SFREC",1,3,0.5,3,1,1
"1035","SFREC",1,3,0.5,4,1,2
"1036","SFREC",1,3,1,1,1,1
"1037","SFREC",1,3,1,2,2,1
"1038","SFREC",1,3,2,1,2,3
"1039","SFREC",1,4,0.25,1,1,1
"1040","SFREC",1,4,0.25,2,1,2
"1041","SFREC",1,4,0.25,3,1,2
"1042","SFREC",1,4,0.25,4,2,1
"1043","SFREC",1,4,0.25,5,1,1
"1044","SFREC",1,4,0.25,6,1,2
"1045","SFREC",1,4,0.25,7,1,2
"1046","SFREC",1,4,0.25,8,2,2
"1047","SFREC",1,4,0.5,1,1,1
"1048","SFREC",1,4,0.5,2,2,2
"1049","SFREC",1,4,0.5,3,1,1
"1050","SFREC",1,4,0.5,4,2,2
"1051","SFREC",1,4,1,1,1,2
"1052","SFREC",1,4,1,2,2,2
"1053","SFREC",1,4,2,1,1,4
"1054","SFREC",1,4,4,1,NA,NA
"1055","SFREC",1,5,0.25,1,1,1
"1056","SFREC",1,5,0.25,2,1,2
"1057","SFREC",1,5,0.25,3,2,1
"1058","SFREC",1,5,0.25,4,2,2
"1059","SFREC",1,5,0.25,5,1,1
"1060","SFREC",1,5,0.25,6,1,2
"1061","SFREC",1,5,0.25,7,1,2
"1062","SFREC",1,5,0.25,8,2,2
"1063","SFREC",1,5,0.5,1,1,2
"1064","SFREC",1,5,0.5,2,2,2
"1065","SFREC",1,5,0.5,3,1,2
"1066","SFREC",1,5,0.5,4,2,1
"1067","SFREC",1,5,1,1,1,2
"1068","SFREC",1,5,1,2,2,2
"1069","SFREC",1,5,2,1,4,1
"1070","SFREC",1,6,0.25,1,1,1
"1071","SFREC",1,6,0.25,2,2,1
"1072","SFREC",1,6,0.25,3,2,1
"1073","SFREC",1,6,0.25,4,2,2
"1074","SFREC",1,6,0.25,5,1,1
"1075","SFREC",1,6,0.25,6,1,2
"1076","SFREC",1,6,0.25,7,1,1
"1077","SFREC",1,6,0.25,8,1,2
"1078","SFREC",1,6,0.5,1,1,2
"1079","SFREC",1,6,0.5,2,2,2
"1080","SFREC",1,6,0.5,3,2,1
"1081","SFREC",1,6,0.5,4,2,2
"1082","SFREC",1,6,1,1,1,2
"1083","SFREC",1,6,1,2,2,2
"1084","SFREC",1,6,2,1,3,2
"1085","SFREC",1,6,4,1,NA,NA
"1086","SFREC",1,7,0.25,1,1,1
"1087","SFREC",1,7,0.25,2,2,2
"1088","SFREC",1,7,0.25,3,1,1
"1089","SFREC",1,7,0.25,4,1,2
"1090","SFREC",1,7,0.25,5,1,1
"1091","SFREC",1,7,0.25,6,2,1
"1092","SFREC",1,7,0.25,7,1,2
"1093","SFREC",1,7,0.25,8,2,2
"1094","SFREC",1,7,0.5,1,1,1
"1095","SFREC",1,7,0.5,2,1,2
"1096","SFREC",1,7,0.5,3,2,1
"1097","SFREC",1,7,0.5,4,2,2
"1098","SFREC",1,7,1,1,1,2
"1099","SFREC",1,7,1,2,2,1
"1100","SFREC",1,7,2,1,3,3
"1101","SFREC",1,8,0.25,1,1,2
"1102","SFREC",1,8,0.25,2,2,2
"1103","SFREC",1,8,0.25,3,1,1
"1104","SFREC",1,8,0.25,4,2,2
"1105","SFREC",1,8,0.25,5,1,2
"1106","SFREC",1,8,0.25,6,2,1
"1107","SFREC",1,8,0.25,7,1,2
"1108","SFREC",1,8,0.25,8,2,1
"1109","SFREC",1,8,0.5,1,1,1
"1110","SFREC",1,8,0.5,2,2,1
"1111","SFREC",1,8,0.5,3,1,2
"1112","SFREC",1,8,0.5,4,2,1
"1113","SFREC",1,8,1,1,1,2
"1114","SFREC",1,8,1,2,2,2
"1115","SFREC",1,8,2,1,4,4
"1116","SFREC",1,8,4,1,NA,NA
"1117","SFREC",2,1,0.25,1,1,1
"1118","SFREC",2,1,0.25,2,2,2
"1119","SFREC",2,1,0.25,3,1,2
"1120","SFREC",2,1,0.25,4,2,1
"1121","SFREC",2,1,0.25,5,2,1
"1122","SFREC",2,1,0.25,6,2,2
"1123","SFREC",2,1,0.25,7,1,2
"1124","SFREC",2,1,0.25,8,2,1
"1125","SFREC",2,1,0.5,1,1,1
"1126","SFREC",2,1,0.5,2,2,1
"1127","SFREC",2,1,0.5,3,1,1
"1128","SFREC",2,1,0.5,4,2,1
"1129","SFREC",2,1,1,1,2,1
"1130","SFREC",2,1,1,2,2,2
"1131","SFREC",2,1,2,1,2,1
"1132","SFREC",2,2,0.25,1,1,2
"1133","SFREC",2,2,0.25,2,2,2
"1134","SFREC",2,2,0.25,3,1,1
"1135","SFREC",2,2,0.25,4,1,2
"1136","SFREC",2,2,0.25,5,1,1
"1137","SFREC",2,2,0.25,6,1,2
"1138","SFREC",2,2,0.25,7,2,1
"1139","SFREC",2,2,0.25,8,2,2
"1140","SFREC",2,2,0.5,1,1,1
"1141","SFREC",2,2,0.5,2,2,1
"1142","SFREC",2,2,0.5,3,2,1
"1143","SFREC",2,2,0.5,4,2,2
"1144","SFREC",2,2,1,1,1,2
"1145","SFREC",2,2,1,2,2,2
"1146","SFREC",2,2,2,1,1,2
"1147","SFREC",2,2,4,1,NA,NA
"1148","SFREC",2,3,0.25,1,1,1
"1149","SFREC",2,3,0.25,2,1,2
"1150","SFREC",2,3,0.25,3,1,1
"1151","SFREC",2,3,0.25,4,1,2
"1152","SFREC",2,3,0.25,5,2,1
"1153","SFREC",2,3,0.25,6,1,2
"1154","SFREC",2,3,0.25,7,2,1
"1155","SFREC",2,3,0.25,8,2,2
"1156","SFREC",2,3,0.5,1,2,1
"1157","SFREC",2,3,0.5,2,2,2
"1158","SFREC",2,3,0.5,3,1,1
"1159","SFREC",2,3,0.5,4,1,2
"1160","SFREC",2,3,1,1,1,1
"1161","SFREC",2,3,1,2,2,1
"1162","SFREC",2,3,2,1,2,3
"1163","SFREC",2,4,0.25,1,1,1
"1164","SFREC",2,4,0.25,2,1,2
"1165","SFREC",2,4,0.25,3,1,2
"1166","SFREC",2,4,0.25,4,2,1
"1167","SFREC",2,4,0.25,5,1,1
"1168","SFREC",2,4,0.25,6,1,2
"1169","SFREC",2,4,0.25,7,1,2
"1170","SFREC",2,4,0.25,8,2,2
"1171","SFREC",2,4,0.5,1,1,1
"1172","SFREC",2,4,0.5,2,2,2
"1173","SFREC",2,4,0.5,3,1,1
"1174","SFREC",2,4,0.5,4,2,2
"1175","SFREC",2,4,1,1,1,2
"1176","SFREC",2,4,1,2,2,2
"1177","SFREC",2,4,2,1,1,4
"1178","SFREC",2,4,4,1,NA,NA
"1179","SFREC",2,5,0.25,1,1,1
"1180","SFREC",2,5,0.25,2,1,2
"1181","SFREC",2,5,0.25,3,2,1
"1182","SFREC",2,5,0.25,4,2,2
"1183","SFREC",2,5,0.25,5,1,1
"1184","SFREC",2,5,0.25,6,1,2
"1185","SFREC",2,5,0.25,7,1,2
"1186","SFREC",2,5,0.25,8,2,2
"1187","SFREC",2,5,0.5,1,1,2
"1188","SFREC",2,5,0.5,2,2,2
"1189","SFREC",2,5,0.5,3,1,2
"1190","SFREC",2,5,0.5,4,2,1
"1191","SFREC",2,5,1,1,1,2
"1192","SFREC",2,5,1,2,2,2
"1193","SFREC",2,5,2,1,4,1
"1194","SFREC",2,6,0.25,1,1,1
"1195","SFREC",2,6,0.25,2,2,1
"1196","SFREC",2,6,0.25,3,2,1
"1197","SFREC",2,6,0.25,4,2,2
"1198","SFREC",2,6,0.25,5,1,1
"1199","SFREC",2,6,0.25,6,1,2
"1200","SFREC",2,6,0.25,7,1,1
"1201","SFREC",2,6,0.25,8,1,2
"1202","SFREC",2,6,0.5,1,1,2
"1203","SFREC",2,6,0.5,2,2,2
"1204","SFREC",2,6,0.5,3,2,1
"1205","SFREC",2,6,0.5,4,2,2
"1206","SFREC",2,6,1,1,1,2
"1207","SFREC",2,6,1,2,2,2
"1208","SFREC",2,6,2,1,3,2
"1209","SFREC",2,6,4,1,NA,NA
"1210","SFREC",2,7,0.25,1,1,1
"1211","SFREC",2,7,0.25,2,2,2
"1212","SFREC",2,7,0.25,3,1,1
"1213","SFREC",2,7,0.25,4,1,2
"1214","SFREC",2,7,0.25,5,1,1
"1215","SFREC",2,7,0.25,6,2,1
"1216","SFREC",2,7,0.25,7,1,2
"1217","SFREC",2,7,0.25,8,2,2
"1218","SFREC",2,7,0.5,1,1,1
"1219","SFREC",2,7,0.5,2,1,2
"1220","SFREC",2,7,0.5,3,2,1
"1221","SFREC",2,7,0.5,4,2,2
"1222","SFREC",2,7,1,1,1,2
"1223","SFREC",2,7,1,2,2,1
"1224","SFREC",2,7,2,1,3,3
"1225","SFREC",2,8,0.25,1,1,2
"1226","SFREC",2,8,0.25,2,2,2
"1227","SFREC",2,8,0.25,3,1,1
"1228","SFREC",2,8,0.25,4,2,2
"1229","SFREC",2,8,0.25,5,1,2
"1230","SFREC",2,8,0.25,6,2,1
"1231","SFREC",2,8,0.25,7,1,2
"1232","SFREC",2,8,0.25,8,2,1
"1233","SFREC",2,8,0.5,1,1,1
"1234","SFREC",2,8,0.5,2,2,1
"1235","SFREC",2,8,0.5,3,1,2
"1236","SFREC",2,8,0.5,4,2,1
"1237","SFREC",2,8,1,1,1,2
"1238","SFREC",2,8,1,2,2,2
"1239","SFREC",2,8,2,1,4,4
"1240","SFREC",2,8,4,1,NA,NA
"1241","SFREC",3,1,0.25,1,1,1
"1242","SFREC",3,1,0.25,2,2,2
"1243","SFREC",3,1,0.25,3,1,2
"1244","SFREC",3,1,0.25,4,2,1
"1245","SFREC",3,1,0.25,5,2,1
"1246","SFREC",3,1,0.25,6,2,2
"1247","SFREC",3,1,0.25,7,1,2
"1248","SFREC",3,1,0.25,8,2,1
"1249","SFREC",3,1,0.5,1,1,1
"1250","SFREC",3,1,0.5,2,2,1
"1251","SFREC",3,1,0.5,3,1,1
"1252","SFREC",3,1,0.5,4,2,1
"1253","SFREC",3,1,1,1,2,1
"1254","SFREC",3,1,1,2,2,2
"1255","SFREC",3,1,2,1,2,1
"1256","SFREC",3,2,0.25,1,1,2
"1257","SFREC",3,2,0.25,2,2,2
"1258","SFREC",3,2,0.25,3,1,1
"1259","SFREC",3,2,0.25,4,1,2
"1260","SFREC",3,2,0.25,5,1,1
"1261","SFREC",3,2,0.25,6,1,2
"1262","SFREC",3,2,0.25,7,2,1
"1263","SFREC",3,2,0.25,8,2,2
"1264","SFREC",3,2,0.5,1,1,1
"1265","SFREC",3,2,0.5,2,2,1
"1266","SFREC",3,2,0.5,3,2,1
"1267","SFREC",3,2,0.5,4,2,2
"1268","SFREC",3,2,1,1,1,2
"1269","SFREC",3,2,1,2,2,2
"1270","SFREC",3,2,2,1,1,2
"1271","SFREC",3,2,4,1,NA,NA
"1272","SFREC",3,3,0.25,1,1,1
"1273","SFREC",3,3,0.25,2,1,2
"1274","SFREC",3,3,0.25,3,1,1
"1275","SFREC",3,3,0.25,4,1,2
"1276","SFREC",3,3,0.25,5,2,1
"1277","SFREC",3,3,0.25,6,1,2
"1278","SFREC",3,3,0.25,7,2,1
"1279","SFREC",3,3,0.25,8,2,2
"1280","SFREC",3,3,0.5,1,2,1
"1281","SFREC",3,3,0.5,2,2,2
"1282","SFREC",3,3,0.5,3,1,1
"1283","SFREC",3,3,0.5,4,1,2
"1284","SFREC",3,3,1,1,1,1
"1285","SFREC",3,3,1,2,2,1
"1286","SFREC",3,3,2,1,2,3
"1287","SFREC",3,4,0.25,1,1,1
"1288","SFREC",3,4,0.25,2,1,2
"1289","SFREC",3,4,0.25,3,1,2
"1290","SFREC",3,4,0.25,4,2,1
"1291","SFREC",3,4,0.25,5,1,1
"1292","SFREC",3,4,0.25,6,1,2
"1293","SFREC",3,4,0.25,7,1,2
"1294","SFREC",3,4,0.25,8,2,2
"1295","SFREC",3,4,0.5,1,1,1
"1296","SFREC",3,4,0.5,2,2,2
"1297","SFREC",3,4,0.5,3,1,1
"1298","SFREC",3,4,0.5,4,2,2
"1299","SFREC",3,4,1,1,1,2
"1300","SFREC",3,4,1,2,2,2
"1301","SFREC",3,4,2,1,1,4
"1302","SFREC",3,4,4,1,NA,NA
"1303","SFREC",3,5,0.25,1,1,1
"1304","SFREC",3,5,0.25,2,1,2
"1305","SFREC",3,5,0.25,3,2,1
"1306","SFREC",3,5,0.25,4,2,2
"1307","SFREC",3,5,0.25,5,1,1
"1308","SFREC",3,5,0.25,6,1,2
"1309","SFREC",3,5,0.25,7,1,2
"1310","SFREC",3,5,0.25,8,2,2
"1311","SFREC",3,5,0.5,1,1,2
"1312","SFREC",3,5,0.5,2,2,2
"1313","SFREC",3,5,0.5,3,1,2
"1314","SFREC",3,5,0.5,4,2,1
"1315","SFREC",3,5,1,1,1,2
"1316","SFREC",3,5,1,2,2,2
"1317","SFREC",3,5,2,1,4,1
"1318","SFREC",3,6,0.25,1,1,1
"1319","SFREC",3,6,0.25,2,2,1
"1320","SFREC",3,6,0.25,3,2,1
"1321","SFREC",3,6,0.25,4,2,2
"1322","SFREC",3,6,0.25,5,1,1
"1323","SFREC",3,6,0.25,6,1,2
"1324","SFREC",3,6,0.25,7,1,1
"1325","SFREC",3,6,0.25,8,1,2
"1326","SFREC",3,6,0.5,1,1,2
"1327","SFREC",3,6,0.5,2,2,2
"1328","SFREC",3,6,0.5,3,2,1
"1329","SFREC",3,6,0.5,4,2,2
"1330","SFREC",3,6,1,1,1,2
"1331","SFREC",3,6,1,2,2,2
"1332","SFREC",3,6,2,1,3,2
"1333","SFREC",3,6,4,1,NA,NA
"1334","SFREC",3,7,0.25,1,1,1
"1335","SFREC",3,7,0.25,2,2,2
"1336","SFREC",3,7,0.25,3,1,1
"1337","SFREC",3,7,0.25,4,1,2
"1338","SFREC",3,7,0.25,5,1,1
"1339","SFREC",3,7,0.25,6,2,1
"1340","SFREC",3,7,0.25,7,1,2
"1341","SFREC",3,7,0.25,8,2,2
"1342","SFREC",3,7,0.5,1,1,1
"1343","SFREC",3,7,0.5,2,1,2
"1344","SFREC",3,7,0.5,3,2,1
"1345","SFREC",3,7,0.5,4,2,2
"1346","SFREC",3,7,1,1,1,2
"1347","SFREC",3,7,1,2,2,1
"1348","SFREC",3,7,2,1,3,3
"1349","SFREC",3,8,0.25,1,1,2
"1350","SFREC",3,8,0.25,2,2,2
"1351","SFREC",3,8,0.25,3,1,1
"1352","SFREC",3,8,0.25,4,2,2
"1353","SFREC",3,8,0.25,5,1,2
"1354","SFREC",3,8,0.25,6,2,1
"1355","SFREC",3,8,0.25,7,1,2
"1356","SFREC",3,8,0.25,8,2,1
"1357","SFREC",3,8,0.5,1,1,1
"1358","SFREC",3,8,0.5,2,2,1
"1359","SFREC",3,8,0.5,3,1,2
"1360","SFREC",3,8,0.5,4,2,1
"1361","SFREC",3,8,1,1,1,2
"1362","SFREC",3,8,1,2,2,2
"1363","SFREC",3,8,2,1,4,4
"1364","SFREC",3,8,4,1,NA,NA
"1365","SFREC",4,1,0.25,1,1,1
"1366","SFREC",4,1,0.25,2,2,2
"1367","SFREC",4,1,0.25,3,1,2
"1368","SFREC",4,1,0.25,4,2,1
"1369","SFREC",4,1,0.25,5,2,1
"1370","SFREC",4,1,0.25,6,2,2
"1371","SFREC",4,1,0.25,7,1,2
"1372","SFREC",4,1,0.25,8,2,1
"1373","SFREC",4,1,0.5,1,1,1
"1374","SFREC",4,1,0.5,2,2,1
"1375","SFREC",4,1,0.5,3,1,1
"1376","SFREC",4,1,0.5,4,2,1
"1377","SFREC",4,1,1,1,2,1
"1378","SFREC",4,1,1,2,2,2
"1379","SFREC",4,1,2,1,2,1
"1380","SFREC",4,2,0.25,1,1,2
"1381","SFREC",4,2,0.25,2,2,2
"1382","SFREC",4,2,0.25,3,1,1
"1383","SFREC",4,2,0.25,4,1,2
"1384","SFREC",4,2,0.25,5,1,1
"1385","SFREC",4,2,0.25,6,1,2
"1386","SFREC",4,2,0.25,7,2,1
"1387","SFREC",4,2,0.25,8,2,2
"1388","SFREC",4,2,0.5,1,1,1
"1389","SFREC",4,2,0.5,2,2,1
"1390","SFREC",4,2,0.5,3,2,1
"1391","SFREC",4,2,0.5,4,2,2
"1392","SFREC",4,2,1,1,1,2
"1393","SFREC",4,2,1,2,2,2
"1394","SFREC",4,2,2,1,1,2
"1395","SFREC",4,2,4,1,NA,NA
"1396","SFREC",4,3,0.25,1,1,1
"1397","SFREC",4,3,0.25,2,1,2
"1398","SFREC",4,3,0.25,3,1,1
"1399","SFREC",4,3,0.25,4,1,2
"1400","SFREC",4,3,0.25,5,2,1
"1401","SFREC",4,3,0.25,6,1,2
"1402","SFREC",4,3,0.25,7,2,1
"1403","SFREC",4,3,0.25,8,2,2
"1404","SFREC",4,3,0.5,1,2,1
"1405","SFREC",4,3,0.5,2,2,2
"1406","SFREC",4,3,0.5,3,1,1
"1407","SFREC",4,3,0.5,4,1,2
"1408","SFREC",4,3,1,1,1,1
"1409","SFREC",4,3,1,2,2,1
"1410","SFREC",4,3,2,1,2,3
"1411","SFREC",4,4,0.25,1,1,1
"1412","SFREC",4,4,0.25,2,1,2
"1413","SFREC",4,4,0.25,3,1,2
"1414","SFREC",4,4,0.25,4,2,1
"1415","SFREC",4,4,0.25,5,1,1
"1416","SFREC",4,4,0.25,6,1,2
"1417","SFREC",4,4,0.25,7,1,2
"1418","SFREC",4,4,0.25,8,2,2
"1419","SFREC",4,4,0.5,1,1,1
"1420","SFREC",4,4,0.5,2,2,2
"1421","SFREC",4,4,0.5,3,1,1
"1422","SFREC",4,4,0.5,4,2,2
"1423","SFREC",4,4,1,1,1,2
"1424","SFREC",4,4,1,2,2,2
"1425","SFREC",4,4,2,1,1,4
"1426","SFREC",4,4,4,1,NA,NA
"1427","SFREC",4,5,0.25,1,1,1
"1428","SFREC",4,5,0.25,2,1,2
"1429","SFREC",4,5,0.25,3,2,1
"1430","SFREC",4,5,0.25,4,2,2
"1431","SFREC",4,5,0.25,5,1,1
"1432","SFREC",4,5,0.25,6,1,2
"1433","SFREC",4,5,0.25,7,1,2
"1434","SFREC",4,5,0.25,8,2,2
"1435","SFREC",4,5,0.5,1,1,2
"1436","SFREC",4,5,0.5,2,2,2
"1437","SFREC",4,5,0.5,3,1,2
"1438","SFREC",4,5,0.5,4,2,1
"1439","SFREC",4,5,1,1,1,2
"1440","SFREC",4,5,1,2,2,2
"1441","SFREC",4,5,2,1,4,1
"1442","SFREC",4,6,0.25,1,1,1
"1443","SFREC",4,6,0.25,2,2,1
"1444","SFREC",4,6,0.25,3,2,1
"1445","SFREC",4,6,0.25,4,2,2
"1446","SFREC",4,6,0.25,5,1,1
"1447","SFREC",4,6,0.25,6,1,2
"1448","SFREC",4,6,0.25,7,1,1
"1449","SFREC",4,6,0.25,8,1,2
"1450","SFREC",4,6,0.5,1,1,2
"1451","SFREC",4,6,0.5,2,2,2
"1452","SFREC",4,6,0.5,3,2,1
"1453","SFREC",4,6,0.5,4,2,2
"1454","SFREC",4,6,1,1,1,2
"1455","SFREC",4,6,1,2,2,2
"1456","SFREC",4,6,2,1,3,2
"1457","SFREC",4,6,4,1,NA,NA
"1458","SFREC",4,7,0.25,1,1,1
"1459","SFREC",4,7,0.25,2,2,2
"1460","SFREC",4,7,0.25,3,1,1
"1461","SFREC",4,7,0.25,4,1,2
"1462","SFREC",4,7,0.25,5,1,1
"1463","SFREC",4,7,0.25,6,2,1
"1464","SFREC",4,7,0.25,7,1,2
"1465","SFREC",4,7,0.25,8,2,2
"1466","SFREC",4,7,0.5,1,1,1
"1467","SFREC",4,7,0.5,2,1,2
"1468","SFREC",4,7,0.5,3,2,1
"1469","SFREC",4,7,0.5,4,2,2
"1470","SFREC",4,7,1,1,1,2
"1471","SFREC",4,7,1,2,2,1
"1472","SFREC",4,7,2,1,3,3
"1473","SFREC",4,8,0.25,1,1,2
"1474","SFREC",4,8,0.25,2,2,2
"1475","SFREC",4,8,0.25,3,1,1
"1476","SFREC",4,8,0.25,4,2,2
"1477","SFREC",4,8,0.25,5,1,2
"1478","SFREC",4,8,0.25,6,2,1
"1479","SFREC",4,8,0.25,7,1,2
"1480","SFREC",4,8,0.25,8,2,1
"1481","SFREC",4,8,0.5,1,1,1
"1482","SFREC",4,8,0.5,2,2,1
"1483","SFREC",4,8,0.5,3,1,2
"1484","SFREC",4,8,0.5,4,2,1
"1485","SFREC",4,8,1,1,1,2
"1486","SFREC",4,8,1,2,2,2
"1487","SFREC",4,8,2,1,4,4
"1488","SFREC",4,8,4,1,NA,NA
