Row,Site,SiteNo,PlotNo,SubplotNo,SubplotRes,X,Y,BriMaj,AveBar,BroHor,BroDia,TaeCap,StiPul,HypGla,GalPar,CynEch,AgoHet,ClaPur,Torilis,MadSat,LinCil,Bare,Lathyrus,VicSat,LinPar,TriRef,TriWra,TriDon,TriCro,Erodium,TriPlate,AchMil,AnaArv,Lotus,TriWild,TriHir,DicCap,Sidalcea,BroSterilis,SisBel,GalApa,YellowMint,Ranunculus,AirCar,LacSer,GerDis,CroSet,Centaurea,BriMin,NotRanunculus,Unk Forb,AegTri,Gopher,MicCal,Rock,Lupinus,GerMol
1,HREC,1,1,1,2,2,1,,,,,,,,,,,,,,,,,,,,,,,,,,,,,,,1,1,1,,,,,,,,,,,,,,,,,
2,HREC,1,1,1,1,2,1,3,3,2,3,3,3,2,2,2,,2,1,2,,1,,,,1,,,,,,,,,,,,,,,,,,,,,,,,,,,,,,,
3,HREC,1,1,1,0.5,1,1,4,3,2,2,2,2,2,1,2,,2,,,,,,,,,,,,,,,,,,,,,,,,,,,,,,,,,,,,,,,
4,HREC,1,1,1,0.25,1,1,4,3,2,2,2,,,1,,,,,,,,,,,,,,,,,,,,,,,,,,,,,,,,,,,,,,,,,,
5,HREC,1,1,2,0.25,2,2,3,3,2,2,2,2,2,1,,,2,,,,,,,,,,,,,,,,,,,,,,,,,,,,,,,,,,,,,,,
6,HREC,1,1,2,0.5,2,1,3,3,2,2,2,2,2,2,2,,2,,,,,,,,,,,,,,,,,,,,,,,,,,,,,,,,,,,,,,,
7,HREC,1,1,3,0.25,1,2,3,3,2,2,2,,2,2,2,,2,,,,2,,,,,,,,,,,,,,,,,,,,,,,,,,,,,,,,,,,
8,HREC,1,1,4,0.25,2,1,3,3,1,1,2,2,1,2,,,,,,,,,,,,,,,,,,,,,,,,,,,,,,,,,,,,,,,,,,
9,HREC,1,1,2,1,2,2,2,3,,2,4,2,,2,,,,,,,,,,,,,,,,,,,,,,,,,,,,,,,,,,,,,,,,,,
10,HREC,1,1,3,0.5,1,1,2,3,2,2,3,3,2,1,1,,1,2,2,1,1,,2,,1,,,,,,,,,,,1,,,,,,,,,,,,,,,,,,,,
11,HREC,1,1,5,0.25,2,1,2,1,2,2,3,,,,,,,1,,,,,,,,,,,,,,,,,,,,,,,,,,,,,,,,,,,,,,
12,HREC,1,1,6,0.25,2,2,2,2,,2,2,3,,,,,,,,,,,2,,,,,,,,,,,,,,,,,,,,,,,,,,,,,,,,,
13,HREC,1,1,4,0.5,2,1,3,2,2,,3,2,2,2,1,,1,,2,2,,,,,1,,,,,,,,,,,1,,,,,,,,,,,,,,,,,,,,
14,HREC,1,1,7,0.25,1,2,2,3,1,,4,2,,,,,,,,,,,,,,,,,,,,,,,,,,,,,,,,,,,,,,,,,,,,
15,HREC,1,1,8,0.25,2,1,3,2,2,,2,,3,1,,,,,,2,,,,,1,,,,,,,,,,,1,,,,,,,,,,,,,,,,,,,,
16,HREC,1,2,1,2,1,2,,,,,,,,,,,,,,,,,,,,,,,,,,,,,,,,,,,,,,,,,,,,,,,,,,
17,HREC,1,2,1,1,1,2,3,4,2,,3,3,2,2,1,2,2,2,2,,,,2,1,,,1,,1,,2,,,,,1,2,,,,,,,,,,,,,,,,,,,
18,HREC,1,2,1,0.5,1,1,3,4,2,,2,,2,1,,2,2,1,3,,,,,,,,,,1,,3,,,,,,,,,,,,,,,,,,,,,,,,,
19,HREC,1,2,1,0.25,1,2,2,3,1,,2,,,,,,2,,2,,,,,,,,,,,,2,,,,,,,,,,,,,1,,,,,,,,,,,,
20,HREC,1,2,2,0.25,2,2,3,3,2,,2,,2,,,2,,1,,,,,,,,,,,,,2,,,,,,,,,,,,,,,,,,,,,,,,,
21,HREC,1,2,2,0.5,2,1,4,2,2,,3,3,2,1,,2,,2,,,,,1,1,,,,,,,2,,,,,,,,,,,,,,,,,,,,,,,,,
22,HREC,1,2,3,0.25,1,1,4,2,1,,3,2,2,1,,1,,2,,,,,,1,,,,,,,1,,,,,,,,,,,,,,,,,,,,,,,,,
23,HREC,1,2,4,0.25,1,2,3,2,,,2,3,2,,,2,,2,,,,,1,,,,,,,,2,,,,,,,,,,,,,,,,,,,,,,,,,
24,HREC,1,2,2,1,2,2,4,3,2,,3,2,2,1,1,2,2,2,1,2,,,1,,,,1,,,,,1,,,,1,1,,,,,,,,,,,,,,,,,,,
25,HREC,1,2,3,0.5,2,1,3,3,2,,3,2,1,1,,2,2,2,,1,,,,,,,,,,,,,,,,1,,,,,,,,,,,,,,,,,,,,
26,HREC,1,2,5,0.25,1,1,3,3,2,,1,,,1,,1,1,2,,,,,,,,,,,,,,,,,,,,,,,,,,,,,,,,,,,,,,
27,HREC,1,2,6,0.25,1,2,3,2,2,,2,3,1,,,,2,,,,,,,,,,,,,,,,,,,1,,,,,,,,,,,,,,,,,,,,
28,HREC,1,2,4,0.5,2,2,3,2,2,,2,3,2,1,,,,,,1,,,1,,,,1,,,,,1,,,,,2,,,,,,,,,,,,,,,,,,,
29,HREC,1,2,7,0.25,2,1,3,3,2,,2,,1,,,1,,,2,1,,,1,,,,1,,,,,,,,,,2,,,,,,,,,,,,,,,,,,,
30,HREC,1,2,8,0.25,2,2,3,2,2,,,3,1,1,,,,,,1,,,,,,,,,,,,1,,,,,,,,,,,,,,,,,,,,,,,,
31,HREC,1,2,1,4,1,1,,,,,,,,,,,,,,,,,,,,,,,,,,,,,,,,,,1,,,,,,,,,,,,,,,,
32,HREC,1,3,1,2,2,3,,,,,,,,,,,,,,,,,2,,,,,,1,,,1,,,,,,,,,,,,,,,,,,,,,,,,
33,HREC,1,3,1,1,1,1,3,3,3,1,2,3,2,1,,1,2,1,1,2,,,2,1,,,,,,,,,,,,1,,,2,2,,,,,,,,,,,,,,,,
34,HREC,1,3,1,0.5,2,1,3,4,3,1,2,3,1,1,,,2,1,,2,,,2,1,,,,,,,,,,,,2,,,,1,,,,,,,,,,,,,,,,
35,HREC,1,3,1,0.25,1,1,4,2,2,,2,2,2,,,,,,,2,,,1,2,,,,,,,,,,,,1,,,,,,,,,,,,,,,,,,,,
36,HREC,1,3,2,0.25,1,2,1,4,2,1,2,,,,,,,1,,2,,,2,,,,,,,,,,,,,,,,,,,,,,,,,,,,,,,,,
37,HREC,1,3,2,0.5,2,2,3,4,2,,3,3,2,1,,,1,,,1,,,2,,,,,,,,,,,,,,,,2,1,,,,,,,,,,,,,,,,
38,HREC,1,3,3,0.25,1,1,3,4,2,,2,3,2,1,,,,,,,,,1,,,,,,,,,,,,,,,,1,,,,,,,,,,,,,,,,,
39,HREC,1,3,4,0.25,1,2,2,3,2,,2,2,3,,,,,,,1,,,1,,,,,,,,,,,,,,,,,,,,,,,,,,,,,,,,,
40,HREC,1,3,2,1,2,1,3,3,2,,3,3,3,2,,,,1,,,,,,,1,1,,1,,,,,,,,1,,,,1,,,,,,,,,,,,,,,,
41,HREC,1,3,3,0.5,1,1,2,2,2,,2,4,1,1,1,,,1,,,,,,,,,,,,,,,,,,1,,,,1,,,,,,,,,,,,,,,,
42,HREC,1,3,5,0.25,2,1,2,3,2,,2,3,,1,,,,1,,,,,,,,,,,,,,,,,,1,,,,,,,,,,,,,,,,,,,,
43,HREC,1,3,6,0.25,1,2,2,1,2,,2,4,,1,,,,1,,,,,1,,,,,,,,,,,,,,,,,1,,,,,,,,,,,,,,,,
44,HREC,1,3,4,0.5,1,2,2,3,3,,3,2,2,,1,,,,,,,,1,,1,1,,1,,,,,,,,,,,,,,,,,,,,,,,,,,,,
45,HREC,1,3,7,0.25,2,1,3,4,3,,2,,1,,,,,,,,,,,,,1,,,,,,,,,,,,,,,,,,,,,,,,,,,,,,
46,HREC,1,3,8,0.25,2,2,2,2,3,,3,2,,,1,,,,,,,,,,,,,1,,,,,,,,,,,,,,,,,,,,,,,,,,,,
47,HREC,1,4,1,2,1,4,,,,,,,,,,,,,,,,,,,,,,,,,,,,,,,,,,,,,,,,,,,,,,,,,,
48,HREC,1,4,1,1,1,2,4,3,1,,4,3,3,1,1,1,1,1,2,,,,2,2,,,,,,1,2,1,,,,1,1,,,,,,,,,,,,,,,,,,,
49,HREC,1,4,1,0.5,1,1,4,2,1,,3,3,2,1,1,,,,2,,,,1,2,,,,,,1,2,1,,,,1,,,,,,,,,,,,,,,,,,,,
50,HREC,1,4,1,0.25,1,1,4,1,,,2,2,2,,1,,,,,,,,1,1,,,,,,,1,1,,,,,,,,,,,,,,,,,,,,,,,,
51,HREC,1,4,2,0.25,1,2,4,2,1,,3,3,2,,2,,,,,,,,,1,,,,,,,2,,,,,,,,,,,,,,,,,,,,,,,,,
52,HREC,1,4,2,0.5,2,2,4,3,1,,3,3,2,1,,,1,1,2,,,,1,1,,,,,,,,,,,,,1,,,,,,,,,,,,,,,,,,,
53,HREC,1,4,3,0.25,1,2,3,2,,,3,,3,1,,,,,1,,,,,1,,,,,,,,,,,,,,,,,,,,,,,,,,,,,,,,
54,HREC,1,4,4,0.25,2,1,4,3,2,,4,,2,1,,,1,,2,,,,1,,,,,,,,,,,,,,1,,,,,,,,,,,,,,,,,,,
55,HREC,1,4,2,1,2,2,4,3,2,,5,3,2,1,,,1,1,3,,,,2,2,,,,,2,1,1,1,,,,1,,,,,2,1,,,,,,,,,,,,,,
56,HREC,1,4,3,0.5,1,1,3,2,2,,4,3,2,1,,,1,1,2,,,,2,1,,,,,2,1,2,2,,,,1,,,,,1,,,,,,,,,,,,,,,
57,HREC,1,4,5,0.25,1,1,4,2,,,4,,,,,,,,1,,,,2,1,,,,,,,,,,,,,,,,,1,,,,,,,,,,,,,,,
58,HREC,1,4,6,0.25,1,2,3,2,,,3,3,1,1,,,,,2,,,,2,1,,,,,,,,,,,,,,,,,,,,,,,,,,,,,,,,
59,HREC,1,4,4,0.5,2,2,4,2,2,,4,3,2,1,,,,1,3,,,,1,,,,,,2,1,1,2,,,,,,,,,,,,,,,,,,,,,,,,
60,HREC,1,4,7,0.25,1,2,4,3,2,,3,2,2,1,,,,1,3,,,,,,,,,,1,,2,,,,,,,,,,,,,,,,,,,,,,,,,
61,HREC,1,4,8,0.25,2,2,4,2,,,3,3,,1,,,,,3,,,,,,,,,,2,1,,2,,,,,,,,,,,,,,,,,,,,,,,,
62,HREC,1,4,1,4,1,2,,,,,,,,,,,,,,1,,,,,,,,,,,,,,,,,,,1,,,,1,,,,,,,,,,,,,
63,HREC,1,5,1,2,4,1,,,,,,,,,,,,,,,,,,,,,,,,,,,,,,,,,,,,,,,,,,,,,,,,,,
64,HREC,1,5,1,1,1,2,2,4,2,2,3,3,2,1,1,2,2,1,,1,,1,,,1,,,,1,1,1,1,,,,,,,,2,,,,1,,,,,,,,,,,,
65,HREC,1,5,1,0.5,1,2,2,4,2,2,3,3,,,,1,,1,,,,,,,1,,,,1,,,1,,,,,,,,,,,,,,,,,,,,,,,,
66,HREC,1,5,1,0.25,1,1,1,4,2,,2,,,,,1,,1,,,,,,,,,,,1,,,1,,,,,,,,,,,,,,,,,,,,,,,,
67,HREC,1,5,2,0.25,1,2,,3,,3,2,3,,,,,,,,,,,,,,,,,,,,,,,,,,,,,,,,,,,,,,,,,,,,
68,HREC,1,5,2,0.5,2,2,2,3,2,3,3,3,2,1,,,,,,,,,,,,,,,,1,,,,,,,,,,2,,,,1,,,,,,,,,,,,
69,HREC,1,5,3,0.25,2,1,2,2,2,3,2,,3,1,,,,,,,,,,,,,,,,,,,,,,,,,,2,,,,1,,,,,,,,,,,,
70,HREC,1,5,4,0.25,2,2,2,3,2,2,3,,2,1,,,,,,,,,,,,,,,,1,,,,,,,,,,,,,,,,,,,,,,,,,,
71,HREC,1,5,2,1,2,2,2,2,2,3,,3,3,2,,1,1,2,2,,,1,,,1,,,,1,,2,2,,,,1,,,,1,,,,1,1,,,,,,,,,,,
72,HREC,1,5,3,0.5,1,2,2,2,1,3,,2,3,1,,,1,,2,,,1,,,,,,,1,,3,2,,,,,,,,1,,,,,1,,,,,,,,,,,
73,HREC,1,5,5,0.25,1,1,2,2,,3,,,3,2,,,,,,,,1,,,,,,,1,,3,,,,,,,,,,,,,,1,,,,,,,,,,,
74,HREC,1,5,6,0.25,1,2,2,2,1,3,,3,3,1,,,,,2,,,,,,,,,,,,2,,,,,,,,,,,,,,,,,,,,,,,,,
75,HREC,1,5,4,0.5,2,1,2,3,2,3,,,2,1,,,,2,,,,,,,,,,,,,2,2,,,,1,,,,2,,,,,,,,,,,,,,,,
76,HREC,1,5,7,0.25,1,2,,2,1,3,,,2,,,,,,,,,,,,,,,,,,,,,,,,,,,,,,,,,,,,,,,,,,,
77,HREC,1,5,8,0.25,2,2,,2,1,4,,,2,,,,,,,,,,,,,,,,,,,1,,,,1,,,,,,,,,,,,,,,,,,,,
78,HREC,1,6,1,2,3,2,,,,,,,,,,,,,,,,,,,,,,,,,,,,,,,,,,,,,,,,,,,,,,,,,,
79,HREC,1,6,1,1,1,2,2,4,3,3,4,2,2,1,1,1,1,2,2,,,1,,,2,,,,,1,1,1,,,,1,,,,1,,,,,,,,,,,,,,,,
80,HREC,1,6,1,0.5,1,2,1,3,3,,3,,2,1,,1,1,,,,,,,,,,,,,,,,,,,1,,,,,,,,,,,,,,,,,,,,
81,HREC,1,6,1,0.25,1,1,,3,2,,3,,1,,,1,,,,,,,,,,,,,,,,,,,,,,,,,,,,,,,,,,,,,,,,
82,HREC,1,6,2,0.25,2,1,,3,3,,3,,,1,,,2,1,,,,,,,,,,,,,,,,,,,,,,,,,,,,,,,,,,,,,,
83,HREC,1,6,2,0.5,2,2,1,4,2,2,3,2,2,1,,,,1,2,,,,,,1,,,,,,,,,,,,,,,2,,,,,,,,,,,,,,,,
84,HREC,1,6,3,0.25,2,1,1,3,2,2,3,,2,1,,,,,,,,,,,,,,,,,,,,,,,,,,,,,,,,,,,,,,,,,,
85,HREC,1,6,4,0.25,2,2,,4,1,,2,,2,1,,,,1,,,,,,,1,,,,,,,,,,,,,,,2,,,,,,,,,,,,,,,,
86,HREC,1,6,2,1,2,2,1,3,2,3,3,2,3,2,1,,2,,2,,,1,,1,,,,,1,,1,2,,,,,1,,,2,,,,,,,,,,,,,,,,
87,HREC,1,6,3,0.5,2,1,,3,2,3,2,2,2,2,1,,1,,3,,,1,,1,,,,,,,1,1,,,,,,,,2,,,,,,,,,,,,,,,,
88,HREC,1,6,5,0.25,1,1,,3,1,3,,,,,1,,2,,3,,,,,,,,,,,,,,,,,,,,,,,,,,,,,,,,,,,,,
89,HREC,1,6,6,0.25,1,2,,3,2,2,2,2,,2,,,,,2,,,,,1,,,,,,,1,,,,,,,,,,,,,,,,,,,,,,,,,
90,HREC,1,6,4,0.5,2,2,1,3,2,2,2,2,3,2,1,,1,,,,,,,,,,,,1,,,2,,,,,1,,,2,,,,,,,,,,,,,,,,
91,HREC,1,6,7,0.25,1,1,,3,2,2,2,,2,1,,,,,,,,,,,,,,,,,,,,,,,,,,,,,,,,,,,,,,,,,,
92,HREC,1,6,8,0.25,1,2,1,2,2,1,2,2,3,1,,,1,,,,,,,,,,,,1,,,,,,,,1,,,2,,,,,,,,,,,,,,,,
93,HREC,1,6,1,4,2,1,,,,,,,,,,,,,,,,,,,,,,,,,,,,,,,,,,,,,,,,,,,,,,,,,,
94,HREC,1,7,1,2,3,3,,,,,,,,,,,,,,,,,,,,,,,,,,,,,,,,,,,,,,,,,,,,,,,,,,
95,HREC,1,7,1,1,1,2,3,3,2,1,4,2,3,2,1,,2,1,2,,,1,,,1,,,,,,,1,,,,,,,,,,,,,,,,,,,,,,,,
96,HREC,1,7,1,0.5,1,1,2,2,2,3,4,,3,2,,,2,,,,,,,,,,,,,,,,,,,,,,,,,,,,,,,,,,,,,,,
97,HREC,1,7,1,0.25,1,1,2,2,3,3,2,,3,1,,,,,,,,,,,,,,,,,,,,,,,,,,,,,,,,,,,,,,,,,,
98,HREC,1,7,2,0.25,2,2,2,2,,,4,,,1,,,,,,,,,,,,,,,,,,,,,,,,,,,,,,,,,,,,,,,,,,
99,HREC,1,7,2,0.5,1,2,2,3,2,,4,,3,2,1,,2,1,,,,,,,1,,,,,,,2,,,,,,,,,,,,,,,,,,,,,,,,
100,HREC,1,7,3,0.25,1,1,2,2,,,4,,3,2,1,,2,,,,,,,,1,,,,,,,2,,,,,,,,,,,,,,,,,,,,,,,,
101,HREC,1,7,4,0.25,1,2,2,2,2,,4,,3,1,,,2,1,,,,,,,,,,,,,,,,,,,,,,,,,,,,,,,,,,,,,,
102,HREC,1,7,2,1,2,1,2,4,2,3,4,2,4,2,2,2,2,1,3,,2,1,,,1,,,,,1,,,,,,,2,,,2,,,1,,,,,,,,,,,,,
103,HREC,1,7,3,0.5,2,1,1,3,2,2,3,2,4,1,1,,2,1,2,,,1,,,,,,,,1,,,,,,,,,,2,,,1,,,,,,,,,,,,,
104,HREC,1,7,5,0.25,1,1,,2,2,2,3,,3,,,,1,,,,,,,,,,,,,,,,,,,,,,,2,,,,,,,,,,,,,,,,
105,HREC,1,7,6,0.25,2,1,,3,1,2,2,,4,1,,,,1,,,,1,,,,,,,,,,,,,,,,,,1,,,1,,,,,,,,,,,,,
106,HREC,1,7,4,0.5,2,2,2,3,2,2,4,,3,2,,,,,2,,,,,,,,,,,,,,,,,,,,,,,,,,,,,,,,,,,,,
107,HREC,1,7,7,0.25,1,2,1,1,3,,4,,2,2,,,,,,,,,,,,,,,,,,,,,,,,,,,,,,,,,,,,,,,,,,
108,HREC,1,7,8,0.25,2,2,,3,2,,3,,2,2,,,,,,,,,,,,,,,,,,,,,,,,,,,,,,,,,,,,,,,,,,
109,HREC,1,8,1,2,4,4,,,,,,,,,,,,1,,,,,,,,,,,,,,,,,,,,,,,,,,,,,,,,,,,,,,
110,HREC,1,8,1,1,1,2,2,4,2,,3,2,3,2,,1,2,,2,,2,2,,,,,,,,1,1,,,,,,,,,2,,,,1,,,1,,,,,,,,,
111,HREC,1,8,1,0.5,1,1,2,3,3,,3,1,2,1,,,2,,3,,3,1,,,,,,,,,1,,,,,,,,,2,,,,,,,,,,,,,,,,
112,HREC,1,8,1,0.25,1,2,,1,2,,3,,,,,,1,,1,,,,,,,,,,,,,,,,,,,,,1,,,,,,,,,,,,,,,,
113,HREC,1,8,2,0.25,2,2,1,4,2,,2,,2,1,,,,,,,,,,,,,,,,,,,,,,,,,,2,,,,,,,,,,,,,,,,
114,HREC,1,8,2,0.5,2,1,2,4,2,,3,,2,2,,1,2,,2,,,2,,,,,,,,1,,,,,,,,,,2,,,,1,,,2,,,,,,,,,
115,HREC,1,8,3,0.25,1,1,2,4,2,,2,,2,1,,,,,,,,,,,,,,,,,,,,,,,,,,,,,,1,,,,,,,,,,,,
116,HREC,1,8,4,0.25,2,2,1,3,2,,2,,2,,,1,,,3,,,2,,,,,,,,1,,,,,,,,,,,,,,2,,,,,,,,,,,,
117,HREC,1,8,2,1,2,2,2,4,2,,3,,4,2,,1,1,,3,,1,1,,,,,,,2,,,2,,,,,,,,1,,,,,,1,1,,,,,,,,,
118,HREC,1,8,3,0.5,1,2,2,3,2,,3,,4,2,,1,,,3,,,1,,,,,,,2,,,,,,,,,,,1,,,,,,,,,,,,,,,,
119,HREC,1,8,5,0.25,1,2,2,3,2,,3,,3,1,,1,,,2,,,,,,,,,,,1,,,,,,,,,,1,,,,,,,,,,,,,,,,
120,HREC,1,8,6,0.25,2,1,2,3,2,,2,,4,2,,,,,3,,,1,,,,,,,,,,,,,,,,,,,,,,,,,,,,,,,,,,
121,HREC,1,8,4,0.5,2,1,2,4,2,,3,,3,2,,1,1,,2,,,,,,,,,,1,,,2,,,,,,,,,,,,,,,,,,,,,,,,
122,HREC,1,8,7,0.25,1,2,,3,1,,,,3,,,1,1,,2,,,,,,,,,,,,,1,,,,,,,,,,,,,,,,,,,,,,,,
123,HREC,1,8,8,0.25,2,1,2,3,2,,2,,,2,,2,,,,,,,,,,,,,1,,,2,,,,,,,,,,,,,,,,,,,,,,,,
124,HREC,1,8,1,4,2,2,,,,,,,,,,,,,,1,,,,1,,,,,,,,,,,,,,,,,,1,,,,,,,,,,,,,,
125,HREC,2,8,1,2,4,4,,,,,,1,,,,,,,1,,,,,,,,,,,,,,,,,,,,,,,,1,,,,,,,,,,,,,
126,HREC,2,8,1,1,1,2,2,3,2,2,4,,2,2,,2,2,1,,,,2,,,,,,,1,1,1,1,3,,,,2,,,,,,,,,1,,1,,2,,,,,,
127,HREC,2,8,1,0.5,1,1,2,3,3,1,4,,1,2,,1,2,,,,,3,,,,,,,,,1,,2,,,,1,,,,,,,,,1,,1,,,,,,,,
128,HREC,2,8,1,0.25,1,2,2,3,3,,4,,,2,,,3,,,,,2,,,,,,,,,,,,,,,1,,,,,,,,,,,,,,,,,,,
129,HREC,2,8,2,0.25,2,2,,2,3,1,4,,,2,,1,,,,,,3,,,,,,,,,,,3,,,,,,,,,,,,,,,,,,,,,,,
130,HREC,2,8,2,0.5,2,1,,3,2,,4,,2,2,,,,1,,,,3,,,,,,,,,1,1,2,,,,,,,,,,,,,,,,,2,,,,,,
131,HREC,2,8,3,0.25,1,1,,3,2,,4,,,1,,,,,,,,3,,,,,,,,,,,,,,,,,,,,,,,,,,,,,,,,,,
132,HREC,2,8,4,0.25,2,2,,3,2,,3,,2,2,,,,1,,,,3,,,,,,,,,2,1,2,,,,,,,,,,,,,,,,,1,,,,,,
133,HREC,2,8,2,1,2,2,2,3,2,2,3,,3,2,,2,2,,1,1,,2,,,,,,,2,1,2,1,2,1,,1,,,,,,,,,,,,,2,,,,,,,
134,HREC,2,8,3,0.5,1,2,2,3,2,2,3,,4,2,,2,2,,1,1,,3,,,,,,,2,1,,1,2,,,1,,,,,,,,,,,,,2,,,,,,,
135,HREC,2,8,5,0.25,1,2,,3,2,1,3,,2,1,,1,,,1,1,,2,,,,,,,,,,1,3,,,,,,,,,,,,,,,,,,,,,,,
136,HREC,2,8,6,0.25,2,1,,3,,,1,,4,2,,1,2,,,,,2,,,,,,,2,,,,,,,,,,,,,,,,,,,,,,,,,,,
137,HREC,2,8,4,0.5,2,1,,3,1,,3,,2,2,,1,1,,,,,2,,,,,,,1,,1,,1,,,,,,,,,,,,,,,,,,,,,,,
138,HREC,2,8,7,0.25,1,2,,3,,,3,,2,2,,1,2,,,,,2,,,,,,,1,,2,,,,,,,,,,,,,,,,,,,,,,,,,
139,HREC,2,8,8,0.25,2,1,,3,,,3,,2,2,,1,,,,,,2,,,,,,,1,,,,,,,,,,,,,,,,,,,,,,,,,,,
140,HREC,2,7,1,2,3,3,,,,,,,,,,,,,,,,,,,,,,,,,,,,,,,,,,,,1,,,,,,,,,,,,,,
141,HREC,2,7,1,1,1,2,2,3,3,,5,2,2,2,,2,1,,2,1,,2,,,,,,,,2,1,2,2,,,,,,,,,,,,,,,,,,,,,,,
142,HREC,2,7,1,0.5,1,1,2,3,3,,4,,2,2,,,2,,2,,,2,,,,,,,,,1,2,2,,,,,,,,,,,,,,,,,,,,,,,
143,HREC,2,7,1,0.25,1,1,,3,3,,4,,2,2,,,2,,,,,1,,,,,,,,,,1,2,,,,,,,,,,,,,,,,,,,,,,,
144,HREC,2,7,2,0.25,2,2,3,2,3,,4,,1,2,,,,,2,,,2,,,,,,,,,1,1,1,,,,,,,,,,,,,,,,,,,,,,,
145,HREC,2,7,2,0.5,1,2,2,3,3,,4,,2,1,,2,,,,,,2,,,,,,,,,,1,,,,,,,,,,,,,,,,,,,,,,,,
146,HREC,2,7,3,0.25,1,1,2,3,3,,5,,,,,1,,,,,,,,,,,,,,,,,,,,,,,,,,,,,,,,,,,,,,,,
147,HREC,2,7,4,0.25,1,2,2,3,2,,3,,2,,,1,,,,,,1,,,,,,,,,,,,,,,,,,,,,,,,,,,,,,,,,,
148,HREC,2,7,2,1,2,1,2,2,3,,4,,2,2,2,2,2,1,1,,,2,,,,,,,1,2,,,,1,,,2,,,,,,,,,,,,,,,,,,,
149,HREC,2,7,3,0.5,2,1,2,2,3,,4,,2,1,,2,2,1,,,,3,,,,,,,1,2,,,,,,,1,,,,,,,,,,,,,,,,,,,
150,HREC,2,7,5,0.25,1,1,2,2,3,,3,,2,1,,1,,1,,,,2,,,,,,,,,,,,,,,,,,,,,,,,,,,,,,,,,,
151,HREC,2,7,6,0.25,2,1,3,2,2,,3,,2,1,,2,,,,,,2,,,,,,,,,,,,,,,1,,,,,,,,,,,,,,,,,,,
152,HREC,2,7,4,0.5,2,2,2,2,3,,5,,,1,1,1,2,,2,,,2,,,,,,,,,,,1,1,,,,,,,,,,,,,,,,,,,,,,
153,HREC,2,7,7,0.25,1,2,2,2,2,,4,,,1,,,2,,,,,2,,,,,,,,,,,,,,,,,,,,,,,,,,,,,,,,,,
154,HREC,2,7,8,0.25,2,2,3,2,2,,4,,,1,,1,,,2,,,2,,,,,,,,,,,,1,,,,,,,,,,,,,,,,,,,,,,
155,HREC,2,6,1,2,3,2,,,,,,,,,,,,,,,,,,,,,,,,,,,,,,,,,,,,,,,,,,,,,,,,,,
156,HREC,2,6,1,1,1,2,3,3,2,2,4,3,2,2,1,2,1,1,,1,3,2,,,,,,,1,1,,2,2,,,,1,,,,,,1,,,,,,,1,,,,,,
157,HREC,2,6,1,0.5,1,2,2,2,2,2,3,,,1,,2,,1,,1,5,,,,,,,,1,,,2,,,,,1,,,,,,2,,,,,,,1,,,,,,
158,HREC,2,6,1,0.25,1,1,2,2,2,,3,,,2,,2,,,,1,5,,,,,,,,1,,,,,,,,1,,,,,,,,,,,,,2,,,,,,
159,HREC,2,6,2,0.25,2,1,3,2,2,2,3,,,,,2,,,,,4,,,,,,,,,,,2,,,,,,,,,,,,,,,,,,,,,,,,
160,HREC,2,6,2,0.5,2,2,2,3,2,2,4,3,2,1,1,2,,,,,,2,,,,,,,,,,2,1,,,,,,,,,,,,,,,,,,,,,,,
161,HREC,2,6,3,0.25,2,1,2,3,2,2,4,,2,,1,,,,,,,1,,,,,,,,,,2,,,,,,,,,,,,,,,,,,,,,,,,
162,HREC,2,6,4,0.25,2,2,1,2,3,,4,,1,1,,1,,,,,,2,,,,,,,,,,,1,,,,,,,,,,,,,,,,,,,,,,,
163,HREC,2,6,2,1,2,2,5,2,2,3,3,3,3,2,,2,,1,1,1,,3,,,1,,,,,2,,2,1,,,,,,,,,,,,,,,1,,,,,,,,
164,HREC,2,6,3,0.5,2,1,4,2,2,2,2,3,3,2,,2,,1,,,,3,,,,,,,,,,2,1,,,,,,,,,,,,,,,1,,,,,,,,
165,HREC,2,6,5,0.25,1,1,3,1,2,1,2,,3,2,,,,,,,,2,,,,,,,,,,1,,,,,,,,,,,,,,,,,,,,,,,,
166,HREC,2,6,6,0.25,1,2,4,2,2,2,2,4,3,2,,2,,,,,,2,,,,,,,,,,2,1,,,,,,,,,,,,,,,,,,,,,,,
167,HREC,2,6,4,0.5,2,2,5,1,2,3,2,4,2,2,,1,,,,1,,3,,,,,,,,,,2,1,,,,,,,,,,,,,,,,,,,,,,,
168,HREC,2,6,7,0.25,1,1,3,,2,2,2,5,2,2,,,,,,,,2,,,,,,,,,,,1,,,,,,,,,,,,,,,,,,,,,,,
169,HREC,2,6,8,0.25,1,2,4,1,2,3,2,4,2,2,,,,,,,,2,,,,,,,,,,1,,,,,,,,,,,,,,,,,,,,,,,,
170,HREC,2,6,2,4,2,1,,,,,,,,,,,,,,,,,,,,,,,,,,,,,,,,,,,,,,,,,1,,,,,,,,,
171,HREC,2,5,1,2,4,1,,,,,,,,,,,,,,,,,,,,,,,,,,,,,,,,,,,,,,,,,,,,,,,,,,
172,HREC,2,5,1,1,1,2,2,3,3,,4,,3,2,,1,2,,,,3,2,,,,,,,1,1,1,1,,,,,1,,2,1,,,,2,,,,,,,2,3,,,,
173,HREC,2,5,1,0.5,1,2,2,2,3,,4,,3,2,,1,2,,,,,2,,,,,,,1,,,1,,,,,,,3,1,,,,3,,,,,,,2,,,,,
174,HREC,2,5,1,0.25,1,1,2,1,3,,3,,,1,,,,,,,,2,,,,,,,,,,,,,,,,,4,,,,,,,,,,,,,,,,,
175,HREC,2,5,2,0.25,1,2,,2,3,,4,,3,2,,1,,,,,,,,,,,,,1,,,1,,,,,,,,,,,,3,,,,,,,,,,,,
176,HREC,2,5,2,0.5,2,2,2,3,2,,3,,2,,,,,,,,4,3,,,,,,,1,1,1,1,,,,,1,,,,,,,,,,,,,,1,4,,,,
177,HREC,2,5,3,0.25,2,1,,,,,,,,,,,,,,,7,,,,,,,,,,,,,,,,1,,,,,,,,,,,,,,,7,,,,
178,HREC,2,5,4,0.25,2,2,3,2,2,,,,2,,,,,,,,,3,,,,,,,,1,,1,,,,,1,,,,,,,,,,,,,,1,,,,,
179,HREC,2,5,2,1,2,2,3,3,3,1,4,1,4,2,,2,2,1,,,2,2,,,,,,,,2,1,1,1,,,,,,,,1,,,,,,1,1,,,1,2,,,,
180,HREC,2,5,3,0.5,1,2,3,3,2,,4,,3,1,,,,,,,2,2,,,,,,,,1,1,1,,,,,,,,,1,,,,,,1,1,,,1,2,,,,
181,HREC,2,5,5,0.25,1,1,3,2,3,,2,,2,,,,,,,,3,2,,,,,,,,1,,,,,,,,,,,,,,,,,2,,,,,3,,,,
182,HREC,2,5,6,0.25,1,2,2,2,2,,3,,3,,,,,,,,,3,,,,,,,,,1,1,,,,,,,,,1,,,,,,,,,,1,,,,,
183,HREC,2,5,4,0.5,2,1,2,2,2,,4,,4,2,,1,,1,,,,2,,,,,,,,,,,1,,,,,,,,,,,,,,,1,,,,,,,,
184,HREC,2,5,7,0.25,1,2,3,2,2,,3,,4,1,,,,,,,,2,,,,,,,,,,,,,,,,,,,,,,,,,,1,,,,,,,,
185,HREC,2,5,8,0.25,2,2,2,2,1,,3,,,,,1,,,,,,2,,,,,,,,,,,2,,,,,,,,,,,,,,,,,,,,,,,
186,HREC,2,4,1,2,1,4,,,,,,,,,,,,,,,,,,,,1,,,,,,,,,,,1,,,,,,,,,,,,,,,,,,,
187,HREC,2,4,1,1,1,2,4,3,2,,4,3,1,2,1,,1,2,2,,2,2,,,,,,,,2,1,2,1,,1,1,,,1,,,,,,,1,,,,,1,2,2,,,
188,HREC,2,4,1,0.5,1,1,3,3,2,,4,2,,1,,,1,1,,,,2,,,,,,,,2,1,1,,,1,,,,,,,,,,,,,,,,,,,,,
189,HREC,2,4,1,0.25,1,1,3,4,2,,3,,,1,,,,1,,,,1,,,,,,,,1,,,,,,,,,,,,,,,,,,,,,,,,,,
190,HREC,2,4,2,0.25,1,2,3,3,1,,3,,,1,,,,1,,,,,,,,,,,,,1,1,,,,,,,,,,,,,,,,,,,,,,,,
191,HREC,2,4,2,0.5,2,2,3,3,2,,4,4,,2,,,,2,,,3,1,,,,,,,,1,1,2,,,,1,,,1,,,,,,,1,,,,,,3,1,,,
192,HREC,2,4,3,0.25,1,2,3,3,1,,3,4,,1,,,,,,,,1,,,,,,,,,,2,,,,,,,2,,,,,,,,,,,,,,,,,
193,HREC,2,4,4,0.25,2,1,2,3,1,,3,,,2,,,,,,,3,1,,,,,,,,1,1,1,,,,,,,,,,,,,,1,,,,,,3,,,,
194,HREC,2,4,2,1,2,2,3,3,2,,4,2,1,2,1,,,2,,2,2,2,,,,,,,,1,1,2,,,,,,,,,,,,,,,,,2,,,,,,,
195,HREC,2,4,3,0.5,1,1,3,3,1,,4,2,,2,,,,1,,,2,2,,,,,,,,1,,2,,,,,,,,,,,,,,,,,,,,,,,,
196,HREC,2,4,5,0.25,1,1,3,4,1,,3,,,,,,,2,,,2,2,,,,,,,,,,,,,,,,,,,,,,,,,,,,,,,,,,
197,HREC,2,4,6,0.25,1,2,2,3,,,4,3,,2,,,,,,,2,,,,,,,,,,,1,,,,,,,,,,,,,,,,,,,,,,,,
198,HREC,2,4,4,0.5,2,2,3,2,2,,4,2,1,1,1,,,1,,1,,2,,,,,,,,,1,2,,,,,,,,,,,,,,,,,2,,,,,,,
199,HREC,2,4,7,0.25,1,2,1,3,2,,3,,,1,,,,,,1,,1,,,,,,,,,,,,,,,,,,,,,,,,,,,2,,,,,,,
200,HREC,2,4,8,0.25,2,2,2,3,,,3,2,,,1,,,1,,1,,,,,,,,,,,1,2,,,,,,,,,,,,,,,,,2,,,,,,,
201,HREC,2,4,1,4,1,2,,,,,,,,,,,,,,,,,,,,,,,,,,,,,,,,,,,,1,,,,,,,,,,,,,,
202,HREC,2,3,1,2,2,3,,,,,,,,,,,,,1,,,,,,,,,,,,,,,,,,,,,,,,,,,,,,,,,,,,,
203,HREC,2,3,1,1,1,1,2,3,1,,4,2,2,2,,2,2,,,,,2,,,,,,,,1,2,1,1,,,,,,,1,,,,,,,,,,,,,,,,
204,HREC,2,3,1,0.5,2,1,2,3,1,,4,,2,2,,2,2,,,,,2,,,,,,,,1,2,1,1,,,,,,,,,,,,,,,,,,,,,,,
205,HREC,2,3,1,0.25,1,1,2,3,,,4,,1,2,,,2,,,,,2,,,,,,,,,,,,,,,,,,,,,,,,,,,,,,,,,,
206,HREC,2,3,2,0.25,1,2,,3,1,,3,,1,,,1,1,,,,,2,,,,,,,,1,1,,,,,,,,,,,,,,,,,,,,,,,,,
207,HREC,2,3,2,0.5,2,2,2,3,1,,4,2,2,2,,2,2,,,,,2,,,,,,,,,2,1,,,,,,,,,,,,,,,,,,,,,,,,
208,HREC,2,3,3,0.25,1,1,2,2,1,,4,,2,2,,2,,,,,,2,,,,,,,,,3,,,,,,,,,,,,,,,,,,,,,,,,,
209,HREC,2,3,4,0.25,1,2,2,2,1,,4,3,2,,,2,,,,,,2,,,,,,,,,,2,,,,,,,,,,,,,,,,,,,,,,,,
210,HREC,2,3,2,1,2,1,2,2,3,,4,3,2,2,,1,2,,,2,,1,,,,,,,,,1,1,2,,,1,,,,,,,,,,,,,,,,,,,,
211,HREC,2,3,3,0.5,1,1,1,2,2,,4,5,2,2,,,2,,,,,,,,,,,,,,,2,,,,1,,,,,,,,,,,,,,,,,,,,
212,HREC,2,3,5,0.25,2,1,,3,1,,3,4,2,2,,,,,,,,,,,,,,,,,,,,,,1,,,,,,,,,,,,,,,,,,,,
213,HREC,2,3,6,0.25,1,2,,2,2,,4,,,2,,,1,,,,,,,,,,,,,,,1,,,,,,,,,,,,,,,,,,,,,,,,
214,HREC,2,3,4,0.5,1,2,2,2,2,,4,3,2,2,,,1,,,1,,1,,,,,,,,,1,,,,,1,,,,,,,,,,,,,,,,,,,,
215,HREC,2,3,7,0.25,2,1,2,1,3,,3,3,,2,,,,,,1,,1,,,,,,,,,1,,,,,,,,,,,,,,,,,,,,,,,,,
216,HREC,2,3,8,0.25,2,2,2,3,1,,2,4,2,1,,,1,,,,,,,,,,,,,,,,,,,1,,,,,,,,,,,,,,,,,,,,
217,HREC,2,2,1,2,1,2,,,,,,,,,,,,1,,,,,,,,,,,,,,,,,,,1,,,,,,,,,,,,,,,,,,,
218,HREC,2,2,1,1,1,2,2,4,2,1,4,2,3,2,,2,1,,1,1,,2,,,,,,,,2,2,2,,,,1,,,,,,1,1,,,,,,,,,,,,,
219,HREC,2,2,1,0.5,1,1,3,3,2,,3,,2,1,,2,1,,,,,1,,,,,,,,2,2,2,,,,,,,,,,1,1,,,,,,,,,,,,,
220,HREC,2,2,1,0.25,1,2,3,3,,,2,,2,1,,2,,,,,,2,,,,,,,,,,1,,,,,,,,,,,,,,,,,,,,,,,,
221,HREC,2,2,2,0.25,2,2,2,3,1,,3,,1,1,,1,1,,,,,1,,,,,,,,1,1,2,,,,,,,,,,1,,,,,,,,,,,,,,
222,HREC,2,2,2,0.5,2,1,2,3,2,1,3,3,2,1,,2,2,,1,,,2,,,,,,,,1,1,1,,,,1,,,,,,2,,,,,,,,,,,,,,
223,HREC,2,2,3,0.25,1,1,1,2,2,,3,,2,1,,,2,,,,,2,,,,,,,,1,1,,,,,1,,,,,,2,,,,,,,,,,,,,,
224,HREC,2,2,4,0.25,1,2,2,3,1,,2,,2,,,1,,,,,,1,,,,,,,,,,1,,,,,,,,1,,,,,,,,,,,,,,,,
225,HREC,2,2,2,1,2,1,2,4,1,,4,2,2,1,1,2,,,1,,2,2,,,,,,,,1,1,1,,,,,,,,1,,,,,,,,,,,,,,2,,
226,HREC,2,2,3,0.5,1,1,2,3,1,,4,2,2,,2,,,,2,,,2,,,,,,,,,,,,,,,,,,,,,,,,,,,,,,,,,,
227,HREC,2,2,5,0.25,1,2,1,3,1,,3,,2,,,,,,2,,,2,,,,,,,,,,,,,,,,,,,,,,,,,,,,,,,,,,
228,HREC,2,2,6,0.25,2,2,2,3,2,,2,,1,,1,,,,,,,,,,,,,,,,,,,,,,,,,,,,,,,,,,,,,,,,,
229,HREC,2,2,4,0.5,2,2,3,4,,,4,,2,,,,,,,,3,2,,,,,,,,,,,,,,,,,,,,,,,,,,,,,,,,3,,
230,HREC,2,2,7,0.25,2,1,1,3,,,2,,1,,,1,,,,,,2,,,,,,,,,,,,,,,,,,1,,,,,,,,,,,,,,,,
231,HREC,2,2,8,0.25,2,2,2,3,,,4,,2,1,,,,,,,4,2,,,,,,,,1,1,,,,,,,,,,,,,,,,,,,,,,,4,,
232,HREC,2,2,1,4,1,1,,,,,,,,,,,,,,,,,,,,,,,,,,,1,,,,,,,,,,,,,,,,,,,,,,,
233,HREC,2,1,1,2,2,1,,,,,,,,,,,,,,,,,,,,,,,,,,,,,,,,,,,,,,,,,,,,,,,,,,
234,HREC,2,1,1,1,2,1,2,3,2,,4,3,2,2,,1,1,,1,2,,2,,,1,,,,,,,2,,,,,1,,,,,,,,,,,1,,,,,,,,
235,HREC,2,1,1,0.5,2,1,3,3,1,,4,3,2,2,,1,,,,,,1,,,,,,,,,,2,,,,,1,,,,,,,,,,,,,,,,,,,
236,HREC,2,1,1,0.25,1,2,2,3,,,4,2,,1,,,,,,,,1,,,,,,,,,,,,,,,,,,,,,,,,,,,,,,,,,,
237,HREC,2,1,2,0.25,2,1,3,3,1,,3,3,2,2,,2,,,,,,,,,,,,,,,,2,,,,,1,,,,,,,,,,,,,,,,,,,
238,HREC,2,1,2,0.5,1,1,3,3,1,,4,3,2,2,,,,,,1,,1,,,1,,,,,,,2,,,,,,,,,,,,,,,,,,,,,,,,
239,HREC,2,1,3,0.25,1,1,2,3,1,,2,3,1,2,,,,,,1,,,,,,,,,,,,2,,,,,,,,,,,,,,,,,,,,,,,,
240,HREC,2,1,4,0.25,2,2,1,3,1,,2,2,1,2,,,,,,,,1,,,1,,,,,,,,,,,,,,,,,,,,,,,,,,,,,,,
241,HREC,2,1,2,1,2,2,3,3,3,1,4,3,2,2,,2,1,,2,1,,2,,,,,,,,1,1,2,,,,,1,,,,,2,1,,,,,,,,,,,,,
242,HREC,2,1,3,0.5,1,1,2,3,2,1,4,3,,1,,,1,,2,,,1,,,,,,,,1,,2,,,,,,,,,,,1,,,,,,,,,,,,,
243,HREC,2,1,5,0.25,2,1,2,2,3,2,3,,,1,,,1,,1,,,1,,,,,,,,,,2,,,,,,,,,,,,,,,,,,,,,,,,
244,HREC,2,1,6,0.25,2,2,2,2,2,2,3,3,2,1,,,1,,2,,,1,,,,,,,,,,2,,,,,,,,,,,,,,,,,,,,,,,,
245,HREC,2,1,4,0.5,2,1,3,2,2,,4,4,,2,,,,,2,,,1,,,,,,,,1,1,,,,,,1,,,,,,,,,,,,,,,,,,,
246,HREC,2,1,7,0.25,1,2,2,2,2,,2,5,,2,,,,,2,,,2,,,,,,,,,,,,,,,1,,,,,,,,,,,,,,,,,,,
247,HREC,2,1,8,0.25,2,1,2,2,3,,3,3,,2,,,,,,,,,,,,,,,,,,,,,,,,,,,,,,,,,,,,,,,,,,
248,HREC,3,8,1,2,4,4,,,,,,,,,,,,,,,,,,,,,,,,,,,,,,,,,,,,,,,,,,,,,,,,,,
249,HREC,3,8,1,1,1,2,2,4,2,3,4,,2,2,,2,2,,,,,2,,,,,,,2,2,2,1,,,,,,,,,,,,,,1,,,,1,,,,,,
250,HREC,3,8,1,0.5,1,1,,4,2,2,4,,2,1,,,,,,,,1,,,,,,,2,2,,2,,,,,,,,,,,,,,,,,,,,,,,,
251,HREC,3,8,1,0.25,1,2,,3,,,3,,3,,,,,,,,,,,,,,,,2,1,,2,,,,,,,,,,,,,,,,,,,,,,,,
252,HREC,3,8,2,0.25,2,2,,3,,2,4,,2,1,,,,,,,,1,,,,,,,1,2,,,,,,,,,,,,,,,,,,,,,,,,,,
253,HREC,3,8,2,0.5,2,1,,3,2,2,4,,3,2,,,3,,,,,1,,,,,,,2,2,,1,,,,,,,,,,,,,,2,,,,1,,,,,,
254,HREC,3,8,3,0.25,1,1,,3,2,1,3,,2,1,,,,,,,,1,,,,,,,,,,,,,,,,,,,,,,,,2,,,,,,,,,,
255,HREC,3,8,4,0.25,2,2,,3,1,3,4,,3,1,,,3,,,,,,,,,,,,2,,,,,,,,,,,,,,,,,,,,,1,,,,,,
256,HREC,3,8,2,1,2,2,,4,2,2,3,2,3,2,,1,1,,2,,,1,,,,,,,2,1,1,1,2,,2,1,1,,,,,,,,,1,,,,1,,,,,,
257,HREC,3,8,3,0.5,1,2,,4,2,2,3,2,3,2,,,1,,3,,,1,,,,,,,2,1,1,1,1,,,1,1,,,,,,,,,,,,,,,,,,,
258,HREC,3,8,5,0.25,1,2,,3,,,1,,2,2,,,1,,2,,,1,,,,,,,1,,1,1,,,,1,,,,,,,,,,,,,,,,,,,,
259,HREC,3,8,6,0.25,2,1,,4,,,2,,3,,,,,,2,,,,,,,,,,2,,,,1,,,,,,,,,,,,,,,,,,,,,,,
260,HREC,3,8,4,0.5,2,1,,4,,3,2,,4,2,,1,2,,1,,,,,,,,,,1,,,,2,,1,,,,,,,,,,,1,,,,,,,,,,
261,HREC,3,8,7,0.25,1,2,,4,,3,,,3,,,1,1,,,,,,,,,,,,1,,,,2,,,,,,,,,,,,,2,,,,,,,,,,
262,HREC,3,8,8,0.25,2,1,,3,,2,,,4,2,,,,,,,,,,,,,,,,,,,,,,1,,,,,,,,,,1,,,,,,,,,,
263,HREC,3,8,1,4,2,2,,,,,,,,,,,,,,,,,,,,,,,,,,,,,,,,,,,,,,,,,,,1,,,,,,,
264,HREC,3,7,1,2,3,2,,,,,,,,,,,,,,,,,,,,,,,,,,,,,,,,,,,,,,,,,,,,,,,,,,
265,HREC,3,7,1,1,1,1,1,4,2,2,3,3,2,1,1,2,,,,,2,1,,,,,,,,2,1,1,,,,,,,1,,,,,,,1,,,,,,,,,1,1
266,HREC,3,7,1,0.5,1,1,,2,2,,2,2,2,,,2,,,,,,,,,,,,,,1,,,,,,,,,,,,,,,,1,,,,,,,,,,1
267,HREC,3,7,1,0.25,1,2,,1,2,,1,,2,,,,,,,,,,,,,,,,,1,,,,,,,,,,,,,,,,1,,,,,,,,,,2
268,HREC,3,7,2,0.25,2,2,,2,2,,1,2,3,,,,,,,,,,,,,,,,,,,1,,,,,,,,,,,,,,,,,,,,,,,,
269,HREC,3,7,2,0.5,1,1,,4,2,,3,2,2,1,,1,,,,,,1,,,,,,,,1,1,,,,,,,,1,,,,,,,1,,,,,,,,,,
270,HREC,3,7,3,0.25,1,2,,2,2,,3,,,2,,,,,,,,,,,,,,,,,,,,,,,,,,,,,,,,1,,,,,,,,,,
271,HREC,3,7,4,0.25,1,1,,3,2,,2,,2,,,,,,,,,,,,,,,,,,1,,,,,,,,1,,,,,,,,,,,,,,,,,
272,HREC,3,7,2,1,2,1,,4,2,1,3,4,2,2,1,,2,,,,,1,,,,,,,2,2,,1,,,,,,,,,,,,,,1,,,,,,,,,,1
273,HREC,3,7,3,0.5,2,1,,3,2,,3,3,1,,,,,,,,,,,,,,,,,1,,,,,,,,,,,,,,,,,,,,,,,,,,
274,HREC,3,7,5,0.25,1,1,,1,2,,3,3,1,,,,,,,,,,,,,,,,,1,,,,,,,,,,,,,,,,,,,,,,,,,,
275,HREC,3,7,6,0.25,2,1,,3,2,,2,,,1,,,,,,,,,,,,,,,,,,,,,,,,,,,,,,,,,,,,,,,,,,
276,HREC,3,7,4,0.5,2,2,,4,,,3,3,2,2,,,2,,,,,1,,,,,,,1,,,,,,,,,,,,,,,,,1,,,,,,,,,,
277,HREC,3,7,7,0.25,1,2,,4,,,3,,2,2,,,1,,,,,1,,,,,,,,,,,,,,,,,,,,,,,,,,,,,,,,,,
278,HREC,3,7,8,0.25,2,2,,4,,,2,4,,2,,,,,,,,,,,,,,,,,,,,,,,,,,,,,,,,,,,,,,,,,,
279,HREC,3,6,1,2,3,2,,,,,,,,,,,,,,,,,,,,,,,,,,,,,,,,,,,,,,,,,,,,,,,,,,
280,HREC,3,6,1,1,1,2,,4,3,2,3,3,2,2,2,1,1,2,1,,3,,,,,,,,2,1,1,2,,,,1,,,3,,,,,,,1,,,,,,,,,,
281,HREC,3,6,1,0.5,1,2,,4,2,2,3,2,2,2,,,1,2,,,2,,,,,,,,1,,1,,,,,,,,,,,,,,,1,,,,,,,,,,
282,HREC,3,6,1,0.25,1,1,,3,3,,2,2,2,2,,,1,,,,,,,,,,,,,,,,,,,,,,,,,,,,,1,,,,,,,,,,
283,HREC,3,6,2,0.25,2,1,,4,2,2,3,,3,2,,,,1,,,2,,,,,,,,,,,,,,,,,,,,,,,,,,,,,,,,,,,
284,HREC,3,6,2,0.5,2,2,,4,2,2,2,4,,1,2,,,2,1,,3,,,,,,,,,1,,,,,,1,,,3,,,,,,,,,,,,,,,,,
285,HREC,3,6,3,0.25,2,1,,3,2,,,3,,,,,,1,1,,3,,,,,,,,,,,,,,,1,,,3,,,,,,,,,,,,,,,,,
286,HREC,3,6,4,0.25,2,2,,3,,2,2,4,,,1,,,1,,,4,,,,,,,,,,,,,,,,,,,,,,,,,,,,,,,,,,,
287,HREC,3,6,2,1,2,2,,3,2,,4,2,2,2,,,,1,,,,,,,,,,,2,2,1,,,,,,,,,,,,,,,1,,,,,2,,,,,
288,HREC,3,6,3,0.5,2,1,,3,2,,2,,2,2,,,,,,,,,,,,,,,2,,1,,,,,,,,,,,,,,,1,,,,,2,,,,,
289,HREC,3,6,5,0.25,1,1,,3,2,,2,,2,2,,,,,,,,,,,,,,,,,,,,,,,,,,,,,,,,1,,,,,2,,,,,
290,HREC,3,6,6,0.25,1,2,,1,2,,3,,,,,,,,,,,,,,,,,,1,,,,,,,,,,,,,,,,,1,,,,,,,,,,
291,HREC,3,6,4,0.5,2,2,,4,1,,3,2,2,2,,,,,,,,,,,,,,,,,2,2,,,,,,,,,,,,,,1,,,,,,,,,,
292,HREC,3,6,7,0.25,1,1,,3,1,,3,,2,1,,,,,,,,,,,,,,,,,,2,,,,,,,,,,,,,,1,,,,,,,,,,
293,HREC,3,6,8,0.25,1,2,,4,,,2,,,1,,,,,,,,,,,,,,,,,,2,,,,,,,,,,,,,,,,,,,,,,,,
294,HREC,3,6,1,4,2,1,,,,,,,,,,,,,,,,,,,,,,,,,,,,1,,,,,,,,,,,,,,,1,,,,,,,
295,HREC,3,5,1,2,4,1,,,,,,,,,1,,,,,,,,,,,,,,,,,,,,,,,,,,,,,,,,1,,,,,,,,,
296,HREC,3,5,1,1,1,2,3,4,2,2,3,3,2,2,,1,2,1,,,,,,,,,,,2,2,,2,,,,,,,,1,,,,,,1,,,,,2,,,,,
297,HREC,3,5,1,0.5,1,2,2,4,2,2,2,3,2,,,,,,,,,,,,,,,,2,2,,,,,,,,,,1,,,,,,,,,,,2,,,,,
298,HREC,3,5,1,0.25,1,1,,3,,2,2,4,,,,,,,,,,,,,,,,,,2,,,,,,,,,,1,,,,,,,,,,,,,,,,
299,HREC,3,5,2,0.25,1,2,,4,1,,2,2,,,,,,,,,,,,,,,,,,,,,,,,,,,,,,,,,,,,,,,,,,,,
300,HREC,3,5,2,0.5,2,2,3,4,2,,2,3,2,2,,1,2,1,,,,,,,,,,,2,,,,,,,,,,,,,,,,,1,,,,,,,,,,
301,HREC,3,5,3,0.25,2,1,2,3,2,,2,2,2,2,,,,1,,,,,,,,,,,1,,,,,,,,,,,,,,,,,,,,,,,,,,,
302,HREC,3,5,4,0.25,2,2,3,4,2,,2,2,2,3,,,2,,,,,,,,,,,,,,,,,,,,,,,,,,,,,,,,,,,,,,,
303,HREC,3,5,2,1,2,2,2,4,2,,3,3,2,1,,1,1,1,2,,,,,,,,,,,,1,,1,,,,,,,,,,,,,1,,,,,,,,,,
304,HREC,3,5,3,0.5,1,2,2,3,2,,3,3,,1,,,1,1,,,,,,,,,,,,2,1,1,,,,,,,,,,,,,,1,,,,,,,,,,
305,HREC,3,5,5,0.25,1,1,1,3,,,,,,,,,1,,,,,,,,,,,,,,1,2,,,,,,,,,,,,,,,,,,,,,,,,
306,HREC,3,5,6,0.25,1,2,2,3,,,3,4,,2,,,,1,,,,,,,,,,,,2,1,,,,,,,,,,,,,,,,,,,,,,,,,
307,HREC,3,5,4,0.5,2,1,,3,3,,3,2,2,,,,,,2,,,,,,,,,,,1,1,2,,,,,,,,,,,,,,1,,,,,,,,,,
308,HREC,3,5,7,0.25,1,2,,3,,,2,3,,,,,,,3,,,,,,,,,,,,,,,,,,,,,,,,,,,,,,,,,,,,,
309,HREC,3,5,8,0.25,2,2,,3,2,,2,,1,,,,,,2,,,,,,,,,,,,1,,,,,,,,,,,,,,,1,,,,,,,,,,
310,HREC,3,4,1,2,1,4,,,,1,,,,,,,,,,,,,,,,,,,,,,,,,,,,,,,,,,,,,,,,,,,,,,
311,HREC,3,4,1,1,1,2,2,4,2,,3,2,3,2,,2,2,,,,2,,,,,,,,1,2,1,2,,,,,,,,,,,,,,,,1,,1,,,,,,
312,HREC,3,4,1,0.5,1,1,,4,2,,3,,3,2,,1,1,,,,,,,,,,,,1,1,,,,,,,,,,,,,,,,,,,,1,,,,,,
313,HREC,3,4,1,0.25,1,1,,4,2,,2,,3,2,,1,,,,,,,,,,,,,,,,,,,,,,,,,,,,,,,,,,,,,,,,
314,HREC,3,4,2,0.25,1,2,,4,,,3,,2,2,,,1,,,,,,,,,,,,,,,,,,,,,,,,,,,,,,,,,1,,,,,,
315,HREC,3,4,2,0.5,2,2,,3,2,,3,2,3,1,,2,2,,,,,,,,,,,,1,2,2,2,,,,,,,,,,,,,,,,,,,,,,,,
316,HREC,3,4,3,0.25,1,2,,2,,,2,3,3,1,,,,,,,,,,,,,,,1,,,1,,,,,,,,,,,,,,,,,,,,,,,,
317,HREC,3,4,4,0.25,2,1,,3,,,2,,3,,,2,2,,,,,,,,,,,,,1,,2,,,,,,,,,,,,,,,,,,,,,,,,
318,HREC,3,4,2,1,2,2,,3,2,,3,,4,2,1,3,,1,1,,,1,,1,,,,,2,1,,2,,,,,,,,,,,2,,,1,,,,,,,,,,1
319,HREC,3,4,3,0.5,1,1,1,3,2,,2,,4,2,1,2,,,,,,,,,,,,,2,,,2,,,,,,,,,,,,,,,,,,,,,,,,1
320,HREC,3,4,5,0.25,1,1,,2,,,2,,4,,,,,,,,,,,,,,,,1,,,1,,,,,,,,,,,,,,,,,,,,,,,,
321,HREC,3,4,6,0.25,1,2,,2,1,,1,,4,1,,,,,,,,,,,,,,,2,,,2,,,,,,,,,,,,,,,,,,,,,,,,
322,HREC,3,4,4,0.5,2,2,1,3,2,,3,,3,2,,2,,1,1,,,1,,1,,,,,1,1,3,1,,,,,,,,,,,,,,1,,,,,,,,,,
323,HREC,3,4,7,0.25,1,2,,3,1,,3,,2,,,2,1,,,,,1,,,,,,,,1,2,1,,,,,,,,,,,,,,1,,,,,,,,,,
324,HREC,3,4,8,0.25,2,2,,3,2,,2,,4,2,,1,,1,1,,,,,1,,,,,,,3,,,,,,,,,,,,,,,,,,,,,,,,,
325,HREC,3,4,1,4,1,2,,,,,,,,,,,,,,,,,,,,,,,,,,,,,1,,,,,,,,,,,,,,1,,,,,,,
326,HREC,3,3,1,2,2,3,,,,,,,,,,,,,,,,,,,,,,,,,,,,,1,,,,,,,,,,,,,,,,,,,,,
327,HREC,3,3,1,1,1,1,,3,3,2,2,4,2,2,,1,2,2,,,,,,,,,,,2,2,,1,,,,,,,1,,,,,,,1,,,,,,,,,,
328,HREC,3,3,1,0.5,2,1,,4,2,2,2,2,2,1,,1,,1,,,2,,,,,,,,2,1,,,,,,,,,,,,,,,,1,,,,,,,,,,
329,HREC,3,3,1,0.25,1,1,,4,,,,,3,2,,,,,,,2,,,,,,,,,,,,,,,,,,,,,,,,,1,,,,,,,,,,
330,HREC,3,3,2,0.25,1,2,,3,2,2,2,,2,,,1,,,,,2,,,,,,,,1,,,,,,,,,,,,,,,,,1,,,,,,,,,,
331,HREC,3,3,2,0.5,2,2,,3,2,2,1,4,2,1,,,2,1,,,2,,,,,,,,,,,1,,,,,,,1,,,,,,,,,,,,,,,,,
332,HREC,3,3,3,0.25,1,1,,3,2,,,4,,1,,,1,,,,,,,,,,,,,,,1,,,,,,,2,,,,,,,,,,,,,,,,,
333,HREC,3,3,4,0.25,1,2,,2,2,2,1,3,,1,,,,,,,,,,,,,,,,1,,,,,,,,,,,,,,,,,,,,,,,,,,
334,HREC,3,3,2,1,2,1,,4,2,,2,4,3,2,2,2,2,1,,,2,,,,1,,,,1,2,,1,,,,,1,,,,,,,,,1,,1,,1,,,,,,1
335,HREC,3,3,3,0.5,1,1,,4,2,,2,2,2,2,,1,2,1,,,2,,,,1,,,,1,2,,1,,,,,,,,,,,,,,1,,,,,,,,,,
336,HREC,3,3,5,0.25,2,1,,4,,,,,2,2,,2,3,,,,,,,,,,,,1,,,,,,,,,,,,,,,,,1,,,,,,,,,,
337,HREC,3,3,6,0.25,1,2,,4,2,,1,3,2,2,,,2,,,,,,,,,,,,,1,,1,,,,,,,,,,,,,,,,,,,,,,,,
338,HREC,3,3,4,0.5,1,2,,3,2,,2,4,2,2,,,,,,,2,,,,,,,,1,,,,,,,,,,,,,,,,,,,,,,,,,,,1
339,HREC,3,3,7,0.25,2,1,,3,2,,2,3,1,2,,,,,,,,,,,,,,,,1,,1,,,,,,,,,,,,,,,,,,,,,,,,1
340,HREC,3,3,8,0.25,2,2,,3,2,,2,4,,2,,,,,,,,,,,,,,,2,,,,,,,,,,,,,,,,,,,,,,,,,,,1
341,HREC,3,2,1,2,1,2,,,,,,,,,,,,,,,,,,,,,,,,,,,,,,,,,,,,,,,,,,,,,,,,,,
342,HREC,3,2,1,1,1,2,2,4,2,2,2,3,3,2,1,1,2,,1,,2,1,,,,,,,1,1,2,1,,,,,1,,,,,,,,,2,,1,2,,,,1,,,
343,HREC,3,2,1,0.5,1,1,,4,2,2,,,3,1,,1,,,1,,,,,,,,,,1,1,1,2,,,,,1,,,,,,,,,,,1,3,,,,1,,,
344,HREC,3,2,1,0.25,1,2,,4,,2,,,,1,,,,,,,,,,,,,,,,1,1,1,,,,,,,,,,,,,,,,,,,,,,,,
345,HREC,3,2,2,0.25,2,2,,3,2,2,,,3,,,,,,1,,,,,,,,,,1,,,,,,,,1,,,,,,,,,,,,3,,,,,,,
346,HREC,3,2,2,0.5,2,1,,3,2,2,2,4,3,2,,,,,,,2,,,,,,,,,,1,1,,,,,,,,,,,,,,1,,,,,,,,,,
347,HREC,3,2,3,0.25,1,1,,3,,,2,4,4,1,,,,,,,,,,,,,,,,,,1,,,,,,,,,,,,,,,,,,,,,,,,
348,HREC,3,2,4,0.25,1,2,,3,2,,,4,,,,,,,,,,,,,,,,,,,1,,,,,,,,,,,,,,,2,,,,,,,,,,
349,HREC,3,2,2,1,2,2,2,4,2,,3,,2,2,,2,2,,,,,1,,,,,,,1,1,,1,,,,,,,1,,,,,,,1,,,,,,,,,,
350,HREC,3,2,3,0.5,2,1,1,4,2,,3,,,2,,1,2,,,,,1,,,,,,,1,,,1,,,,,,,2,,,,,,,1,,,,,,,,,,
351,HREC,3,2,5,0.25,1,1,,4,2,,,,,2,,1,2,,,,,1,,,,,,,1,,,1,,,,,,,,,,,,,,,,,,,,,,,,
352,HREC,3,2,6,0.25,1,2,,4,2,,2,,,,,,1,,,,,,,,,,,,,,,,,,,,,,,,,,,,,1,,,,,,,,,,
353,HREC,3,2,4,0.5,2,2,2,4,2,,2,,2,1,,1,,,,,,,,,,,,,,1,,,,,,,,,,,,,,,,1,,,,,,,,,,
354,HREC,3,2,7,0.25,2,1,1,4,3,,,,,,,,,,,,,,,,,,,,,,,,,,,,,,,,,,,,,1,,,,,,,,,,
355,HREC,3,2,8,0.25,2,2,2,3,2,,3,,,1,,,,,,,,,,,,,,,,,,,,,,,,,,,,,,,,,,,,,,,,,,
356,HREC,3,2,1,4,1,1,,,,,,,,,,,,,,,,,,,,,,,,,,,1,,,,,,,,,,,,,,,,,1,,,,,,
357,HREC,3,1,1,2,2,1,,,,,,,,,,,1,,,,,,,,,,,,,,,,,,,,1,,,,,,,,,,,,1,,,,,,,
358,HREC,3,1,1,1,2,1,2,4,3,2,4,,2,1,,1,,1,,,2,,,,,,,,2,1,1,,1,,,,,,2,,,,,,,1,,,,,,,,,,
359,HREC,3,1,1,0.5,1,1,2,3,2,2,3,,2,,,,,1,,,,,,,,,,,,,1,,1,,,,,,2,,,,,,,1,,,,,,,,,,
360,HREC,3,1,1,0.25,1,1,2,3,,2,2,,,,,,,,,,,,,,,,,,,,,,1,,,,,,2,,,,,,,1,,,,,,,,,,
361,HREC,3,1,2,0.25,2,2,2,3,1,2,2,,1,,,,,,,,,,,,,,,,,,1,,1,,,,,,,,,,,,,,,,,,,,,,,
362,HREC,3,1,2,0.5,2,1,2,3,2,,3,,2,1,,1,,,,,2,,,,,,,,,,,,,,,,,,3,,,,,,,1,,,,,,,,,,
363,HREC,3,1,3,0.25,1,2,2,3,2,,3,,,,,,,,,,3,,,,,,,,,,,,,,,,,,,,,,,,,,,,,,,,,,,
364,HREC,3,1,4,0.25,2,1,,4,,,3,,,,,,,,,,,,,,,,,,,,,,,,,,,,3,,,,,,,,,,,,,,,,,
365,HREC,3,1,2,1,2,2,3,4,2,,3,,3,2,,3,,2,,,2,,,,,,,,2,1,2,1,,1,,,,,3,,,,,,,,,,,,,,,,,
366,HREC,3,1,4,0.5,1,1,3,3,4,,3,,2,2,,2,,,,,3,,,,,,,,2,1,,1,,,,,,,,,,,,,,,,,,,,,,,,
367,HREC,3,1,5,0.25,2,1,2,3,4,,2,,,,,,,,,,,,,,,,,,2,1,,,,,,,,,,,,,,,,,,,,,,,,,,
368,HREC,3,1,6,0.25,2,2,2,3,4,,3,,2,2,,3,,,,,,,,,,,,,2,,,,,,,,,,,,,,,,,,,,,,,,,,,
369,HREC,3,1,3,0.5,2,1,2,4,2,,3,,3,1,,2,,2,,,,,,,,,,,2,,2,,,,,,,,,,,,,,,,,,,,,,,,,
370,HREC,3,1,7,0.25,1,2,3,2,2,,2,,2,2,,2,,1,,,,,,,,,,,2,,3,,,,,,,,,,,,,,,,,,,,,,,,,
371,HREC,3,1,8,0.25,2,1,2,4,2,,2,,3,,,,,1,,,,,,,,,,,2,,,,,,,,,,,,,,,,,,,,,,,,,,,
372,HREC,4,8,1,2,4,4,,,,,,1,,,,,,,,,,,,,,,,,,,,,,,,,,,1,,,,,,,,,,,,,,,,,
373,HREC,4,8,1,1,1,2,2,4,2,3,3,,2,3,,,1,,2,2,3,1,,,,,,,,2,3,2,2,,,,,,,,,,,,,,,,,,,,,,,
374,HREC,4,8,1,0.5,1,1,2,4,2,2,3,,2,2,,,,,2,2,,,,,,,,,,1,3,1,2,,,,,,,,,,,,,,,,,,,,,,,
375,HREC,4,8,1,0.25,1,2,,4,,2,3,,,1,,,,,,,,,,,,,,,,1,2,,2,,,,,,,,,,,,,,,,,,,,,,,
376,HREC,4,8,2,0.25,2,2,2,3,1,1,2,,,2,,,,,2,,,,,,,,,,,,2,1,,,,,,,,,,,,,,,,,,,,,,,,
377,HREC,4,8,2,0.5,2,1,,3,2,2,3,,,3,,,,,2,1,3,,,,,,,,,1,3,2,1,,,,,,,,,,,,,,,,,,,,,,,
378,HREC,4,8,3,0.25,1,1,,3,,2,2,,,3,,,,,1,,4,,,,,,,,,,3,,,,,,,,,,,,,,,,,,,,,,,,,
379,HREC,4,8,4,0.25,2,2,,3,2,2,3,,,3,,,,,1,,4,,,,,,,,,1,,,1,,,,,,,,,,,,,,,,,,,,,,,
380,HREC,4,8,2,1,2,2,1,4,,2,3,,2,2,,1,3,,2,,4,,,,,,,,,2,2,2,1,,,,,,,,,,,,,,,,,,,,,,,
381,HREC,4,8,4,0.5,1,2,,4,,2,3,,,2,,1,1,,3,,4,,,,,,,,,,,2,,,,,,,,,,,,,,,,,,,,,,,,
382,HREC,4,8,5,0.25,1,2,,4,,,3,,,2,,,,,3,,2,,,,,,,,,,,,,,,,,,,,,,,,,,,,,,,,,,,
383,HREC,4,8,6,0.25,2,1,,4,,,2,,,1,,,1,,1,,3,,,,,,,,,,,2,,,,,,,,,,,,,,,,,,,,,,,,
384,HREC,4,8,3,0.5,2,1,1,4,,2,2,,,1,,,2,,3,,4,,,,,,,,,2,3,2,2,,,,,,,,,,,,,,,,,,,,,,,
385,HREC,4,8,7,0.25,1,2,,3,,2,2,,,,,,2,,3,,3,,,,,,,,,,3,,,,,,,,,,,,,,,,,,,,,,,,,
386,HREC,4,8,8,0.25,2,1,,3,,2,2,,,1,,,,,3,,5,,,,,,,,,2,2,1,,,,,,,,,,,,,,,,,,,,,,,,
387,HREC,4,8,4,4,2,2,,,,,,,,,,,,,,,,,,,,,,,,,,,,,,,1,,,,,,,,,,,,,,,,,,,
388,HREC,4,7,1,2,3,3,,,,,,,,,,,,,,,,,,,,,,,,,,,,,,,,,1,,,,,,,,,1,,,,,,,,
389,HREC,4,7,1,1,1,2,,4,2,2,3,,3,1,,1,2,,,1,4,2,,,,,,,,2,,1,,,,,,,,,,,,,,,,,2,,,,,2,,
390,HREC,4,7,1,0.5,1,1,,3,,,3,,3,1,,1,2,,,1,4,,,,,,,,,2,2,1,,,,,,,,,,,,,,,,,1,,,,,2,,
391,HREC,4,7,1,0.25,1,1,,3,,,3,,3,,,1,,,,,,3,,,,,,,,2,,,,,,,,,,,,,,,,,,,,,,,,,,
392,HREC,4,7,2,0.25,2,2,,3,,,2,,2,,,1,,,,1,3,,,,,,,,,2,,,,,,,,,,,,,,,,,,,,,,,,3,,
393,HREC,4,7,2,0.5,1,2,,4,,2,3,,2,2,,1,2,,,,3,2,,,,,,,,2,,1,,,,,,,,,,,,,,,,,2,,,,,2,,
394,HREC,4,7,3,0.25,1,1,,3,,,3,,2,2,,,2,,,,3,,,,,,,,,2,,,,,,,,,,,,,,,,,,,2,,,,,,,
395,HREC,4,7,4,0.25,1,2,,4,,1,2,,2,,,1,,,,,,,,,,,,,,2,,1,,,,,,,,,,,,,,,,,2,,,,,,,
396,HREC,4,7,2,1,2,1,2,3,1,1,3,,5,2,,2,2,,2,,3,2,,,,,,,1,,3,2,,,,,,,,,,,,,,,,,,,,,,,,
397,HREC,4,7,4,0.5,2,1,,3,,1,2,,4,,,1,2,,2,,2,,,,,,,,,,3,2,,,,,,,,,,,,,,,,,,,,,,,,
398,HREC,4,7,5,0.25,1,1,,2,,,,,5,,,,2,,,,2,,,,,,,,,,3,,,,,,,,,,,,,,,,,,,,,,,,,
399,HREC,4,7,6,0.25,2,1,,2,,1,2,,3,,,,,,3,,,,,,,,,,,,4,2,,,,,,,,,,,,,,,,,,,,,,,,
400,HREC,4,7,3,0.5,2,2,1,3,1,,2,,4,2,,,1,,,,2,1,,,,,,,1,,3,2,,,,,,,,,,,,,,,,,,,,,,,,
401,HREC,4,7,7,0.25,1,2,1,2,,,2,,5,1,,,,,,,3,,,,,,,,1,,3,,,,,,,,,,,,,,,,,,,,,,,,,
402,HREC,4,7,8,0.25,2,2,,1,,,2,,3,2,,,1,,,,,1,,,,,,,,,2,3,,,,,,,,,,,,,,,,,,,,,,,,
403,HREC,4,6,1,2,3,2,,,,1,,,,,,,,,,,,,,,,,,,,,,,,,,,1,,,,,,,,,,,,,,,,,,,
404,HREC,4,6,1,1,1,2,2,3,,,4,3,3,2,,2,2,,,,3,2,,,,,,,1,1,3,1,,,,,,,,,,,,,,,,,,,,,,,,
405,HREC,4,6,1,0.5,1,2,2,3,,,2,3,4,2,,2,1,,,,,1,,,,,,,1,1,3,1,,,,,,,,,,,,,,,,,,,,,,,,
406,HREC,4,6,1,0.25,1,1,2,3,,,2,2,4,2,,1,,,,,,1,,,,,,,,,3,,,,,,,,,,,,,,,,,,,,,,,,,
407,HREC,4,6,2,0.25,2,1,2,2,,,2,4,4,1,,1,,,,,,,,,,,,,,,,,,,,,,,,,,,,,,,,,,,,,,,,
408,HREC,4,6,2,0.5,2,2,2,2,,,2,5,3,2,,2,2,,,,,2,,,,,,,,,2,,,,,,,,,,,,,,,,,,,,,,,,,
409,HREC,4,6,3,0.25,2,1,2,2,,,2,4,2,1,,1,2,,,,,1,,,,,,,,,2,,,,,,,,,,,,,,,,,,,,,,,,,
410,HREC,4,6,4,0.25,2,2,,,,,,6,2,1,,1,,,,,,,,,,,,,,,2,,,,,,,,,,,,,,,,,,,,,,,,,
411,HREC,4,6,2,1,2,2,2,3,2,,3,4,4,1,,2,2,1,2,,,,,,,,,,1,,2,2,2,,,,,,,,,,,,,,,,,,,,,,,
412,HREC,4,6,4,0.5,2,1,,3,,,3,3,4,1,,1,2,1,,,,,,,,,,,1,,3,2,2,,,,,,,,,,,,,,,,,,,,,,,
413,HREC,4,6,5,0.25,1,1,,2,,,3,,3,1,,,,,,,,,,,,,,,,,3,,2,,,,,,,,,,,,,,,,,,,,,,,
414,HREC,4,6,6,0.25,1,2,,3,,,2,2,4,,,1,3,1,,,,,,,,,,,1,,,2,,,,,,,,,,,,,,,,,,,,,,,,
415,HREC,4,6,3,0.5,2,2,1,3,2,,2,2,3,,,2,2,,3,,,,,,,,,,1,,3,1,2,,,,,,,,,,,,,,,,,,,,,,,
416,HREC,4,6,7,0.25,1,1,1,3,2,,3,2,3,,,,2,,,,,,,,,,,,1,,2,,,,,,,,,,,,,,,,,,,,,,,,,
417,HREC,4,6,8,0.25,1,2,1,3,,,1,2,3,,,,1,,2,,,,,,,,,,,,2,1,3,,,,,,,,,,,,,,,,,,,,,,,
418,HREC,4,6,3,4,2,1,,,,,,,,,,,,,,,,,,,,,,,,,,,,,,,,,,,,,,,,,,,,,,,,,,
419,HREC,4,5,1,2,4,1,,,,,,,,,,,,,1,,,,,,,,,,,,,,,,,,,,1,,,,,,,,,,,,,,,,,
420,HREC,4,5,1,1,1,2,1,3,,1,1,2,4,2,,2,2,,,,,2,,,,,,,1,2,3,,2,,,,,,,,,,,1,,2,,,,,,,,,,
421,HREC,4,5,1,0.5,1,2,,3,,1,,,3,1,,2,1,,,,,2,,,,,,,1,,3,,,,,,,,,,,,,,,2,,,,,,,,,,
422,HREC,4,5,1,0.25,1,1,,2,,,,,4,,,2,,,,,,,,,,,,,1,,2,,,,,,,,,,,,,,,,,,,,,,,,,
423,HREC,4,5,2,0.25,1,2,,3,,,,,2,1,,,1,,,,,2,,,,,,,,,2,,,,,,,,,,,,,,,,,,,,,,,,,
424,HREC,4,5,2,0.5,2,2,,2,,,,,4,3,,,2,,,,,2,,,,,,,,2,3,,2,,,,,,,,,,,,,,,,,,,,,,,
425,HREC,4,5,3,0.25,2,1,,3,,,,,4,2,,,,,,,,,,,,,,,,2,2,,,,,,,,,,,,,,,,,,,,,,,,,
426,HREC,4,5,4,0.25,2,2,,2,,,,,3,,,,2,,,,,2,,,,,,,,,,,2,,,,,,,,,,,,,,,,,,,,,,,
427,HREC,4,5,2,1,2,2,,4,,2,3,3,2,2,,1,2,,,,,1,,,,,,,,1,,,2,,2,,,,,,,,,1,,,,,,,,,,,,
428,HREC,4,5,4,0.5,1,2,,3,,2,,,2,1,,1,2,,,,,,,,,,,,,1,,,2,,2,,,,,,,,,1,,,,,,,,,,,,
429,HREC,4,5,5,0.25,1,1,,3,,,,,2,1,,,,,,,,,,,,,,,,,,,2,,,,,,,,,,,1,,,,,,,,,,,,
430,HREC,4,5,6,0.25,1,2,,3,,,,,2,,,,2,,,,,,,,,,,,,1,,,3,,1,,,,,,,,,,,,,,,,,,,,,
431,HREC,4,5,3,0.5,2,1,,3,,2,2,4,1,2,,1,,,,,,1,,,,,,,,,,,,,2,,,,,,,,,,,,,,,,,,,,,
432,HREC,4,5,7,0.25,1,2,,3,,2,,2,,,,,,,,,,,,,,,,,,,,,,,2,,,,,,,,,,,,,,,,,,,,,
433,HREC,4,5,8,0.25,2,2,,3,,,,2,,,,,,,,,,2,,,,,,,,,,,,,3,,,,,,,,,,,,,,,,,,,,,
434,HREC,4,4,1,2,1,4,,,,,,,,,,,,,,,,,,,,,,,,,,,,,,,,,,,,,,,,,,,,,,,,,,
435,HREC,4,4,1,1,1,2,2,3,1,,4,,4,1,,2,2,,2,2,2,3,,,,,,,2,2,2,1,2,,,,,,,,,,,1,,,,,2,1,,,,,,
436,HREC,4,4,1,0.5,1,1,2,3,,,3,,4,2,,2,1,,,,,3,,,,,,,1,2,2,,2,,,,,,,,,,,,,,,,2,,,,,,,
437,HREC,4,4,1,0.25,1,1,2,4,,,3,,2,1,,1,,,,,,3,,,,,,,,,,,,,,,,,,,,,,,,,,,2,,,,,,,
438,HREC,4,4,2,0.25,1,2,1,4,,,2,,3,,,1,,,,,,2,,,,,,,,,1,,2,,,,,,,,,,,,,,,,,,,,,,,
439,HREC,4,4,2,0.5,2,2,,3,1,,3,,3,,,1,,,2,2,,2,,,,,,,2,2,2,,1,,,,,,,,,,,,,,,,,,,,,,,
440,HREC,4,4,3,0.25,1,2,,2,,,2,,3,,,,,,,,2,2,,,,,,,1,2,2,1,,,,,,,,,,,,,,,,,,1,,,,,,
441,HREC,4,4,4,0.25,2,1,,2,,,2,,3,,,1,,,,1,,2,,,,,,,,2,2,,2,,,,,,,,,,,,,,,,,,,,,,,
442,HREC,4,4,2,1,2,2,3,3,1,1,2,3,3,2,,3,2,,2,2,2,2,,,,,,,2,2,3,2,,,,,,,,,,,,,,,,,,,,,,,,
443,HREC,4,4,4,0.5,1,1,3,2,1,1,2,,3,2,,2,1,,2,,,2,,,,,,,1,2,3,1,,,,,,,,,,,,,,,,,,,,,,,,
444,HREC,4,4,5,0.25,1,1,3,2,,,2,,2,1,,,1,,2,,,2,,,,,,,1,,3,,,,,,,,,,,,,,,,,,,,,,,,,
445,HREC,4,4,6,0.25,1,2,3,2,1,1,2,,4,1,,,,,2,,,2,,,,,,,,,3,1,,,,,,,,,,,,,,,,,,,,,,,,
446,HREC,4,4,3,0.5,2,2,3,2,,,2,,3,2,,3,2,,1,2,2,,,,,,,,1,1,3,2,,,,,,,,,,,,,,,,,,,,,,,,
447,HREC,4,4,7,0.25,1,2,3,3,,,2,,2,,,1,,,,,,,,,,,,,1,,3,1,,,,,,,,,,,,,,,,,,,,,,,,
448,HREC,4,4,8,0.25,2,2,2,2,,,2,,4,2,,2,1,,1,,3,,,,,,,,1,,3,2,,,,,,,,,,,,,,,,,,,,,,,,
449,HREC,4,4,2,4,1,2,,,,,,,,,1,,,,,,,,,,,,,,,,,,,,,,1,,,,1,,,,,,,,,,,,,,,
450,HREC,4,3,1,2,2,4,1,,,,,,,,,,,,1,,,,,,,,,,,,,,,,,,,,,,,,,,,,,,,,,,,,,
451,HREC,4,3,1,1,1,1,,4,1,2,4,2,3,2,,2,2,,,,,3,,,,,,,2,2,1,2,,,,,,,,,,,,,,1,,,,,,,,,,
452,HREC,4,3,1,0.5,2,1,,4,1,,4,,2,2,,2,2,,,,,3,,,,,,,,,,,,,,,,,,,,,,,,,,,,,,,,,,
453,HREC,4,3,1,0.25,1,1,,3,1,,3,,2,2,,1,1,,,,,3,,,,,,,,,,,,,,,,,,,,,,,,,,,,,,,,,,
454,HREC,4,3,2,0.25,1,2,,3,1,,4,,2,2,,,2,,,,,2,,,,,,,,,,,,,,,,,,,,,,,,,,,,,,,,,,
455,HREC,4,3,2,0.5,2,2,,3,,,4,3,3,,,,,,,,,3,,,,,,,1,1,,2,,,,,,,,,,,,,,1,,,,,,,,,,
456,HREC,4,3,3,0.25,1,1,,3,,,3,,2,,,,,,,,,2,,,,,,,1,,,,,,,,,,,,,,,,,1,,,,,,,,,,
457,HREC,4,3,4,0.25,1,2,,4,,,3,3,2,,,,,,,,,3,,,,,,,,1,,,,,,,,,,,,,,,,1,,,,,,,,,,
458,HREC,4,3,2,1,2,1,,4,,2,3,,3,2,,2,2,,,1,,2,,,,,,,1,2,2,1,,,,,,,,,,,,,,,,,,,,,,,,
459,HREC,4,3,4,0.5,1,1,,4,,,3,,3,2,,2,2,,,,,2,,,,,,,1,,1,1,,,,,,,,,,,,,,,,,,,,,,,,
460,HREC,4,3,5,0.25,2,1,,3,,,2,,3,,,2,2,,,,,2,,,,,,,1,,,,,,,,,,,,,,,,,,,,,,,,,,,
461,HREC,4,3,6,0.25,1,2,,3,,,3,,3,1,,1,1,,,,,2,,,,,,,,,,1,,,,,,,,,,,,,,,,,,,,,,,,
462,HREC,4,3,3,0.5,1,2,,4,,2,3,,2,2,,1,2,,,2,,2,,,,,,,,2,1,,,,,,,,,,,,,,,,,,,,,,,,,
463,HREC,4,3,7,0.25,2,1,,4,,,3,,1,,,1,2,,,,,2,,,,,,,,,1,,,,,,,,,,,,,,,,,,,,,,,,,
464,HREC,4,3,8,0.25,2,2,,4,,1,3,,3,2,,,,,,,,,,,,,,,,1,,,,,,,,,,,,,,,,,,,,,,,,,,
465,HREC,4,2,1,2,1,2,,,,,,1,,,,,,,,,,,,,,,,,,,,,,,,,,,,,,,,,,,,,,,,,,,,
466,HREC,4,2,1,1,1,4,2,3,2,,4,,4,2,,2,1,,,,,3,,,,,,,,2,3,1,,,,,1,,,,,,,,,1,,,,,,,,,,
467,HREC,4,2,1,0.5,1,1,2,3,2,,4,,3,1,,2,1,,,,,3,,,,,,,,2,4,,,,,,1,,,,,,,,,,,,,,,,,,,
468,HREC,4,2,1,0.25,1,2,1,2,1,,2,,,1,,,,,,,,3,,,,,,,,1,2,,,,,,,,,,,,,,,,,,,,,,,,,
469,HREC,4,2,2,0.25,2,2,,2,2,,3,,2,,,1,,,,,,3,,,,,,,,1,3,,,,,,,,,,,,,,,,,,,,,,,,,
470,HREC,4,2,2,0.5,2,1,,3,1,,3,,4,1,,2,1,,,,,3,,,,,,,,2,2,1,,,,,,,,,,,,,,1,,,,,,,,,,
471,HREC,4,2,3,0.25,1,1,,3,,,3,,4,1,,1,,,,,,2,,,,,,,,,2,1,,,,,,,,,,,,,,,,,,,,,,,,
472,HREC,4,2,4,0.25,1,2,,2,,,3,,3,,,1,,,,,,3,,,,,,,,2,1,,,,,,,,,,,,,,,,,,,,,,,,,
473,HREC,4,2,2,1,2,4,,4,2,2,4,,3,,,2,3,1,,,2,3,,,,,,,,2,,,,,,,,,,,,,,,,1,,,2,,,,,2,,
474,HREC,4,2,4,0.5,2,1,,3,,2,4,,3,,,1,,,,,3,2,,,,,,,,1,,,,,,,,,,,,,,,,,,,,,,,,3,,
475,HREC,4,2,5,0.25,1,1,,3,,,3,,3,,,1,,,,,,2,,,,,,,,,,,,,,,,,,,,,,,,,,,,,,,,,,
476,HREC,4,2,6,0.25,1,2,,3,,,4,,2,,,1,,,,,,3,,,,,,,,1,,,,,,,,,,,,,,,,,,,,,,,,,,
477,HREC,4,2,3,0.5,2,2,,3,2,,3,,3,,,2,2,1,,,,3,,,,,,,,2,,,,,,,,,,,,,,,,1,,,2,,,,,,,
478,HREC,4,2,7,0.25,2,2,,3,1,,3,,2,,,,1,1,,,,3,,,,,,,,,,,,,,,,,,,,,,,,1,,,3,,,,,,,
479,HREC,4,2,8,0.25,2,1,,3,,,3,,3,,,2,2,,,,,2,,,,,,,,1,,,,,,,,,,,,,,,,,,,,,,,,,,
480,HREC,4,2,1,4,1,1,,,,,,,,,,,,,,1,,,,,,,,,,,,,,,,,,,,,,,,,,,1,,,,,,,,,
481,HREC,4,1,1,2,2,1,,,,,,1,,,,,,,1,,,,,,,,,,,,,,,,,,,,,,,,,,,,,,,,,,,,,
482,HREC,4,1,1,1,2,1,,4,2,2,3,,4,2,,2,2,2,,,3,2,,,,,,,,2,1,2,,,,,,,,,,,,1,,1,,,,,,3,,,,
483,HREC,4,1,1,0.5,1,1,,4,2,2,3,,,2,,1,2,1,,,,,,,,,,,,2,1,2,,,,,,,,,,,,,,1,,,,,,,,,,
484,HREC,4,1,1,0.25,1,1,,4,2,2,2,,,,,,2,,,,,,,,,,,,,1,1,,,,,,,,,,,,,,,,,,,,,,,,,
485,HREC,4,1,2,0.25,2,2,,4,1,,2,,3,2,,,2,1,,,,,,,,,,,,,,1,,,,,,,,,,,,,,1,,,,,,,,,,
486,HREC,4,1,2,0.5,2,1,,3,,2,3,,4,,,2,2,,,,,2,,,,,,,1,,,,,,,,,,,,,,,,,1,,,,,,,,,,
487,HREC,4,1,3,0.25,1,2,,3,,2,2,,4,,,,,,,,,1,,,,,,,,,,,,,,,,,,,,,,,,1,,,,,,,,,,
488,HREC,4,1,4,0.25,2,1,,3,,,3,,4,,,2,2,,,,,2,,,,,,,1,,,,,,,,,,,,,,,,,,,,,,,,,,,
489,HREC,4,1,2,1,2,2,,4,2,,3,,3,2,,2,2,,,,,1,,,,,,,1,1,3,1,,,,,,,,,,,,,,1,,,,,,,,,,
490,HREC,4,1,4,0.5,1,1,,4,2,,3,,3,1,,,2,,,,,1,,,,,,,1,1,3,,,,,,,,,,,,,,,1,,,,,,,,,,
491,HREC,4,1,5,0.25,2,1,,3,2,,3,,2,,,,,,,,,1,,,,,,,1,,,,,,,,,,,,,,,,,1,,,,,,,,,,
492,HREC,4,1,6,0.25,2,2,,3,,,2,,3,1,,,1,,,,,,,,,,,,,,2,,,,,,,,,,,,,,,,,,,,,,,,,
493,HREC,4,1,3,0.5,2,1,,3,1,,2,,3,2,,,1,,,,,,,,,,,,,1,2,,,,,,,,,,,,,,,1,,,,,,,,,,
494,HREC,4,1,7,0.25,1,2,,2,1,,2,,3,,,,1,,,,,,,,,,,,,,3,,,,,,,,,,,,,,,,,,,,,,,,,
495,HREC,4,1,8,0.25,2,1,,3,,,2,,4,1,,,,,,,,,,,,,,,,,,,,,,,,,,,,,,,,1,,,,,,,,,,
